"Sector","Count","ConflictType","Scenario","Runway","Run"
"ACC_ZAGREB",2,"Crossing Both Cruising","Current","1","1"
"ACC_ZAGREB",1,"Crossing Both Cruising","Current","1","2"
"ACC_ZAGREB",1,"Crossing Both Cruising","Current","1","3"
"ACC_ZAGREB",1,"Crossing Both Cruising","Current","1","4"
"ACC_ZAGREB",1,"Crossing Both Cruising","Current","2","4"
"ACC_ZAGREB",2,"Crossing Both Cruising","Current","2","5"
"ACC_ZAGREB",1,"Crossing Both Cruising","PBN","1","2"
"ACC_ZAGREB",1,"Crossing Both Cruising","PBN","1","3"
"ACC_ZAGREB",1,"Crossing Both Cruising","PBN","1","5"
"ACC_ZAGREB",3,"Crossing Both In Vertical","Current","1","1"
"ACC_ZAGREB",2,"Crossing Both In Vertical","Current","1","2"
"ACC_ZAGREB",3,"Crossing Both In Vertical","Current","1","3"
"ACC_ZAGREB",3,"Crossing Both In Vertical","Current","1","4"
"ACC_ZAGREB",1,"Crossing Both In Vertical","Current","1","5"
"ACC_ZAGREB",1,"Crossing Both In Vertical","Current","2","1"
"ACC_ZAGREB",2,"Crossing Both In Vertical","Current","2","2"
"ACC_ZAGREB",3,"Crossing Both In Vertical","Current","2","3"
"ACC_ZAGREB",4,"Crossing Both In Vertical","Current","2","4"
"ACC_ZAGREB",2,"Crossing Both In Vertical","Current","2","5"
"ACC_ZAGREB",1,"Crossing Both In Vertical","PBN","1","1"
"ACC_ZAGREB",2,"Crossing Both In Vertical","PBN","1","2"
"ACC_ZAGREB",2,"Crossing Both In Vertical","PBN","1","3"
"ACC_ZAGREB",3,"Crossing Both In Vertical","PBN","1","4"
"ACC_ZAGREB",1,"Crossing Both In Vertical","PBN","1","5"
"ACC_ZAGREB",1,"Crossing Both In Vertical","PBN","2","1"
"ACC_ZAGREB",2,"Crossing Both In Vertical","PBN","2","2"
"ACC_ZAGREB",1,"Crossing Both In Vertical","PBN","2","4"
"ACC_ZAGREB",1,"Crossing Both In Vertical","PBN","2","5"
"ACC_ZAGREB",2,"Crossing One In Vertical","Current","1","1"
"ACC_ZAGREB",1,"Crossing One In Vertical","Current","1","2"
"ACC_ZAGREB",3,"Crossing One In Vertical","Current","1","3"
"ACC_ZAGREB",3,"Crossing One In Vertical","Current","1","4"
"ACC_ZAGREB",1,"Crossing One In Vertical","Current","1","5"
"ACC_ZAGREB",6,"Crossing One In Vertical","Current","2","1"
"ACC_ZAGREB",5,"Crossing One In Vertical","Current","2","2"
"ACC_ZAGREB",2,"Crossing One In Vertical","Current","2","3"
"ACC_ZAGREB",5,"Crossing One In Vertical","Current","2","4"
"ACC_ZAGREB",3,"Crossing One In Vertical","Current","2","5"
"ACC_ZAGREB",2,"Crossing One In Vertical","PBN","1","1"
"ACC_ZAGREB",2,"Crossing One In Vertical","PBN","1","2"
"ACC_ZAGREB",3,"Crossing One In Vertical","PBN","1","3"
"ACC_ZAGREB",4,"Crossing One In Vertical","PBN","1","4"
"ACC_ZAGREB",3,"Crossing One In Vertical","PBN","1","5"
"ACC_ZAGREB",1,"Crossing One In Vertical","PBN","2","1"
"ACC_ZAGREB",4,"Crossing One In Vertical","PBN","2","2"
"ACC_ZAGREB",2,"Crossing One In Vertical","PBN","2","3"
"ACC_ZAGREB",5,"Crossing One In Vertical","PBN","2","4"
"ACC_ZAGREB",2,"Crossing One In Vertical","PBN","2","5"
"ACC_ZAGREB",1,"Opposite Both Cruising","Current","1","2"
"ACC_ZAGREB",2,"Opposite Both Cruising","Current","2","3"
"ACC_ZAGREB",1,"Opposite Both Cruising","Current","2","5"
"ACC_ZAGREB",1,"Opposite Both Cruising","PBN","1","2"
"ACC_ZAGREB",3,"Opposite Both Cruising","PBN","1","5"
"ACC_ZAGREB",1,"Opposite Both Cruising","PBN","2","1"
"ACC_ZAGREB",14,"Opposite Both In Vertical","Current","1","1"
"ACC_ZAGREB",11,"Opposite Both In Vertical","Current","1","2"
"ACC_ZAGREB",6,"Opposite Both In Vertical","Current","1","3"
"ACC_ZAGREB",8,"Opposite Both In Vertical","Current","1","4"
"ACC_ZAGREB",7,"Opposite Both In Vertical","Current","1","5"
"ACC_ZAGREB",32,"Opposite Both In Vertical","Current","2","1"
"ACC_ZAGREB",28,"Opposite Both In Vertical","Current","2","2"
"ACC_ZAGREB",32,"Opposite Both In Vertical","Current","2","3"
"ACC_ZAGREB",30,"Opposite Both In Vertical","Current","2","4"
"ACC_ZAGREB",29,"Opposite Both In Vertical","Current","2","5"
"ACC_ZAGREB",8,"Opposite Both In Vertical","PBN","1","1"
"ACC_ZAGREB",9,"Opposite Both In Vertical","PBN","1","2"
"ACC_ZAGREB",5,"Opposite Both In Vertical","PBN","1","3"
"ACC_ZAGREB",11,"Opposite Both In Vertical","PBN","1","4"
"ACC_ZAGREB",13,"Opposite Both In Vertical","PBN","1","5"
"ACC_ZAGREB",15,"Opposite Both In Vertical","PBN","2","1"
"ACC_ZAGREB",18,"Opposite Both In Vertical","PBN","2","2"
"ACC_ZAGREB",14,"Opposite Both In Vertical","PBN","2","3"
"ACC_ZAGREB",11,"Opposite Both In Vertical","PBN","2","4"
"ACC_ZAGREB",17,"Opposite Both In Vertical","PBN","2","5"
"ACC_ZAGREB",13,"Opposite One In Vertical","Current","1","1"
"ACC_ZAGREB",13,"Opposite One In Vertical","Current","1","2"
"ACC_ZAGREB",12,"Opposite One In Vertical","Current","1","3"
"ACC_ZAGREB",12,"Opposite One In Vertical","Current","1","4"
"ACC_ZAGREB",10,"Opposite One In Vertical","Current","1","5"
"ACC_ZAGREB",13,"Opposite One In Vertical","Current","2","1"
"ACC_ZAGREB",15,"Opposite One In Vertical","Current","2","2"
"ACC_ZAGREB",13,"Opposite One In Vertical","Current","2","3"
"ACC_ZAGREB",8,"Opposite One In Vertical","Current","2","4"
"ACC_ZAGREB",12,"Opposite One In Vertical","Current","2","5"
"ACC_ZAGREB",17,"Opposite One In Vertical","PBN","1","1"
"ACC_ZAGREB",18,"Opposite One In Vertical","PBN","1","2"
"ACC_ZAGREB",8,"Opposite One In Vertical","PBN","1","3"
"ACC_ZAGREB",5,"Opposite One In Vertical","PBN","1","4"
"ACC_ZAGREB",9,"Opposite One In Vertical","PBN","1","5"
"ACC_ZAGREB",9,"Opposite One In Vertical","PBN","2","1"
"ACC_ZAGREB",9,"Opposite One In Vertical","PBN","2","2"
"ACC_ZAGREB",19,"Opposite One In Vertical","PBN","2","3"
"ACC_ZAGREB",6,"Opposite One In Vertical","PBN","2","4"
"ACC_ZAGREB",15,"Opposite One In Vertical","PBN","2","5"
"ACC_ZAGREB",3,"Same Track Both Cruising","Current","1","1"
"ACC_ZAGREB",1,"Same Track Both Cruising","Current","1","2"
"ACC_ZAGREB",1,"Same Track Both Cruising","Current","1","3"
"ACC_ZAGREB",1,"Same Track Both Cruising","Current","1","4"
"ACC_ZAGREB",1,"Same Track Both Cruising","Current","1","5"
"ACC_ZAGREB",3,"Same Track Both Cruising","Current","2","1"
"ACC_ZAGREB",3,"Same Track Both Cruising","Current","2","3"
"ACC_ZAGREB",1,"Same Track Both Cruising","Current","2","5"
"ACC_ZAGREB",2,"Same Track Both Cruising","PBN","1","2"
"ACC_ZAGREB",1,"Same Track Both Cruising","PBN","1","3"
"ACC_ZAGREB",1,"Same Track Both Cruising","PBN","1","4"
"ACC_ZAGREB",3,"Same Track Both Cruising","PBN","1","5"
"ACC_ZAGREB",1,"Same Track Both Cruising","PBN","2","1"
"ACC_ZAGREB",1,"Same Track Both Cruising","PBN","2","2"
"ACC_ZAGREB",1,"Same Track Both Cruising","PBN","2","3"
"ACC_ZAGREB",1,"Same Track Both Cruising","PBN","2","4"
"ACC_ZAGREB",1,"Same Track Both In Vertical","Current","1","1"
"ACC_ZAGREB",1,"Same Track Both In Vertical","Current","1","2"
"ACC_ZAGREB",3,"Same Track Both In Vertical","Current","1","3"
"ACC_ZAGREB",2,"Same Track Both In Vertical","Current","1","4"
"ACC_ZAGREB",1,"Same Track Both In Vertical","Current","2","1"
"ACC_ZAGREB",1,"Same Track Both In Vertical","Current","2","2"
"ACC_ZAGREB",2,"Same Track Both In Vertical","Current","2","3"
"ACC_ZAGREB",1,"Same Track Both In Vertical","PBN","1","1"
"ACC_ZAGREB",2,"Same Track Both In Vertical","PBN","1","3"
"ACC_ZAGREB",2,"Same Track Both In Vertical","PBN","2","1"
"ACC_ZAGREB",2,"Same Track Both In Vertical","PBN","2","2"
"ACC_ZAGREB",1,"Same Track Both In Vertical","PBN","2","4"
"ACC_ZAGREB",1,"Same Track One In Vertical","Current","1","1"
"ACC_ZAGREB",2,"Same Track One In Vertical","Current","1","2"
"ACC_ZAGREB",8,"Same Track One In Vertical","Current","1","3"
"ACC_ZAGREB",8,"Same Track One In Vertical","Current","1","4"
"ACC_ZAGREB",4,"Same Track One In Vertical","Current","1","5"
"ACC_ZAGREB",6,"Same Track One In Vertical","Current","2","1"
"ACC_ZAGREB",5,"Same Track One In Vertical","Current","2","2"
"ACC_ZAGREB",2,"Same Track One In Vertical","Current","2","3"
"ACC_ZAGREB",11,"Same Track One In Vertical","Current","2","4"
"ACC_ZAGREB",5,"Same Track One In Vertical","Current","2","5"
"ACC_ZAGREB",8,"Same Track One In Vertical","PBN","1","1"
"ACC_ZAGREB",5,"Same Track One In Vertical","PBN","1","2"
"ACC_ZAGREB",3,"Same Track One In Vertical","PBN","1","3"
"ACC_ZAGREB",2,"Same Track One In Vertical","PBN","1","4"
"ACC_ZAGREB",3,"Same Track One In Vertical","PBN","1","5"
"ACC_ZAGREB",10,"Same Track One In Vertical","PBN","2","1"
"ACC_ZAGREB",5,"Same Track One In Vertical","PBN","2","2"
"ACC_ZAGREB",2,"Same Track One In Vertical","PBN","2","3"
"ACC_ZAGREB",4,"Same Track One In Vertical","PBN","2","4"
"ACC_ZAGREB",5,"Same Track One In Vertical","PBN","2","5"
"CTR_BRAC",2,"Crossing Both In Vertical","Current","1","1"
"CTR_BRAC",1,"Crossing Both In Vertical","Current","1","2"
"CTR_BRAC",1,"Crossing Both In Vertical","Current","1","5"
"CTR_BRAC",1,"Crossing Both In Vertical","Current","2","2"
"CTR_BRAC",1,"Crossing Both In Vertical","Current","2","4"
"CTR_BRAC",2,"Crossing Both In Vertical","Current","2","5"
"CTR_BRAC",1,"Crossing Both In Vertical","PBN","1","2"
"CTR_BRAC",1,"Crossing Both In Vertical","PBN","1","4"
"CTR_BRAC",1,"Crossing Both In Vertical","PBN","1","5"
"CTR_BRAC",1,"Crossing Both In Vertical","PBN","2","1"
"CTR_BRAC",1,"Crossing Both In Vertical","PBN","2","2"
"CTR_BRAC",1,"Crossing Both In Vertical","PBN","2","3"
"CTR_BRAC",1,"Crossing Both In Vertical","PBN","2","4"
"CTR_BRAC",1,"Crossing Both In Vertical","PBN","2","5"
"CTR_BRAC",4,"Crossing One In Vertical","Current","1","3"
"CTR_BRAC",1,"Crossing One In Vertical","Current","1","4"
"CTR_BRAC",1,"Crossing One In Vertical","Current","2","4"
"CTR_BRAC",1,"Crossing One In Vertical","Current","2","5"
"CTR_BRAC",2,"Crossing One In Vertical","PBN","1","2"
"CTR_BRAC",1,"Crossing One In Vertical","PBN","1","3"
"CTR_BRAC",1,"Crossing One In Vertical","PBN","1","4"
"CTR_BRAC",1,"Crossing One In Vertical","PBN","2","1"
"CTR_BRAC",1,"Crossing One In Vertical","PBN","2","2"
"CTR_BRAC",1,"Crossing One In Vertical","PBN","2","3"
"CTR_BRAC",1,"Crossing One In Vertical","PBN","2","4"
"CTR_BRAC",1,"Crossing One In Vertical","PBN","2","5"
"CTR_BRAC",2,"Opposite One In Vertical","PBN","1","5"
"CTR_BRAC",1,"Same Track One In Vertical","Current","1","3"
"CTR_BRAC",1,"Same Track One In Vertical","Current","1","5"
"CTR_BRAC",1,"Same Track One In Vertical","PBN","2","3"
"CTR_DUBROVNIK",2,"Crossing Both Cruising","PBN","1","2"
"CTR_DUBROVNIK",2,"Crossing Both In Vertical","Current","1","1"
"CTR_DUBROVNIK",1,"Crossing Both In Vertical","Current","1","2"
"CTR_DUBROVNIK",2,"Crossing Both In Vertical","Current","1","3"
"CTR_DUBROVNIK",1,"Crossing Both In Vertical","Current","2","1"
"CTR_DUBROVNIK",1,"Crossing Both In Vertical","Current","2","2"
"CTR_DUBROVNIK",1,"Crossing Both In Vertical","Current","2","3"
"CTR_DUBROVNIK",1,"Crossing Both In Vertical","PBN","1","1"
"CTR_DUBROVNIK",1,"Crossing Both In Vertical","PBN","1","5"
"CTR_DUBROVNIK",5,"Crossing One In Vertical","Current","1","1"
"CTR_DUBROVNIK",4,"Crossing One In Vertical","Current","1","2"
"CTR_DUBROVNIK",9,"Crossing One In Vertical","Current","1","3"
"CTR_DUBROVNIK",3,"Crossing One In Vertical","Current","1","4"
"CTR_DUBROVNIK",8,"Crossing One In Vertical","Current","1","5"
"CTR_DUBROVNIK",4,"Crossing One In Vertical","Current","2","1"
"CTR_DUBROVNIK",2,"Crossing One In Vertical","Current","2","2"
"CTR_DUBROVNIK",7,"Crossing One In Vertical","Current","2","3"
"CTR_DUBROVNIK",5,"Crossing One In Vertical","Current","2","4"
"CTR_DUBROVNIK",3,"Crossing One In Vertical","Current","2","5"
"CTR_DUBROVNIK",5,"Crossing One In Vertical","PBN","1","1"
"CTR_DUBROVNIK",8,"Crossing One In Vertical","PBN","1","2"
"CTR_DUBROVNIK",1,"Crossing One In Vertical","PBN","1","3"
"CTR_DUBROVNIK",7,"Crossing One In Vertical","PBN","1","4"
"CTR_DUBROVNIK",12,"Crossing One In Vertical","PBN","1","5"
"CTR_DUBROVNIK",3,"Crossing One In Vertical","PBN","2","1"
"CTR_DUBROVNIK",1,"Crossing One In Vertical","PBN","2","2"
"CTR_DUBROVNIK",2,"Crossing One In Vertical","PBN","2","3"
"CTR_DUBROVNIK",2,"Crossing One In Vertical","PBN","2","4"
"CTR_DUBROVNIK",1,"Opposite Both Cruising","Current","1","3"
"CTR_DUBROVNIK",1,"Opposite Both Cruising","Current","1","4"
"CTR_DUBROVNIK",1,"Opposite Both Cruising","Current","1","5"
"CTR_DUBROVNIK",1,"Opposite Both Cruising","Current","2","1"
"CTR_DUBROVNIK",1,"Opposite Both Cruising","PBN","1","5"
"CTR_DUBROVNIK",1,"Opposite Both Cruising","PBN","2","5"
"CTR_DUBROVNIK",1,"Opposite Both In Vertical","Current","1","3"
"CTR_DUBROVNIK",1,"Opposite Both In Vertical","Current","2","2"
"CTR_DUBROVNIK",1,"Opposite Both In Vertical","Current","2","4"
"CTR_DUBROVNIK",2,"Opposite Both In Vertical","PBN","2","2"
"CTR_DUBROVNIK",13,"Opposite One In Vertical","Current","1","1"
"CTR_DUBROVNIK",16,"Opposite One In Vertical","Current","1","2"
"CTR_DUBROVNIK",15,"Opposite One In Vertical","Current","1","3"
"CTR_DUBROVNIK",13,"Opposite One In Vertical","Current","1","4"
"CTR_DUBROVNIK",8,"Opposite One In Vertical","Current","1","5"
"CTR_DUBROVNIK",12,"Opposite One In Vertical","Current","2","1"
"CTR_DUBROVNIK",12,"Opposite One In Vertical","Current","2","2"
"CTR_DUBROVNIK",14,"Opposite One In Vertical","Current","2","3"
"CTR_DUBROVNIK",14,"Opposite One In Vertical","Current","2","4"
"CTR_DUBROVNIK",14,"Opposite One In Vertical","Current","2","5"
"CTR_DUBROVNIK",11,"Opposite One In Vertical","PBN","1","1"
"CTR_DUBROVNIK",16,"Opposite One In Vertical","PBN","1","2"
"CTR_DUBROVNIK",11,"Opposite One In Vertical","PBN","1","3"
"CTR_DUBROVNIK",18,"Opposite One In Vertical","PBN","1","4"
"CTR_DUBROVNIK",16,"Opposite One In Vertical","PBN","1","5"
"CTR_DUBROVNIK",4,"Opposite One In Vertical","PBN","2","1"
"CTR_DUBROVNIK",12,"Opposite One In Vertical","PBN","2","2"
"CTR_DUBROVNIK",8,"Opposite One In Vertical","PBN","2","3"
"CTR_DUBROVNIK",5,"Opposite One In Vertical","PBN","2","4"
"CTR_DUBROVNIK",11,"Opposite One In Vertical","PBN","2","5"
"CTR_DUBROVNIK",1,"Same Track Both Cruising","Current","1","1"
"CTR_DUBROVNIK",2,"Same Track Both Cruising","Current","1","2"
"CTR_DUBROVNIK",2,"Same Track Both Cruising","Current","1","5"
"CTR_DUBROVNIK",1,"Same Track Both Cruising","PBN","1","1"
"CTR_DUBROVNIK",2,"Same Track Both In Vertical","Current","1","1"
"CTR_DUBROVNIK",1,"Same Track Both In Vertical","Current","1","5"
"CTR_DUBROVNIK",1,"Same Track Both In Vertical","PBN","1","2"
"CTR_DUBROVNIK",8,"Same Track One In Vertical","Current","1","1"
"CTR_DUBROVNIK",10,"Same Track One In Vertical","Current","1","2"
"CTR_DUBROVNIK",9,"Same Track One In Vertical","Current","1","3"
"CTR_DUBROVNIK",12,"Same Track One In Vertical","Current","1","4"
"CTR_DUBROVNIK",6,"Same Track One In Vertical","Current","1","5"
"CTR_DUBROVNIK",4,"Same Track One In Vertical","Current","2","1"
"CTR_DUBROVNIK",4,"Same Track One In Vertical","Current","2","2"
"CTR_DUBROVNIK",3,"Same Track One In Vertical","Current","2","3"
"CTR_DUBROVNIK",5,"Same Track One In Vertical","Current","2","4"
"CTR_DUBROVNIK",2,"Same Track One In Vertical","Current","2","5"
"CTR_DUBROVNIK",3,"Same Track One In Vertical","PBN","1","1"
"CTR_DUBROVNIK",3,"Same Track One In Vertical","PBN","1","2"
"CTR_DUBROVNIK",5,"Same Track One In Vertical","PBN","1","3"
"CTR_DUBROVNIK",9,"Same Track One In Vertical","PBN","1","4"
"CTR_DUBROVNIK",10,"Same Track One In Vertical","PBN","1","5"
"CTR_DUBROVNIK",4,"Same Track One In Vertical","PBN","2","1"
"CTR_DUBROVNIK",3,"Same Track One In Vertical","PBN","2","2"
"CTR_DUBROVNIK",1,"Same Track One In Vertical","PBN","2","3"
"CTR_DUBROVNIK",1,"Same Track One In Vertical","PBN","2","4"
"CTR_DUBROVNIK",4,"Same Track One In Vertical","PBN","2","5"
"CTR_LOSINJ",2,"Crossing One In Vertical","Current","1","1"
"CTR_LOSINJ",1,"Crossing One In Vertical","Current","1","4"
"CTR_LOSINJ",1,"Crossing One In Vertical","Current","1","5"
"CTR_LOSINJ",1,"Crossing One In Vertical","Current","2","5"
"CTR_LOSINJ",1,"Crossing One In Vertical","PBN","1","5"
"CTR_LOSINJ",1,"Crossing One In Vertical","PBN","2","3"
"CTR_LOSINJ",2,"Crossing One In Vertical","PBN","2","4"
"CTR_LOSINJ",1,"Opposite One In Vertical","Current","1","1"
"CTR_LOSINJ",1,"Opposite One In Vertical","Current","1","2"
"CTR_LOSINJ",1,"Opposite One In Vertical","Current","1","4"
"CTR_LOSINJ",1,"Opposite One In Vertical","Current","2","2"
"CTR_LOSINJ",2,"Opposite One In Vertical","PBN","2","1"
"CTR_LOSINJ",1,"Opposite One In Vertical","PBN","2","4"
"CTR_PULA",2,"Crossing Both In Vertical","Current","1","4"
"CTR_PULA",1,"Crossing Both In Vertical","Current","1","5"
"CTR_PULA",2,"Crossing Both In Vertical","Current","2","1"
"CTR_PULA",1,"Crossing Both In Vertical","Current","2","3"
"CTR_PULA",1,"Crossing Both In Vertical","Current","2","4"
"CTR_PULA",2,"Crossing Both In Vertical","Current","2","5"
"CTR_PULA",1,"Crossing Both In Vertical","PBN","1","3"
"CTR_PULA",2,"Crossing Both In Vertical","PBN","2","1"
"CTR_PULA",17,"Crossing One In Vertical","Current","1","1"
"CTR_PULA",9,"Crossing One In Vertical","Current","1","2"
"CTR_PULA",12,"Crossing One In Vertical","Current","1","3"
"CTR_PULA",14,"Crossing One In Vertical","Current","1","4"
"CTR_PULA",5,"Crossing One In Vertical","Current","1","5"
"CTR_PULA",5,"Crossing One In Vertical","Current","2","1"
"CTR_PULA",3,"Crossing One In Vertical","Current","2","2"
"CTR_PULA",8,"Crossing One In Vertical","Current","2","3"
"CTR_PULA",3,"Crossing One In Vertical","Current","2","4"
"CTR_PULA",1,"Crossing One In Vertical","Current","2","5"
"CTR_PULA",16,"Crossing One In Vertical","PBN","1","1"
"CTR_PULA",21,"Crossing One In Vertical","PBN","1","2"
"CTR_PULA",10,"Crossing One In Vertical","PBN","1","3"
"CTR_PULA",11,"Crossing One In Vertical","PBN","1","4"
"CTR_PULA",13,"Crossing One In Vertical","PBN","1","5"
"CTR_PULA",8,"Crossing One In Vertical","PBN","2","1"
"CTR_PULA",4,"Crossing One In Vertical","PBN","2","2"
"CTR_PULA",5,"Crossing One In Vertical","PBN","2","3"
"CTR_PULA",7,"Crossing One In Vertical","PBN","2","4"
"CTR_PULA",4,"Crossing One In Vertical","PBN","2","5"
"CTR_PULA",3,"Opposite Both In Vertical","Current","1","1"
"CTR_PULA",1,"Opposite Both In Vertical","Current","1","2"
"CTR_PULA",1,"Opposite Both In Vertical","Current","1","3"
"CTR_PULA",6,"Opposite Both In Vertical","Current","1","4"
"CTR_PULA",4,"Opposite Both In Vertical","Current","1","5"
"CTR_PULA",1,"Opposite Both In Vertical","PBN","1","1"
"CTR_PULA",2,"Opposite Both In Vertical","PBN","1","3"
"CTR_PULA",1,"Opposite Both In Vertical","PBN","1","4"
"CTR_PULA",1,"Opposite Both In Vertical","PBN","1","5"
"CTR_PULA",7,"Opposite One In Vertical","Current","1","1"
"CTR_PULA",5,"Opposite One In Vertical","Current","1","2"
"CTR_PULA",7,"Opposite One In Vertical","Current","1","3"
"CTR_PULA",8,"Opposite One In Vertical","Current","1","4"
"CTR_PULA",9,"Opposite One In Vertical","Current","1","5"
"CTR_PULA",8,"Opposite One In Vertical","PBN","1","1"
"CTR_PULA",5,"Opposite One In Vertical","PBN","1","2"
"CTR_PULA",3,"Opposite One In Vertical","PBN","1","3"
"CTR_PULA",5,"Opposite One In Vertical","PBN","1","4"
"CTR_PULA",1,"Opposite One In Vertical","PBN","1","5"
"CTR_PULA",2,"Same Track Both In Vertical","Current","1","2"
"CTR_PULA",3,"Same Track Both In Vertical","Current","1","4"
"CTR_PULA",1,"Same Track Both In Vertical","Current","1","5"
"CTR_PULA",2,"Same Track Both In Vertical","Current","2","1"
"CTR_PULA",1,"Same Track Both In Vertical","Current","2","3"
"CTR_PULA",2,"Same Track Both In Vertical","Current","2","4"
"CTR_PULA",3,"Same Track Both In Vertical","Current","2","5"
"CTR_PULA",1,"Same Track Both In Vertical","PBN","1","1"
"CTR_PULA",2,"Same Track Both In Vertical","PBN","1","2"
"CTR_PULA",1,"Same Track Both In Vertical","PBN","1","3"
"CTR_PULA",3,"Same Track Both In Vertical","PBN","1","4"
"CTR_PULA",1,"Same Track Both In Vertical","PBN","1","5"
"CTR_PULA",3,"Same Track Both In Vertical","PBN","2","1"
"CTR_PULA",1,"Same Track Both In Vertical","PBN","2","4"
"CTR_PULA",2,"Same Track Both In Vertical","PBN","2","5"
"CTR_PULA",1,"Same Track One In Vertical","Current","1","1"
"CTR_PULA",1,"Same Track One In Vertical","Current","1","2"
"CTR_PULA",3,"Same Track One In Vertical","Current","1","3"
"CTR_PULA",2,"Same Track One In Vertical","Current","1","4"
"CTR_PULA",1,"Same Track One In Vertical","Current","1","5"
"CTR_PULA",1,"Same Track One In Vertical","Current","2","2"
"CTR_PULA",1,"Same Track One In Vertical","PBN","1","1"
"CTR_RIJEKA",1,"Crossing Both In Vertical","Current","1","2"
"CTR_RIJEKA",1,"Crossing Both In Vertical","Current","2","3"
"CTR_RIJEKA",1,"Crossing Both In Vertical","PBN","1","4"
"CTR_RIJEKA",1,"Crossing Both In Vertical","PBN","2","1"
"CTR_RIJEKA",1,"Crossing One In Vertical","Current","1","2"
"CTR_RIJEKA",1,"Crossing One In Vertical","Current","1","3"
"CTR_RIJEKA",1,"Crossing One In Vertical","Current","2","4"
"CTR_RIJEKA",1,"Crossing One In Vertical","PBN","1","2"
"CTR_RIJEKA",1,"Crossing One In Vertical","PBN","1","3"
"CTR_RIJEKA",1,"Crossing One In Vertical","PBN","1","5"
"CTR_RIJEKA",1,"Opposite Both In Vertical","Current","2","2"
"CTR_RIJEKA",2,"Opposite One In Vertical","Current","1","1"
"CTR_RIJEKA",1,"Opposite One In Vertical","Current","1","2"
"CTR_RIJEKA",1,"Opposite One In Vertical","Current","1","3"
"CTR_RIJEKA",1,"Opposite One In Vertical","Current","1","4"
"CTR_RIJEKA",1,"Opposite One In Vertical","Current","1","5"
"CTR_RIJEKA",1,"Opposite One In Vertical","PBN","1","1"
"CTR_RIJEKA",1,"Opposite One In Vertical","PBN","1","3"
"CTR_RIJEKA",1,"Opposite One In Vertical","PBN","1","5"
"CTR_RIJEKA",1,"Opposite One In Vertical","PBN","2","3"
"CTR_RIJEKA",1,"Same Track Both In Vertical","Current","1","2"
"CTR_RIJEKA",1,"Same Track Both In Vertical","Current","1","5"
"CTR_RIJEKA",2,"Same Track Both In Vertical","Current","2","3"
"CTR_RIJEKA",1,"Same Track Both In Vertical","PBN","1","1"
"CTR_RIJEKA",1,"Same Track Both In Vertical","PBN","1","4"
"CTR_RIJEKA",1,"Same Track One In Vertical","Current","1","4"
"CTR_RIJEKA",1,"Same Track One In Vertical","PBN","1","3"
"CTR_RIJEKA",1,"Same Track One In Vertical","PBN","2","1"
"CTR_RIJEKA",1,"Same Track One In Vertical","PBN","2","3"
"CTR_SPLIT",1,"Crossing Both Cruising","Current","1","2"
"CTR_SPLIT",1,"Crossing Both Cruising","Current","1","5"
"CTR_SPLIT",2,"Crossing One In Vertical","Current","1","1"
"CTR_SPLIT",1,"Crossing One In Vertical","Current","1","2"
"CTR_SPLIT",1,"Crossing One In Vertical","Current","1","3"
"CTR_SPLIT",2,"Crossing One In Vertical","Current","1","5"
"CTR_SPLIT",3,"Crossing One In Vertical","Current","2","1"
"CTR_SPLIT",1,"Crossing One In Vertical","Current","2","2"
"CTR_SPLIT",3,"Crossing One In Vertical","Current","2","3"
"CTR_SPLIT",2,"Crossing One In Vertical","Current","2","4"
"CTR_SPLIT",3,"Crossing One In Vertical","Current","2","5"
"CTR_SPLIT",1,"Crossing One In Vertical","PBN","1","1"
"CTR_SPLIT",2,"Crossing One In Vertical","PBN","1","2"
"CTR_SPLIT",3,"Crossing One In Vertical","PBN","1","4"
"CTR_SPLIT",1,"Crossing One In Vertical","PBN","2","1"
"CTR_SPLIT",1,"Crossing One In Vertical","PBN","2","2"
"CTR_SPLIT",2,"Crossing One In Vertical","PBN","2","3"
"CTR_SPLIT",2,"Crossing One In Vertical","PBN","2","4"
"CTR_SPLIT",2,"Crossing One In Vertical","PBN","2","5"
"CTR_SPLIT",10,"Opposite One In Vertical","Current","2","1"
"CTR_SPLIT",6,"Opposite One In Vertical","Current","2","2"
"CTR_SPLIT",5,"Opposite One In Vertical","Current","2","3"
"CTR_SPLIT",6,"Opposite One In Vertical","Current","2","4"
"CTR_SPLIT",5,"Opposite One In Vertical","Current","2","5"
"CTR_SPLIT",6,"Opposite One In Vertical","PBN","2","1"
"CTR_SPLIT",5,"Opposite One In Vertical","PBN","2","2"
"CTR_SPLIT",4,"Opposite One In Vertical","PBN","2","3"
"CTR_SPLIT",3,"Opposite One In Vertical","PBN","2","4"
"CTR_SPLIT",4,"Opposite One In Vertical","PBN","2","5"
"CTR_SPLIT",1,"Same Track One In Vertical","Current","1","2"
"CTR_SPLIT",2,"Same Track One In Vertical","Current","2","1"
"CTR_SPLIT",2,"Same Track One In Vertical","Current","2","3"
"CTR_SPLIT",3,"Same Track One In Vertical","Current","2","4"
"CTR_SPLIT",2,"Same Track One In Vertical","Current","2","5"
"CTR_SPLIT",1,"Same Track One In Vertical","PBN","1","5"
"CTR_SPLIT",3,"Same Track One In Vertical","PBN","2","1"
"CTR_SPLIT",4,"Same Track One In Vertical","PBN","2","2"
"CTR_SPLIT",2,"Same Track One In Vertical","PBN","2","3"
"CTR_SPLIT",5,"Same Track One In Vertical","PBN","2","4"
"CTR_SPLIT",2,"Same Track One In Vertical","PBN","2","5"
"CTR_ZADAR",2,"Crossing Both In Vertical","Current","1","1"
"CTR_ZADAR",2,"Crossing Both In Vertical","Current","1","2"
"CTR_ZADAR",2,"Crossing Both In Vertical","Current","1","3"
"CTR_ZADAR",1,"Crossing Both In Vertical","Current","1","4"
"CTR_ZADAR",5,"Crossing Both In Vertical","Current","2","1"
"CTR_ZADAR",3,"Crossing Both In Vertical","Current","2","2"
"CTR_ZADAR",3,"Crossing Both In Vertical","Current","2","3"
"CTR_ZADAR",2,"Crossing Both In Vertical","Current","2","4"
"CTR_ZADAR",2,"Crossing Both In Vertical","PBN","1","1"
"CTR_ZADAR",1,"Crossing Both In Vertical","PBN","1","2"
"CTR_ZADAR",2,"Crossing Both In Vertical","PBN","1","3"
"CTR_ZADAR",1,"Crossing Both In Vertical","PBN","1","5"
"CTR_ZADAR",3,"Crossing Both In Vertical","PBN","2","1"
"CTR_ZADAR",4,"Crossing Both In Vertical","PBN","2","2"
"CTR_ZADAR",4,"Crossing Both In Vertical","PBN","2","3"
"CTR_ZADAR",4,"Crossing Both In Vertical","PBN","2","4"
"CTR_ZADAR",3,"Crossing Both In Vertical","PBN","2","5"
"CTR_ZADAR",1,"Crossing One In Vertical","Current","1","1"
"CTR_ZADAR",1,"Crossing One In Vertical","Current","1","2"
"CTR_ZADAR",3,"Crossing One In Vertical","Current","1","3"
"CTR_ZADAR",2,"Crossing One In Vertical","Current","1","4"
"CTR_ZADAR",2,"Crossing One In Vertical","Current","1","5"
"CTR_ZADAR",1,"Crossing One In Vertical","Current","2","1"
"CTR_ZADAR",2,"Crossing One In Vertical","Current","2","2"
"CTR_ZADAR",1,"Crossing One In Vertical","Current","2","3"
"CTR_ZADAR",1,"Crossing One In Vertical","Current","2","4"
"CTR_ZADAR",3,"Crossing One In Vertical","Current","2","5"
"CTR_ZADAR",1,"Crossing One In Vertical","PBN","1","1"
"CTR_ZADAR",2,"Crossing One In Vertical","PBN","1","2"
"CTR_ZADAR",2,"Crossing One In Vertical","PBN","1","3"
"CTR_ZADAR",2,"Crossing One In Vertical","PBN","1","4"
"CTR_ZADAR",2,"Crossing One In Vertical","PBN","1","5"
"CTR_ZADAR",3,"Crossing One In Vertical","PBN","2","1"
"CTR_ZADAR",1,"Crossing One In Vertical","PBN","2","2"
"CTR_ZADAR",2,"Crossing One In Vertical","PBN","2","3"
"CTR_ZADAR",2,"Crossing One In Vertical","PBN","2","4"
"CTR_ZADAR",2,"Crossing One In Vertical","PBN","2","5"
"CTR_ZADAR",1,"Opposite Both Cruising","Current","1","2"
"CTR_ZADAR",1,"Opposite Both In Vertical","Current","1","2"
"CTR_ZADAR",1,"Opposite Both In Vertical","Current","1","3"
"CTR_ZADAR",2,"Opposite Both In Vertical","Current","1","4"
"CTR_ZADAR",1,"Opposite Both In Vertical","Current","1","5"
"CTR_ZADAR",1,"Opposite Both In Vertical","Current","2","4"
"CTR_ZADAR",2,"Opposite Both In Vertical","Current","2","5"
"CTR_ZADAR",1,"Opposite Both In Vertical","PBN","1","3"
"CTR_ZADAR",2,"Opposite One In Vertical","Current","1","1"
"CTR_ZADAR",3,"Opposite One In Vertical","Current","1","2"
"CTR_ZADAR",2,"Opposite One In Vertical","Current","1","3"
"CTR_ZADAR",7,"Opposite One In Vertical","Current","1","4"
"CTR_ZADAR",1,"Opposite One In Vertical","Current","1","5"
"CTR_ZADAR",3,"Opposite One In Vertical","Current","2","1"
"CTR_ZADAR",1,"Opposite One In Vertical","Current","2","2"
"CTR_ZADAR",6,"Opposite One In Vertical","Current","2","3"
"CTR_ZADAR",2,"Opposite One In Vertical","Current","2","5"
"CTR_ZADAR",4,"Opposite One In Vertical","PBN","1","1"
"CTR_ZADAR",3,"Opposite One In Vertical","PBN","1","2"
"CTR_ZADAR",2,"Opposite One In Vertical","PBN","1","3"
"CTR_ZADAR",2,"Opposite One In Vertical","PBN","1","4"
"CTR_ZADAR",1,"Opposite One In Vertical","PBN","1","5"
"CTR_ZADAR",4,"Opposite One In Vertical","PBN","2","1"
"CTR_ZADAR",1,"Opposite One In Vertical","PBN","2","2"
"CTR_ZADAR",3,"Opposite One In Vertical","PBN","2","4"
"CTR_ZADAR",1,"Opposite One In Vertical","PBN","2","5"
"CTR_ZADAR",1,"Same Track Both In Vertical","Current","1","5"
"CTR_ZADAR",1,"Same Track Both In Vertical","Current","2","1"
"CTR_ZADAR",1,"Same Track Both In Vertical","Current","2","3"
"CTR_ZADAR",1,"Same Track Both In Vertical","PBN","1","2"
"CTR_ZADAR",1,"Same Track Both In Vertical","PBN","1","3"
"CTR_ZADAR",1,"Same Track Both In Vertical","PBN","2","4"
"CTR_ZADAR",3,"Same Track One In Vertical","Current","1","1"
"CTR_ZADAR",3,"Same Track One In Vertical","Current","1","2"
"CTR_ZADAR",1,"Same Track One In Vertical","Current","1","3"
"CTR_ZADAR",2,"Same Track One In Vertical","Current","1","4"
"CTR_ZADAR",4,"Same Track One In Vertical","Current","1","5"
"CTR_ZADAR",2,"Same Track One In Vertical","Current","2","1"
"CTR_ZADAR",1,"Same Track One In Vertical","Current","2","2"
"CTR_ZADAR",3,"Same Track One In Vertical","Current","2","3"
"CTR_ZADAR",3,"Same Track One In Vertical","Current","2","4"
"CTR_ZADAR",3,"Same Track One In Vertical","PBN","1","1"
"CTR_ZADAR",1,"Same Track One In Vertical","PBN","1","2"
"CTR_ZADAR",3,"Same Track One In Vertical","PBN","1","3"
"CTR_ZADAR",4,"Same Track One In Vertical","PBN","1","4"
"CTR_ZADAR",2,"Same Track One In Vertical","PBN","1","5"
"CTR_ZADAR",2,"Same Track One In Vertical","PBN","2","1"
"CTR_ZADAR",1,"Same Track One In Vertical","PBN","2","2"
"CTR_ZADAR",4,"Same Track One In Vertical","PBN","2","3"
"CTR_ZADAR",1,"Same Track One In Vertical","PBN","2","4"
"CTR_ZADAR",2,"Same Track One In Vertical","PBN","2","5"
"CTR_ZAGREB",1,"Crossing Both In Vertical","Current","1","2"
"CTR_ZAGREB",2,"Crossing Both In Vertical","Current","1","3"
"CTR_ZAGREB",2,"Crossing Both In Vertical","Current","1","4"
"CTR_ZAGREB",1,"Crossing Both In Vertical","PBN","1","1"
"CTR_ZAGREB",1,"Crossing Both In Vertical","PBN","1","3"
"CTR_ZAGREB",1,"Crossing Both In Vertical","PBN","1","4"
"CTR_ZAGREB",1,"Crossing Both In Vertical","PBN","2","3"
"CTR_ZAGREB",1,"Crossing Both In Vertical","PBN","2","5"
"CTR_ZAGREB",1,"Crossing One In Vertical","Current","1","2"
"CTR_ZAGREB",1,"Crossing One In Vertical","Current","1","3"
"CTR_ZAGREB",1,"Crossing One In Vertical","Current","1","4"
"CTR_ZAGREB",1,"Crossing One In Vertical","Current","1","5"
"CTR_ZAGREB",2,"Crossing One In Vertical","Current","2","4"
"CTR_ZAGREB",2,"Crossing One In Vertical","PBN","1","2"
"CTR_ZAGREB",3,"Crossing One In Vertical","PBN","2","4"
"CTR_ZAGREB",2,"Crossing One In Vertical","PBN","2","5"
"CTR_ZAGREB",1,"Opposite Both In Vertical","Current","1","1"
"CTR_ZAGREB",2,"Opposite Both In Vertical","Current","1","3"
"CTR_ZAGREB",1,"Opposite Both In Vertical","Current","1","4"
"CTR_ZAGREB",1,"Opposite Both In Vertical","Current","2","1"
"CTR_ZAGREB",1,"Opposite Both In Vertical","Current","2","4"
"CTR_ZAGREB",1,"Opposite Both In Vertical","PBN","1","1"
"CTR_ZAGREB",1,"Opposite Both In Vertical","PBN","1","2"
"CTR_ZAGREB",2,"Opposite Both In Vertical","PBN","1","4"
"CTR_ZAGREB",1,"Opposite Both In Vertical","PBN","2","3"
"CTR_ZAGREB",2,"Opposite One In Vertical","Current","1","1"
"CTR_ZAGREB",1,"Opposite One In Vertical","Current","1","2"
"CTR_ZAGREB",2,"Opposite One In Vertical","Current","1","4"
"CTR_ZAGREB",1,"Opposite One In Vertical","Current","1","5"
"CTR_ZAGREB",3,"Opposite One In Vertical","Current","2","1"
"CTR_ZAGREB",3,"Opposite One In Vertical","Current","2","2"
"CTR_ZAGREB",5,"Opposite One In Vertical","Current","2","4"
"CTR_ZAGREB",1,"Opposite One In Vertical","PBN","1","2"
"CTR_ZAGREB",1,"Opposite One In Vertical","PBN","1","3"
"CTR_ZAGREB",2,"Opposite One In Vertical","PBN","1","4"
"CTR_ZAGREB",1,"Opposite One In Vertical","PBN","1","5"
"CTR_ZAGREB",2,"Opposite One In Vertical","PBN","2","1"
"CTR_ZAGREB",2,"Opposite One In Vertical","PBN","2","2"
"CTR_ZAGREB",2,"Opposite One In Vertical","PBN","2","3"
"CTR_ZAGREB",3,"Opposite One In Vertical","PBN","2","4"
"CTR_ZAGREB",2,"Opposite One In Vertical","PBN","2","5"
"CTR_ZAGREB",7,"Same Track Both In Vertical","Current","1","1"
"CTR_ZAGREB",6,"Same Track Both In Vertical","Current","1","2"
"CTR_ZAGREB",5,"Same Track Both In Vertical","Current","1","3"
"CTR_ZAGREB",3,"Same Track Both In Vertical","Current","1","4"
"CTR_ZAGREB",6,"Same Track Both In Vertical","Current","1","5"
"CTR_ZAGREB",4,"Same Track Both In Vertical","Current","2","1"
"CTR_ZAGREB",9,"Same Track Both In Vertical","Current","2","2"
"CTR_ZAGREB",3,"Same Track Both In Vertical","Current","2","3"
"CTR_ZAGREB",2,"Same Track Both In Vertical","Current","2","4"
"CTR_ZAGREB",2,"Same Track Both In Vertical","Current","2","5"
"CTR_ZAGREB",2,"Same Track Both In Vertical","PBN","1","1"
"CTR_ZAGREB",6,"Same Track Both In Vertical","PBN","1","2"
"CTR_ZAGREB",4,"Same Track Both In Vertical","PBN","1","3"
"CTR_ZAGREB",8,"Same Track Both In Vertical","PBN","1","4"
"CTR_ZAGREB",9,"Same Track Both In Vertical","PBN","1","5"
"CTR_ZAGREB",5,"Same Track Both In Vertical","PBN","2","1"
"CTR_ZAGREB",6,"Same Track Both In Vertical","PBN","2","2"
"CTR_ZAGREB",5,"Same Track Both In Vertical","PBN","2","3"
"CTR_ZAGREB",7,"Same Track Both In Vertical","PBN","2","4"
"CTR_ZAGREB",10,"Same Track Both In Vertical","PBN","2","5"
"CTR_ZAGREB",1,"Same Track One In Vertical","Current","1","1"
"CTR_ZAGREB",1,"Same Track One In Vertical","Current","1","2"
"CTR_ZAGREB",1,"Same Track One In Vertical","Current","2","3"
"CTR_ZAGREB",4,"Same Track One In Vertical","Current","2","4"
"CTR_ZAGREB",1,"Same Track One In Vertical","PBN","1","3"
"CTR_ZAGREB",1,"Same Track One In Vertical","PBN","2","4"
"CTR_ZAGREB",2,"Same Track One In Vertical","PBN","2","5"
"LQBT_FIR",1,"Opposite Both In Vertical","PBN","1","1"
"LQSB_FIR",1,"Crossing Both Cruising","PBN","1","2"
"LQSB_FIR",1,"Crossing Both Cruising","PBN","2","2"
"LQSB_FIR",1,"Crossing Both Cruising","PBN","2","5"
"LQSB_FIR",1,"Opposite Both In Vertical","Current","1","2"
"LQSB_FIR",2,"Opposite Both In Vertical","Current","2","1"
"LQSB_FIR",1,"Opposite Both In Vertical","Current","2","2"
"LQSB_FIR",1,"Opposite Both In Vertical","Current","2","4"
"LQSB_FIR",1,"Opposite Both In Vertical","PBN","2","1"
"LQSB_FIR",2,"Opposite Both In Vertical","PBN","2","2"
"LQSB_FIR",1,"Opposite Both In Vertical","PBN","2","3"
"LQSB_FIR",1,"Opposite Both In Vertical","PBN","2","4"
"LQSB_FIR",1,"Opposite One In Vertical","Current","1","2"
"LQSB_FIR",1,"Opposite One In Vertical","Current","1","4"
"LQSB_FIR",1,"Opposite One In Vertical","Current","1","5"
"LQSB_FIR",1,"Opposite One In Vertical","Current","2","1"
"LQSB_FIR",1,"Opposite One In Vertical","Current","2","4"
"LQSB_FIR",1,"Opposite One In Vertical","PBN","2","3"
"LQSB_FIR",1,"Opposite One In Vertical","PBN","2","5"
"LQSB_FIR",2,"Same Track Both In Vertical","Current","1","3"
"LQSB_FIR",1,"Same Track One In Vertical","Current","2","2"
"OUTSIDE_FIR_E",1,"Crossing One In Vertical","Current","1","3"
"OUTSIDE_FIR_E",1,"Crossing One In Vertical","Current","1","4"
"OUTSIDE_FIR_E",1,"Crossing One In Vertical","Current","1","5"
"OUTSIDE_FIR_E",1,"Crossing One In Vertical","Current","2","1"
"OUTSIDE_FIR_E",2,"Crossing One In Vertical","PBN","1","1"
"OUTSIDE_FIR_E",2,"Crossing One In Vertical","PBN","1","4"
"OUTSIDE_FIR_E",1,"Crossing One In Vertical","PBN","1","5"
"OUTSIDE_FIR_E",1,"Crossing One In Vertical","PBN","2","5"
"OUTSIDE_FIR_E",1,"Opposite Both Cruising","Current","2","4"
"OUTSIDE_FIR_E",1,"Opposite Both Cruising","PBN","1","2"
"OUTSIDE_FIR_E",1,"Opposite Both Cruising","PBN","1","3"
"OUTSIDE_FIR_E",2,"Opposite Both In Vertical","Current","1","1"
"OUTSIDE_FIR_E",1,"Opposite Both In Vertical","Current","1","2"
"OUTSIDE_FIR_E",1,"Opposite Both In Vertical","Current","1","4"
"OUTSIDE_FIR_E",2,"Opposite Both In Vertical","Current","1","5"
"OUTSIDE_FIR_E",1,"Opposite Both In Vertical","Current","2","1"
"OUTSIDE_FIR_E",1,"Opposite Both In Vertical","Current","2","3"
"OUTSIDE_FIR_E",1,"Opposite Both In Vertical","Current","2","4"
"OUTSIDE_FIR_E",3,"Opposite Both In Vertical","PBN","1","1"
"OUTSIDE_FIR_E",1,"Opposite Both In Vertical","PBN","1","2"
"OUTSIDE_FIR_E",2,"Opposite Both In Vertical","PBN","1","3"
"OUTSIDE_FIR_E",1,"Opposite Both In Vertical","PBN","1","4"
"OUTSIDE_FIR_E",1,"Opposite Both In Vertical","PBN","1","5"
"OUTSIDE_FIR_E",2,"Opposite Both In Vertical","PBN","2","2"
"OUTSIDE_FIR_E",1,"Opposite One In Vertical","Current","1","2"
"OUTSIDE_FIR_E",1,"Opposite One In Vertical","Current","1","3"
"OUTSIDE_FIR_E",1,"Opposite One In Vertical","Current","1","4"
"OUTSIDE_FIR_E",1,"Opposite One In Vertical","PBN","1","3"
"OUTSIDE_FIR_E",2,"Opposite One In Vertical","PBN","1","4"
"OUTSIDE_FIR_E",1,"Opposite One In Vertical","PBN","2","1"
"OUTSIDE_FIR_E",1,"Opposite One In Vertical","PBN","2","2"
"OUTSIDE_FIR_E",2,"Opposite One In Vertical","PBN","2","4"
"OUTSIDE_FIR_E",1,"Opposite One In Vertical","PBN","2","5"
"OUTSIDE_FIR_E",1,"Same Track Both Cruising","Current","1","1"
"OUTSIDE_FIR_E",1,"Same Track Both Cruising","Current","1","4"
"OUTSIDE_FIR_E",1,"Same Track Both Cruising","Current","2","3"
"OUTSIDE_FIR_E",1,"Same Track Both Cruising","Current","2","5"
"OUTSIDE_FIR_E",1,"Same Track Both Cruising","PBN","1","4"
"OUTSIDE_FIR_E",1,"Same Track Both Cruising","PBN","2","1"
"OUTSIDE_FIR_E",1,"Same Track Both Cruising","PBN","2","5"
"OUTSIDE_FIR_E",1,"Same Track Both In Vertical","Current","1","2"
"OUTSIDE_FIR_E",1,"Same Track Both In Vertical","Current","1","5"
"OUTSIDE_FIR_E",2,"Same Track Both In Vertical","Current","2","2"
"OUTSIDE_FIR_E",1,"Same Track Both In Vertical","PBN","2","1"
"OUTSIDE_FIR_E",1,"Same Track One In Vertical","Current","1","3"
"OUTSIDE_FIR_E",1,"Same Track One In Vertical","Current","2","1"
"OUTSIDE_FIR_E",1,"Same Track One In Vertical","Current","2","2"
"OUTSIDE_FIR_E",1,"Same Track One In Vertical","Current","2","4"
"OUTSIDE_FIR_E",1,"Same Track One In Vertical","Current","2","5"
"OUTSIDE_FIR_E",1,"Same Track One In Vertical","PBN","1","3"
"OUTSIDE_FIR_E",1,"Same Track One In Vertical","PBN","2","4"
"OUTSIDE_FIR_N",1,"Crossing Both Cruising","Current","1","1"
"OUTSIDE_FIR_N",1,"Crossing Both Cruising","Current","1","2"
"OUTSIDE_FIR_N",1,"Crossing Both Cruising","Current","1","4"
"OUTSIDE_FIR_N",1,"Crossing Both Cruising","Current","1","5"
"OUTSIDE_FIR_N",1,"Crossing Both Cruising","Current","2","2"
"OUTSIDE_FIR_N",1,"Crossing Both Cruising","Current","2","3"
"OUTSIDE_FIR_N",1,"Crossing Both Cruising","Current","2","5"
"OUTSIDE_FIR_N",1,"Crossing Both Cruising","PBN","1","2"
"OUTSIDE_FIR_N",2,"Crossing Both Cruising","PBN","1","3"
"OUTSIDE_FIR_N",1,"Crossing Both Cruising","PBN","2","1"
"OUTSIDE_FIR_N",1,"Crossing Both Cruising","PBN","2","2"
"OUTSIDE_FIR_N",2,"Crossing Both Cruising","PBN","2","3"
"OUTSIDE_FIR_N",2,"Crossing Both Cruising","PBN","2","4"
"OUTSIDE_FIR_N",1,"Crossing Both Cruising","PBN","2","5"
"OUTSIDE_FIR_N",4,"Crossing Both In Vertical","Current","1","1"
"OUTSIDE_FIR_N",1,"Crossing Both In Vertical","Current","1","3"
"OUTSIDE_FIR_N",3,"Crossing Both In Vertical","Current","1","4"
"OUTSIDE_FIR_N",4,"Crossing Both In Vertical","Current","1","5"
"OUTSIDE_FIR_N",4,"Crossing Both In Vertical","Current","2","2"
"OUTSIDE_FIR_N",3,"Crossing Both In Vertical","Current","2","3"
"OUTSIDE_FIR_N",4,"Crossing Both In Vertical","Current","2","4"
"OUTSIDE_FIR_N",3,"Crossing Both In Vertical","Current","2","5"
"OUTSIDE_FIR_N",2,"Crossing Both In Vertical","PBN","1","1"
"OUTSIDE_FIR_N",1,"Crossing Both In Vertical","PBN","1","2"
"OUTSIDE_FIR_N",1,"Crossing Both In Vertical","PBN","1","4"
"OUTSIDE_FIR_N",4,"Crossing Both In Vertical","PBN","1","5"
"OUTSIDE_FIR_N",2,"Crossing Both In Vertical","PBN","2","2"
"OUTSIDE_FIR_N",3,"Crossing Both In Vertical","PBN","2","3"
"OUTSIDE_FIR_N",1,"Crossing Both In Vertical","PBN","2","4"
"OUTSIDE_FIR_N",1,"Crossing Both In Vertical","PBN","2","5"
"OUTSIDE_FIR_N",2,"Crossing One In Vertical","Current","1","1"
"OUTSIDE_FIR_N",1,"Crossing One In Vertical","Current","1","4"
"OUTSIDE_FIR_N",2,"Crossing One In Vertical","Current","1","5"
"OUTSIDE_FIR_N",2,"Crossing One In Vertical","Current","2","2"
"OUTSIDE_FIR_N",2,"Crossing One In Vertical","Current","2","3"
"OUTSIDE_FIR_N",1,"Crossing One In Vertical","Current","2","5"
"OUTSIDE_FIR_N",3,"Crossing One In Vertical","PBN","1","2"
"OUTSIDE_FIR_N",2,"Crossing One In Vertical","PBN","1","4"
"OUTSIDE_FIR_N",4,"Crossing One In Vertical","PBN","1","5"
"OUTSIDE_FIR_N",1,"Crossing One In Vertical","PBN","2","1"
"OUTSIDE_FIR_N",1,"Crossing One In Vertical","PBN","2","2"
"OUTSIDE_FIR_N",1,"Crossing One In Vertical","PBN","2","3"
"OUTSIDE_FIR_N",2,"Crossing One In Vertical","PBN","2","4"
"OUTSIDE_FIR_N",3,"Crossing One In Vertical","PBN","2","5"
"OUTSIDE_FIR_N",2,"Opposite Both Cruising","Current","1","1"
"OUTSIDE_FIR_N",1,"Opposite Both Cruising","Current","1","2"
"OUTSIDE_FIR_N",1,"Opposite Both Cruising","Current","1","3"
"OUTSIDE_FIR_N",2,"Opposite Both Cruising","Current","1","4"
"OUTSIDE_FIR_N",1,"Opposite Both Cruising","Current","1","5"
"OUTSIDE_FIR_N",2,"Opposite Both Cruising","Current","2","2"
"OUTSIDE_FIR_N",3,"Opposite Both Cruising","Current","2","3"
"OUTSIDE_FIR_N",4,"Opposite Both Cruising","Current","2","4"
"OUTSIDE_FIR_N",2,"Opposite Both Cruising","Current","2","5"
"OUTSIDE_FIR_N",2,"Opposite Both Cruising","PBN","1","1"
"OUTSIDE_FIR_N",2,"Opposite Both Cruising","PBN","1","2"
"OUTSIDE_FIR_N",3,"Opposite Both Cruising","PBN","1","3"
"OUTSIDE_FIR_N",2,"Opposite Both Cruising","PBN","1","4"
"OUTSIDE_FIR_N",1,"Opposite Both Cruising","PBN","1","5"
"OUTSIDE_FIR_N",2,"Opposite Both Cruising","PBN","2","1"
"OUTSIDE_FIR_N",2,"Opposite Both Cruising","PBN","2","3"
"OUTSIDE_FIR_N",1,"Opposite Both Cruising","PBN","2","4"
"OUTSIDE_FIR_N",2,"Opposite Both Cruising","PBN","2","5"
"OUTSIDE_FIR_N",1,"Opposite Both In Vertical","Current","1","1"
"OUTSIDE_FIR_N",3,"Opposite Both In Vertical","Current","1","2"
"OUTSIDE_FIR_N",2,"Opposite Both In Vertical","Current","1","4"
"OUTSIDE_FIR_N",4,"Opposite Both In Vertical","Current","1","5"
"OUTSIDE_FIR_N",1,"Opposite Both In Vertical","Current","2","1"
"OUTSIDE_FIR_N",1,"Opposite Both In Vertical","Current","2","2"
"OUTSIDE_FIR_N",2,"Opposite Both In Vertical","Current","2","3"
"OUTSIDE_FIR_N",1,"Opposite Both In Vertical","Current","2","4"
"OUTSIDE_FIR_N",1,"Opposite Both In Vertical","Current","2","5"
"OUTSIDE_FIR_N",2,"Opposite Both In Vertical","PBN","1","1"
"OUTSIDE_FIR_N",2,"Opposite Both In Vertical","PBN","1","2"
"OUTSIDE_FIR_N",2,"Opposite Both In Vertical","PBN","1","3"
"OUTSIDE_FIR_N",1,"Opposite Both In Vertical","PBN","1","4"
"OUTSIDE_FIR_N",2,"Opposite Both In Vertical","PBN","1","5"
"OUTSIDE_FIR_N",5,"Opposite Both In Vertical","PBN","2","1"
"OUTSIDE_FIR_N",3,"Opposite Both In Vertical","PBN","2","2"
"OUTSIDE_FIR_N",4,"Opposite Both In Vertical","PBN","2","3"
"OUTSIDE_FIR_N",3,"Opposite Both In Vertical","PBN","2","4"
"OUTSIDE_FIR_N",4,"Opposite Both In Vertical","PBN","2","5"
"OUTSIDE_FIR_N",5,"Opposite One In Vertical","Current","1","1"
"OUTSIDE_FIR_N",8,"Opposite One In Vertical","Current","1","2"
"OUTSIDE_FIR_N",4,"Opposite One In Vertical","Current","1","3"
"OUTSIDE_FIR_N",6,"Opposite One In Vertical","Current","1","4"
"OUTSIDE_FIR_N",5,"Opposite One In Vertical","Current","1","5"
"OUTSIDE_FIR_N",12,"Opposite One In Vertical","Current","2","1"
"OUTSIDE_FIR_N",3,"Opposite One In Vertical","Current","2","2"
"OUTSIDE_FIR_N",4,"Opposite One In Vertical","Current","2","3"
"OUTSIDE_FIR_N",4,"Opposite One In Vertical","Current","2","4"
"OUTSIDE_FIR_N",6,"Opposite One In Vertical","Current","2","5"
"OUTSIDE_FIR_N",5,"Opposite One In Vertical","PBN","1","1"
"OUTSIDE_FIR_N",7,"Opposite One In Vertical","PBN","1","2"
"OUTSIDE_FIR_N",8,"Opposite One In Vertical","PBN","1","3"
"OUTSIDE_FIR_N",7,"Opposite One In Vertical","PBN","1","4"
"OUTSIDE_FIR_N",13,"Opposite One In Vertical","PBN","1","5"
"OUTSIDE_FIR_N",5,"Opposite One In Vertical","PBN","2","1"
"OUTSIDE_FIR_N",4,"Opposite One In Vertical","PBN","2","2"
"OUTSIDE_FIR_N",4,"Opposite One In Vertical","PBN","2","3"
"OUTSIDE_FIR_N",4,"Opposite One In Vertical","PBN","2","4"
"OUTSIDE_FIR_N",8,"Opposite One In Vertical","PBN","2","5"
"OUTSIDE_FIR_N",2,"Same Track Both Cruising","Current","1","2"
"OUTSIDE_FIR_N",2,"Same Track Both Cruising","Current","1","4"
"OUTSIDE_FIR_N",1,"Same Track Both Cruising","Current","2","1"
"OUTSIDE_FIR_N",2,"Same Track Both Cruising","Current","2","3"
"OUTSIDE_FIR_N",2,"Same Track Both Cruising","Current","2","4"
"OUTSIDE_FIR_N",3,"Same Track Both Cruising","PBN","1","1"
"OUTSIDE_FIR_N",2,"Same Track Both Cruising","PBN","1","3"
"OUTSIDE_FIR_N",1,"Same Track Both Cruising","PBN","1","4"
"OUTSIDE_FIR_N",2,"Same Track Both Cruising","PBN","1","5"
"OUTSIDE_FIR_N",1,"Same Track Both In Vertical","Current","1","1"
"OUTSIDE_FIR_N",1,"Same Track Both In Vertical","Current","1","3"
"OUTSIDE_FIR_N",1,"Same Track Both In Vertical","Current","1","4"
"OUTSIDE_FIR_N",3,"Same Track Both In Vertical","Current","2","3"
"OUTSIDE_FIR_N",1,"Same Track Both In Vertical","Current","2","4"
"OUTSIDE_FIR_N",2,"Same Track Both In Vertical","PBN","2","1"
"OUTSIDE_FIR_N",1,"Same Track Both In Vertical","PBN","2","2"
"OUTSIDE_FIR_N",2,"Same Track Both In Vertical","PBN","2","3"
"OUTSIDE_FIR_N",1,"Same Track Both In Vertical","PBN","2","5"
"OUTSIDE_FIR_N",1,"Same Track One In Vertical","Current","1","1"
"OUTSIDE_FIR_N",1,"Same Track One In Vertical","Current","1","2"
"OUTSIDE_FIR_N",2,"Same Track One In Vertical","Current","1","3"
"OUTSIDE_FIR_N",3,"Same Track One In Vertical","Current","1","4"
"OUTSIDE_FIR_N",3,"Same Track One In Vertical","Current","2","1"
"OUTSIDE_FIR_N",4,"Same Track One In Vertical","Current","2","3"
"OUTSIDE_FIR_N",2,"Same Track One In Vertical","Current","2","4"
"OUTSIDE_FIR_N",4,"Same Track One In Vertical","Current","2","5"
"OUTSIDE_FIR_N",1,"Same Track One In Vertical","PBN","1","2"
"OUTSIDE_FIR_N",1,"Same Track One In Vertical","PBN","1","3"
"OUTSIDE_FIR_N",5,"Same Track One In Vertical","PBN","1","4"
"OUTSIDE_FIR_N",3,"Same Track One In Vertical","PBN","1","5"
"OUTSIDE_FIR_N",1,"Same Track One In Vertical","PBN","2","1"
"OUTSIDE_FIR_N",2,"Same Track One In Vertical","PBN","2","4"
"OUTSIDE_FIR_N",1,"Same Track One In Vertical","PBN","2","5"
"OUTSIDE_FIR_W",3,"Opposite One In Vertical","Current","1","1"
"OUTSIDE_FIR_W",1,"Opposite One In Vertical","Current","1","3"
"OUTSIDE_FIR_W",2,"Opposite One In Vertical","Current","1","4"
"OUTSIDE_FIR_W",1,"Opposite One In Vertical","Current","1","5"
"OUTSIDE_FIR_W",2,"Opposite One In Vertical","Current","2","3"
"OUTSIDE_FIR_W",3,"Opposite One In Vertical","PBN","1","1"
"OUTSIDE_FIR_W",1,"Opposite One In Vertical","PBN","1","2"
"OUTSIDE_FIR_W",2,"Opposite One In Vertical","PBN","1","5"
"OUTSIDE_FIR_W",2,"Opposite One In Vertical","PBN","2","2"
"OUTSIDE_FIR_W",1,"Opposite One In Vertical","PBN","2","5"
"OUTSIDE_FIR_W",1,"Same Track Both Cruising","Current","1","3"
"OUTSIDE_FIR_W",1,"Same Track Both Cruising","Current","2","2"
"OUTSIDE_FIR_W",1,"Same Track Both Cruising","Current","2","3"
"OUTSIDE_FIR_W",1,"Same Track Both Cruising","Current","2","5"
"OUTSIDE_FIR_W",2,"Same Track Both Cruising","PBN","1","2"
"OUTSIDE_FIR_W",1,"Same Track Both Cruising","PBN","1","3"
"OUTSIDE_FIR_W",2,"Same Track Both Cruising","PBN","1","4"
"OUTSIDE_FIR_W",1,"Same Track Both Cruising","PBN","1","5"
"OUTSIDE_FIR_W",1,"Same Track Both Cruising","PBN","2","1"
"OUTSIDE_FIR_W",5,"Same Track One In Vertical","Current","1","1"
"OUTSIDE_FIR_W",1,"Same Track One In Vertical","Current","1","4"
"OUTSIDE_FIR_W",1,"Same Track One In Vertical","Current","1","5"
"OUTSIDE_FIR_W",1,"Same Track One In Vertical","Current","2","3"
"OUTSIDE_FIR_W",1,"Same Track One In Vertical","PBN","1","2"
"OUTSIDE_FIR_W",1,"Same Track One In Vertical","PBN","1","3"
"OUTSIDE_FIR_W",2,"Same Track One In Vertical","PBN","1","5"
"OUTSIDE_FIR_W",1,"Same Track One In Vertical","PBN","2","1"
"OUTSIDE_FIR_W",1,"Same Track One In Vertical","PBN","2","4"
"TMA_DUBROVNIK",3,"Crossing Both In Vertical","Current","1","2"
"TMA_DUBROVNIK",1,"Crossing Both In Vertical","Current","1","3"
"TMA_DUBROVNIK",1,"Crossing Both In Vertical","Current","1","4"
"TMA_DUBROVNIK",1,"Crossing Both In Vertical","Current","1","5"
"TMA_DUBROVNIK",3,"Crossing Both In Vertical","Current","2","1"
"TMA_DUBROVNIK",8,"Crossing Both In Vertical","Current","2","2"
"TMA_DUBROVNIK",9,"Crossing Both In Vertical","Current","2","3"
"TMA_DUBROVNIK",5,"Crossing Both In Vertical","Current","2","4"
"TMA_DUBROVNIK",6,"Crossing Both In Vertical","Current","2","5"
"TMA_DUBROVNIK",1,"Crossing Both In Vertical","PBN","1","1"
"TMA_DUBROVNIK",1,"Crossing Both In Vertical","PBN","1","2"
"TMA_DUBROVNIK",1,"Crossing Both In Vertical","PBN","1","3"
"TMA_DUBROVNIK",1,"Crossing Both In Vertical","PBN","2","1"
"TMA_DUBROVNIK",1,"Crossing Both In Vertical","PBN","2","4"
"TMA_DUBROVNIK",1,"Crossing Both In Vertical","PBN","2","5"
"TMA_DUBROVNIK",1,"Crossing One In Vertical","Current","1","1"
"TMA_DUBROVNIK",1,"Crossing One In Vertical","Current","1","4"
"TMA_DUBROVNIK",1,"Crossing One In Vertical","Current","2","1"
"TMA_DUBROVNIK",1,"Crossing One In Vertical","Current","2","2"
"TMA_DUBROVNIK",1,"Crossing One In Vertical","Current","2","3"
"TMA_DUBROVNIK",1,"Crossing One In Vertical","Current","2","4"
"TMA_DUBROVNIK",1,"Crossing One In Vertical","PBN","1","2"
"TMA_DUBROVNIK",1,"Crossing One In Vertical","PBN","2","5"
"TMA_DUBROVNIK",1,"Opposite Both Cruising","Current","1","3"
"TMA_DUBROVNIK",2,"Opposite Both In Vertical","Current","1","1"
"TMA_DUBROVNIK",4,"Opposite Both In Vertical","Current","1","3"
"TMA_DUBROVNIK",1,"Opposite Both In Vertical","Current","1","4"
"TMA_DUBROVNIK",1,"Opposite Both In Vertical","Current","1","5"
"TMA_DUBROVNIK",17,"Opposite Both In Vertical","Current","2","1"
"TMA_DUBROVNIK",18,"Opposite Both In Vertical","Current","2","2"
"TMA_DUBROVNIK",8,"Opposite Both In Vertical","Current","2","3"
"TMA_DUBROVNIK",11,"Opposite Both In Vertical","Current","2","4"
"TMA_DUBROVNIK",20,"Opposite Both In Vertical","Current","2","5"
"TMA_DUBROVNIK",1,"Opposite Both In Vertical","PBN","1","1"
"TMA_DUBROVNIK",1,"Opposite Both In Vertical","PBN","1","2"
"TMA_DUBROVNIK",1,"Opposite Both In Vertical","PBN","1","3"
"TMA_DUBROVNIK",1,"Opposite Both In Vertical","PBN","1","5"
"TMA_DUBROVNIK",1,"Opposite Both In Vertical","PBN","2","1"
"TMA_DUBROVNIK",2,"Opposite Both In Vertical","PBN","2","3"
"TMA_DUBROVNIK",1,"Opposite Both In Vertical","PBN","2","4"
"TMA_DUBROVNIK",2,"Opposite One In Vertical","Current","1","1"
"TMA_DUBROVNIK",2,"Opposite One In Vertical","Current","1","2"
"TMA_DUBROVNIK",1,"Opposite One In Vertical","Current","1","3"
"TMA_DUBROVNIK",2,"Opposite One In Vertical","Current","1","4"
"TMA_DUBROVNIK",1,"Opposite One In Vertical","Current","1","5"
"TMA_DUBROVNIK",3,"Opposite One In Vertical","Current","2","2"
"TMA_DUBROVNIK",1,"Opposite One In Vertical","Current","2","4"
"TMA_DUBROVNIK",1,"Opposite One In Vertical","PBN","1","1"
"TMA_DUBROVNIK",1,"Opposite One In Vertical","PBN","1","2"
"TMA_DUBROVNIK",1,"Opposite One In Vertical","PBN","1","3"
"TMA_DUBROVNIK",3,"Opposite One In Vertical","PBN","2","1"
"TMA_DUBROVNIK",2,"Opposite One In Vertical","PBN","2","2"
"TMA_DUBROVNIK",2,"Opposite One In Vertical","PBN","2","3"
"TMA_DUBROVNIK",3,"Opposite One In Vertical","PBN","2","4"
"TMA_DUBROVNIK",2,"Opposite One In Vertical","PBN","2","5"
"TMA_DUBROVNIK",5,"Same Track Both In Vertical","Current","1","1"
"TMA_DUBROVNIK",3,"Same Track Both In Vertical","Current","1","2"
"TMA_DUBROVNIK",2,"Same Track Both In Vertical","Current","1","3"
"TMA_DUBROVNIK",4,"Same Track Both In Vertical","Current","1","5"
"TMA_DUBROVNIK",2,"Same Track Both In Vertical","Current","2","1"
"TMA_DUBROVNIK",3,"Same Track Both In Vertical","Current","2","2"
"TMA_DUBROVNIK",2,"Same Track Both In Vertical","Current","2","4"
"TMA_DUBROVNIK",2,"Same Track Both In Vertical","Current","2","5"
"TMA_DUBROVNIK",2,"Same Track Both In Vertical","PBN","1","5"
"TMA_DUBROVNIK",2,"Same Track Both In Vertical","PBN","2","1"
"TMA_DUBROVNIK",2,"Same Track Both In Vertical","PBN","2","3"
"TMA_DUBROVNIK",2,"Same Track Both In Vertical","PBN","2","4"
"TMA_DUBROVNIK",1,"Same Track Both In Vertical","PBN","2","5"
"TMA_DUBROVNIK",1,"Same Track One In Vertical","Current","1","1"
"TMA_DUBROVNIK",2,"Same Track One In Vertical","Current","1","5"
"TMA_DUBROVNIK",1,"Same Track One In Vertical","Current","2","1"
"TMA_DUBROVNIK",1,"Same Track One In Vertical","Current","2","2"
"TMA_DUBROVNIK",1,"Same Track One In Vertical","Current","2","3"
"TMA_DUBROVNIK",1,"Same Track One In Vertical","Current","2","4"
"TMA_DUBROVNIK",2,"Same Track One In Vertical","PBN","1","1"
"TMA_DUBROVNIK",1,"Same Track One In Vertical","PBN","1","2"
"TMA_DUBROVNIK",2,"Same Track One In Vertical","PBN","1","3"
"TMA_DUBROVNIK",1,"Same Track One In Vertical","PBN","1","4"
"TMA_DUBROVNIK",1,"Same Track One In Vertical","PBN","1","5"
"TMA_DUBROVNIK",1,"Same Track One In Vertical","PBN","2","4"
"TMA_DUBROVNIK",1,"Same Track One In Vertical","PBN","2","5"
"TMA_OSIJEK",1,"Opposite Both In Vertical","Current","1","2"
"TMA_OSIJEK",1,"Opposite Both In Vertical","Current","1","5"
"TMA_OSIJEK",1,"Opposite Both In Vertical","Current","2","2"
"TMA_OSIJEK",1,"Opposite Both In Vertical","Current","2","3"
"TMA_OSIJEK",1,"Opposite Both In Vertical","Current","2","4"
"TMA_OSIJEK",2,"Opposite Both In Vertical","Current","2","5"
"TMA_OSIJEK",1,"Opposite Both In Vertical","PBN","1","1"
"TMA_OSIJEK",1,"Opposite Both In Vertical","PBN","1","2"
"TMA_OSIJEK",1,"Opposite Both In Vertical","PBN","1","3"
"TMA_OSIJEK",1,"Opposite Both In Vertical","PBN","1","4"
"TMA_OSIJEK",1,"Opposite Both In Vertical","PBN","2","2"
"TMA_OSIJEK",2,"Opposite Both In Vertical","PBN","2","4"
"TMA_OSIJEK",1,"Opposite One In Vertical","PBN","2","4"
"TMA_PULA",1,"Crossing Both Cruising","Current","1","4"
"TMA_PULA",1,"Crossing Both Cruising","Current","1","5"
"TMA_PULA",1,"Crossing Both Cruising","Current","2","1"
"TMA_PULA",1,"Crossing Both Cruising","Current","2","2"
"TMA_PULA",1,"Crossing Both Cruising","Current","2","3"
"TMA_PULA",1,"Crossing Both Cruising","PBN","1","2"
"TMA_PULA",1,"Crossing Both Cruising","PBN","1","3"
"TMA_PULA",2,"Crossing Both Cruising","PBN","1","5"
"TMA_PULA",2,"Crossing Both Cruising","PBN","2","3"
"TMA_PULA",2,"Crossing Both Cruising","PBN","2","4"
"TMA_PULA",1,"Crossing Both Cruising","PBN","2","5"
"TMA_PULA",2,"Crossing Both In Vertical","Current","1","1"
"TMA_PULA",1,"Crossing Both In Vertical","Current","1","2"
"TMA_PULA",1,"Crossing Both In Vertical","Current","1","5"
"TMA_PULA",5,"Crossing Both In Vertical","Current","2","1"
"TMA_PULA",2,"Crossing Both In Vertical","Current","2","2"
"TMA_PULA",3,"Crossing Both In Vertical","Current","2","3"
"TMA_PULA",5,"Crossing Both In Vertical","Current","2","4"
"TMA_PULA",4,"Crossing Both In Vertical","Current","2","5"
"TMA_PULA",1,"Crossing Both In Vertical","PBN","1","1"
"TMA_PULA",1,"Crossing Both In Vertical","PBN","1","4"
"TMA_PULA",1,"Crossing Both In Vertical","PBN","1","5"
"TMA_PULA",1,"Crossing Both In Vertical","PBN","2","1"
"TMA_PULA",1,"Crossing Both In Vertical","PBN","2","2"
"TMA_PULA",1,"Crossing Both In Vertical","PBN","2","5"
"TMA_PULA",6,"Crossing One In Vertical","Current","1","1"
"TMA_PULA",5,"Crossing One In Vertical","Current","1","2"
"TMA_PULA",3,"Crossing One In Vertical","Current","1","3"
"TMA_PULA",6,"Crossing One In Vertical","Current","1","4"
"TMA_PULA",2,"Crossing One In Vertical","Current","1","5"
"TMA_PULA",5,"Crossing One In Vertical","Current","2","1"
"TMA_PULA",8,"Crossing One In Vertical","Current","2","2"
"TMA_PULA",2,"Crossing One In Vertical","Current","2","3"
"TMA_PULA",6,"Crossing One In Vertical","Current","2","4"
"TMA_PULA",3,"Crossing One In Vertical","Current","2","5"
"TMA_PULA",3,"Crossing One In Vertical","PBN","1","1"
"TMA_PULA",5,"Crossing One In Vertical","PBN","1","2"
"TMA_PULA",6,"Crossing One In Vertical","PBN","1","3"
"TMA_PULA",3,"Crossing One In Vertical","PBN","1","4"
"TMA_PULA",2,"Crossing One In Vertical","PBN","1","5"
"TMA_PULA",6,"Crossing One In Vertical","PBN","2","1"
"TMA_PULA",5,"Crossing One In Vertical","PBN","2","2"
"TMA_PULA",5,"Crossing One In Vertical","PBN","2","3"
"TMA_PULA",13,"Crossing One In Vertical","PBN","2","4"
"TMA_PULA",5,"Crossing One In Vertical","PBN","2","5"
"TMA_PULA",1,"Opposite Both Cruising","Current","1","1"
"TMA_PULA",1,"Opposite Both Cruising","Current","1","2"
"TMA_PULA",1,"Opposite Both Cruising","PBN","1","3"
"TMA_PULA",1,"Opposite Both Cruising","PBN","1","4"
"TMA_PULA",1,"Opposite Both Cruising","PBN","1","5"
"TMA_PULA",1,"Opposite Both Cruising","PBN","2","1"
"TMA_PULA",1,"Opposite Both Cruising","PBN","2","2"
"TMA_PULA",2,"Opposite Both Cruising","PBN","2","3"
"TMA_PULA",2,"Opposite Both Cruising","PBN","2","5"
"TMA_PULA",1,"Opposite Both In Vertical","Current","1","3"
"TMA_PULA",2,"Opposite Both In Vertical","Current","2","2"
"TMA_PULA",6,"Opposite Both In Vertical","Current","2","3"
"TMA_PULA",2,"Opposite Both In Vertical","Current","2","4"
"TMA_PULA",5,"Opposite Both In Vertical","Current","2","5"
"TMA_PULA",1,"Opposite Both In Vertical","PBN","1","1"
"TMA_PULA",2,"Opposite Both In Vertical","PBN","1","2"
"TMA_PULA",1,"Opposite Both In Vertical","PBN","1","3"
"TMA_PULA",1,"Opposite Both In Vertical","PBN","2","3"
"TMA_PULA",1,"Opposite Both In Vertical","PBN","2","5"
"TMA_PULA",1,"Opposite One In Vertical","Current","1","1"
"TMA_PULA",3,"Opposite One In Vertical","Current","1","2"
"TMA_PULA",3,"Opposite One In Vertical","Current","1","3"
"TMA_PULA",2,"Opposite One In Vertical","Current","1","5"
"TMA_PULA",3,"Opposite One In Vertical","Current","2","1"
"TMA_PULA",6,"Opposite One In Vertical","Current","2","2"
"TMA_PULA",1,"Opposite One In Vertical","Current","2","3"
"TMA_PULA",3,"Opposite One In Vertical","Current","2","4"
"TMA_PULA",4,"Opposite One In Vertical","Current","2","5"
"TMA_PULA",2,"Opposite One In Vertical","PBN","1","1"
"TMA_PULA",3,"Opposite One In Vertical","PBN","1","2"
"TMA_PULA",1,"Opposite One In Vertical","PBN","1","3"
"TMA_PULA",3,"Opposite One In Vertical","PBN","1","4"
"TMA_PULA",3,"Opposite One In Vertical","PBN","2","1"
"TMA_PULA",2,"Opposite One In Vertical","PBN","2","2"
"TMA_PULA",2,"Opposite One In Vertical","PBN","2","3"
"TMA_PULA",2,"Opposite One In Vertical","PBN","2","4"
"TMA_PULA",6,"Opposite One In Vertical","PBN","2","5"
"TMA_PULA",1,"Same Track Both Cruising","PBN","1","1"
"TMA_PULA",1,"Same Track Both Cruising","PBN","2","2"
"TMA_PULA",1,"Same Track Both Cruising","PBN","2","4"
"TMA_PULA",1,"Same Track Both In Vertical","Current","1","2"
"TMA_PULA",1,"Same Track Both In Vertical","Current","1","3"
"TMA_PULA",2,"Same Track Both In Vertical","Current","1","5"
"TMA_PULA",1,"Same Track Both In Vertical","PBN","2","4"
"TMA_PULA",1,"Same Track Both In Vertical","PBN","2","5"
"TMA_PULA",3,"Same Track One In Vertical","Current","1","1"
"TMA_PULA",3,"Same Track One In Vertical","Current","1","2"
"TMA_PULA",2,"Same Track One In Vertical","Current","1","3"
"TMA_PULA",3,"Same Track One In Vertical","Current","1","4"
"TMA_PULA",2,"Same Track One In Vertical","Current","2","1"
"TMA_PULA",3,"Same Track One In Vertical","Current","2","3"
"TMA_PULA",1,"Same Track One In Vertical","Current","2","4"
"TMA_PULA",2,"Same Track One In Vertical","Current","2","5"
"TMA_PULA",3,"Same Track One In Vertical","PBN","1","1"
"TMA_PULA",2,"Same Track One In Vertical","PBN","1","2"
"TMA_PULA",2,"Same Track One In Vertical","PBN","1","4"
"TMA_PULA",2,"Same Track One In Vertical","PBN","1","5"
"TMA_PULA",2,"Same Track One In Vertical","PBN","2","1"
"TMA_PULA",3,"Same Track One In Vertical","PBN","2","2"
"TMA_PULA",1,"Same Track One In Vertical","PBN","2","3"
"TMA_PULA",1,"Same Track One In Vertical","PBN","2","5"
"TMA_SPLIT",1,"Crossing Both Cruising","Current","1","1"
"TMA_SPLIT",1,"Crossing Both Cruising","PBN","1","4"
"TMA_SPLIT",4,"Crossing Both In Vertical","Current","1","1"
"TMA_SPLIT",5,"Crossing Both In Vertical","Current","1","2"
"TMA_SPLIT",1,"Crossing Both In Vertical","Current","1","3"
"TMA_SPLIT",5,"Crossing Both In Vertical","Current","1","4"
"TMA_SPLIT",4,"Crossing Both In Vertical","Current","1","5"
"TMA_SPLIT",21,"Crossing Both In Vertical","Current","2","1"
"TMA_SPLIT",22,"Crossing Both In Vertical","Current","2","2"
"TMA_SPLIT",27,"Crossing Both In Vertical","Current","2","3"
"TMA_SPLIT",33,"Crossing Both In Vertical","Current","2","4"
"TMA_SPLIT",25,"Crossing Both In Vertical","Current","2","5"
"TMA_SPLIT",4,"Crossing Both In Vertical","PBN","1","1"
"TMA_SPLIT",3,"Crossing Both In Vertical","PBN","1","2"
"TMA_SPLIT",5,"Crossing Both In Vertical","PBN","1","3"
"TMA_SPLIT",3,"Crossing Both In Vertical","PBN","1","4"
"TMA_SPLIT",1,"Crossing Both In Vertical","PBN","1","5"
"TMA_SPLIT",5,"Crossing Both In Vertical","PBN","2","1"
"TMA_SPLIT",4,"Crossing Both In Vertical","PBN","2","2"
"TMA_SPLIT",4,"Crossing Both In Vertical","PBN","2","3"
"TMA_SPLIT",3,"Crossing Both In Vertical","PBN","2","4"
"TMA_SPLIT",6,"Crossing Both In Vertical","PBN","2","5"
"TMA_SPLIT",7,"Crossing One In Vertical","Current","1","1"
"TMA_SPLIT",7,"Crossing One In Vertical","Current","1","2"
"TMA_SPLIT",8,"Crossing One In Vertical","Current","1","3"
"TMA_SPLIT",4,"Crossing One In Vertical","Current","1","4"
"TMA_SPLIT",6,"Crossing One In Vertical","Current","1","5"
"TMA_SPLIT",1,"Crossing One In Vertical","Current","2","1"
"TMA_SPLIT",9,"Crossing One In Vertical","Current","2","2"
"TMA_SPLIT",5,"Crossing One In Vertical","Current","2","3"
"TMA_SPLIT",5,"Crossing One In Vertical","Current","2","4"
"TMA_SPLIT",3,"Crossing One In Vertical","Current","2","5"
"TMA_SPLIT",5,"Crossing One In Vertical","PBN","1","1"
"TMA_SPLIT",5,"Crossing One In Vertical","PBN","1","2"
"TMA_SPLIT",3,"Crossing One In Vertical","PBN","1","3"
"TMA_SPLIT",7,"Crossing One In Vertical","PBN","1","4"
"TMA_SPLIT",4,"Crossing One In Vertical","PBN","1","5"
"TMA_SPLIT",6,"Crossing One In Vertical","PBN","2","1"
"TMA_SPLIT",4,"Crossing One In Vertical","PBN","2","2"
"TMA_SPLIT",2,"Crossing One In Vertical","PBN","2","3"
"TMA_SPLIT",3,"Crossing One In Vertical","PBN","2","4"
"TMA_SPLIT",4,"Crossing One In Vertical","PBN","2","5"
"TMA_SPLIT",2,"Opposite Both In Vertical","Current","1","1"
"TMA_SPLIT",4,"Opposite Both In Vertical","Current","1","2"
"TMA_SPLIT",5,"Opposite Both In Vertical","Current","1","3"
"TMA_SPLIT",4,"Opposite Both In Vertical","Current","1","4"
"TMA_SPLIT",2,"Opposite Both In Vertical","Current","1","5"
"TMA_SPLIT",113,"Opposite Both In Vertical","Current","2","1"
"TMA_SPLIT",90,"Opposite Both In Vertical","Current","2","2"
"TMA_SPLIT",82,"Opposite Both In Vertical","Current","2","3"
"TMA_SPLIT",91,"Opposite Both In Vertical","Current","2","4"
"TMA_SPLIT",82,"Opposite Both In Vertical","Current","2","5"
"TMA_SPLIT",4,"Opposite Both In Vertical","PBN","1","2"
"TMA_SPLIT",1,"Opposite Both In Vertical","PBN","1","3"
"TMA_SPLIT",1,"Opposite Both In Vertical","PBN","1","4"
"TMA_SPLIT",2,"Opposite Both In Vertical","PBN","1","5"
"TMA_SPLIT",5,"Opposite Both In Vertical","PBN","2","1"
"TMA_SPLIT",9,"Opposite Both In Vertical","PBN","2","2"
"TMA_SPLIT",7,"Opposite Both In Vertical","PBN","2","3"
"TMA_SPLIT",7,"Opposite Both In Vertical","PBN","2","4"
"TMA_SPLIT",3,"Opposite Both In Vertical","PBN","2","5"
"TMA_SPLIT",2,"Opposite One In Vertical","Current","1","1"
"TMA_SPLIT",4,"Opposite One In Vertical","Current","1","2"
"TMA_SPLIT",6,"Opposite One In Vertical","Current","1","3"
"TMA_SPLIT",5,"Opposite One In Vertical","Current","1","4"
"TMA_SPLIT",6,"Opposite One In Vertical","Current","1","5"
"TMA_SPLIT",1,"Opposite One In Vertical","Current","2","1"
"TMA_SPLIT",2,"Opposite One In Vertical","Current","2","2"
"TMA_SPLIT",5,"Opposite One In Vertical","Current","2","3"
"TMA_SPLIT",1,"Opposite One In Vertical","Current","2","4"
"TMA_SPLIT",5,"Opposite One In Vertical","Current","2","5"
"TMA_SPLIT",1,"Opposite One In Vertical","PBN","1","1"
"TMA_SPLIT",2,"Opposite One In Vertical","PBN","1","2"
"TMA_SPLIT",4,"Opposite One In Vertical","PBN","1","3"
"TMA_SPLIT",3,"Opposite One In Vertical","PBN","1","4"
"TMA_SPLIT",2,"Opposite One In Vertical","PBN","1","5"
"TMA_SPLIT",1,"Opposite One In Vertical","PBN","2","2"
"TMA_SPLIT",2,"Opposite One In Vertical","PBN","2","4"
"TMA_SPLIT",1,"Opposite One In Vertical","PBN","2","5"
"TMA_SPLIT",1,"Same Track Both Cruising","Current","1","5"
"TMA_SPLIT",1,"Same Track Both Cruising","PBN","1","3"
"TMA_SPLIT",1,"Same Track Both Cruising","PBN","2","3"
"TMA_SPLIT",3,"Same Track Both In Vertical","Current","1","1"
"TMA_SPLIT",1,"Same Track Both In Vertical","Current","1","2"
"TMA_SPLIT",5,"Same Track Both In Vertical","Current","1","3"
"TMA_SPLIT",3,"Same Track Both In Vertical","Current","1","4"
"TMA_SPLIT",4,"Same Track Both In Vertical","Current","1","5"
"TMA_SPLIT",3,"Same Track Both In Vertical","Current","2","1"
"TMA_SPLIT",1,"Same Track Both In Vertical","Current","2","2"
"TMA_SPLIT",1,"Same Track Both In Vertical","Current","2","3"
"TMA_SPLIT",1,"Same Track Both In Vertical","Current","2","4"
"TMA_SPLIT",2,"Same Track Both In Vertical","Current","2","5"
"TMA_SPLIT",2,"Same Track Both In Vertical","PBN","1","1"
"TMA_SPLIT",3,"Same Track Both In Vertical","PBN","1","2"
"TMA_SPLIT",2,"Same Track Both In Vertical","PBN","1","3"
"TMA_SPLIT",3,"Same Track Both In Vertical","PBN","1","5"
"TMA_SPLIT",3,"Same Track Both In Vertical","PBN","2","1"
"TMA_SPLIT",5,"Same Track Both In Vertical","PBN","2","2"
"TMA_SPLIT",3,"Same Track Both In Vertical","PBN","2","4"
"TMA_SPLIT",1,"Same Track Both In Vertical","PBN","2","5"
"TMA_SPLIT",6,"Same Track One In Vertical","Current","1","1"
"TMA_SPLIT",3,"Same Track One In Vertical","Current","1","2"
"TMA_SPLIT",2,"Same Track One In Vertical","Current","1","3"
"TMA_SPLIT",3,"Same Track One In Vertical","Current","1","4"
"TMA_SPLIT",6,"Same Track One In Vertical","Current","1","5"
"TMA_SPLIT",1,"Same Track One In Vertical","Current","2","5"
"TMA_SPLIT",1,"Same Track One In Vertical","PBN","1","1"
"TMA_SPLIT",4,"Same Track One In Vertical","PBN","1","2"
"TMA_SPLIT",3,"Same Track One In Vertical","PBN","1","3"
"TMA_SPLIT",4,"Same Track One In Vertical","PBN","1","4"
"TMA_SPLIT",2,"Same Track One In Vertical","PBN","1","5"
"TMA_SPLIT",3,"Same Track One In Vertical","PBN","2","1"
"TMA_SPLIT",2,"Same Track One In Vertical","PBN","2","2"
"TMA_SPLIT",1,"Same Track One In Vertical","PBN","2","5"
"TMA_ZADAR",1,"Crossing Both Cruising","Current","1","1"
"TMA_ZADAR",1,"Crossing Both Cruising","Current","1","5"
"TMA_ZADAR",1,"Crossing Both Cruising","Current","2","3"
"TMA_ZADAR",2,"Crossing Both Cruising","Current","2","4"
"TMA_ZADAR",1,"Crossing Both Cruising","Current","2","5"
"TMA_ZADAR",1,"Crossing Both Cruising","PBN","1","5"
"TMA_ZADAR",1,"Crossing Both Cruising","PBN","2","1"
"TMA_ZADAR",1,"Crossing Both Cruising","PBN","2","2"
"TMA_ZADAR",1,"Crossing Both Cruising","PBN","2","4"
"TMA_ZADAR",1,"Crossing Both Cruising","PBN","2","5"
"TMA_ZADAR",1,"Crossing Both In Vertical","Current","2","1"
"TMA_ZADAR",1,"Crossing Both In Vertical","Current","2","5"
"TMA_ZADAR",1,"Crossing Both In Vertical","PBN","1","2"
"TMA_ZADAR",1,"Crossing Both In Vertical","PBN","1","3"
"TMA_ZADAR",1,"Crossing Both In Vertical","PBN","1","4"
"TMA_ZADAR",3,"Crossing Both In Vertical","PBN","2","1"
"TMA_ZADAR",1,"Crossing Both In Vertical","PBN","2","4"
"TMA_ZADAR",1,"Crossing Both In Vertical","PBN","2","5"
"TMA_ZADAR",1,"Crossing One In Vertical","Current","2","1"
"TMA_ZADAR",1,"Crossing One In Vertical","Current","2","5"
"TMA_ZADAR",1,"Crossing One In Vertical","PBN","1","1"
"TMA_ZADAR",2,"Crossing One In Vertical","PBN","1","3"
"TMA_ZADAR",1,"Crossing One In Vertical","PBN","2","1"
"TMA_ZADAR",1,"Crossing One In Vertical","PBN","2","5"
"TMA_ZADAR",1,"Opposite Both Cruising","Current","1","1"
"TMA_ZADAR",1,"Opposite Both Cruising","Current","1","3"
"TMA_ZADAR",1,"Opposite Both Cruising","Current","1","4"
"TMA_ZADAR",2,"Opposite Both Cruising","Current","2","3"
"TMA_ZADAR",2,"Opposite Both Cruising","Current","2","4"
"TMA_ZADAR",2,"Opposite Both Cruising","PBN","1","3"
"TMA_ZADAR",1,"Opposite Both Cruising","PBN","2","5"
"TMA_ZADAR",1,"Opposite Both In Vertical","Current","1","1"
"TMA_ZADAR",1,"Opposite Both In Vertical","Current","1","2"
"TMA_ZADAR",3,"Opposite Both In Vertical","Current","1","3"
"TMA_ZADAR",2,"Opposite Both In Vertical","Current","1","4"
"TMA_ZADAR",4,"Opposite Both In Vertical","Current","2","1"
"TMA_ZADAR",3,"Opposite Both In Vertical","Current","2","3"
"TMA_ZADAR",1,"Opposite Both In Vertical","Current","2","4"
"TMA_ZADAR",2,"Opposite Both In Vertical","Current","2","5"
"TMA_ZADAR",1,"Opposite Both In Vertical","PBN","1","2"
"TMA_ZADAR",2,"Opposite Both In Vertical","PBN","1","3"
"TMA_ZADAR",3,"Opposite Both In Vertical","PBN","1","4"
"TMA_ZADAR",1,"Opposite Both In Vertical","PBN","1","5"
"TMA_ZADAR",1,"Opposite One In Vertical","Current","1","1"
"TMA_ZADAR",1,"Opposite One In Vertical","Current","1","2"
"TMA_ZADAR",2,"Opposite One In Vertical","Current","1","4"
"TMA_ZADAR",3,"Opposite One In Vertical","Current","1","5"
"TMA_ZADAR",2,"Opposite One In Vertical","Current","2","1"
"TMA_ZADAR",3,"Opposite One In Vertical","Current","2","2"
"TMA_ZADAR",1,"Opposite One In Vertical","Current","2","3"
"TMA_ZADAR",3,"Opposite One In Vertical","Current","2","4"
"TMA_ZADAR",1,"Opposite One In Vertical","Current","2","5"
"TMA_ZADAR",1,"Opposite One In Vertical","PBN","1","1"
"TMA_ZADAR",4,"Opposite One In Vertical","PBN","1","2"
"TMA_ZADAR",3,"Opposite One In Vertical","PBN","1","3"
"TMA_ZADAR",2,"Opposite One In Vertical","PBN","1","4"
"TMA_ZADAR",1,"Opposite One In Vertical","PBN","1","5"
"TMA_ZADAR",2,"Opposite One In Vertical","PBN","2","1"
"TMA_ZADAR",2,"Opposite One In Vertical","PBN","2","2"
"TMA_ZADAR",1,"Opposite One In Vertical","PBN","2","3"
"TMA_ZADAR",1,"Opposite One In Vertical","PBN","2","4"
"TMA_ZADAR",2,"Opposite One In Vertical","PBN","2","5"
"TMA_ZADAR",1,"Same Track Both In Vertical","Current","1","4"
"TMA_ZADAR",1,"Same Track Both In Vertical","Current","2","2"
"TMA_ZADAR",1,"Same Track Both In Vertical","Current","2","3"
"TMA_ZADAR",1,"Same Track Both In Vertical","PBN","1","1"
"TMA_ZADAR",1,"Same Track Both In Vertical","PBN","1","3"
"TMA_ZADAR",1,"Same Track Both In Vertical","PBN","1","4"
"TMA_ZADAR",1,"Same Track Both In Vertical","PBN","2","1"
"TMA_ZADAR",1,"Same Track Both In Vertical","PBN","2","2"
"TMA_ZADAR",1,"Same Track Both In Vertical","PBN","2","3"
"TMA_ZADAR",1,"Same Track Both In Vertical","PBN","2","4"
"TMA_ZADAR",1,"Same Track One In Vertical","Current","1","1"
"TMA_ZADAR",1,"Same Track One In Vertical","Current","1","4"
"TMA_ZADAR",1,"Same Track One In Vertical","Current","2","1"
"TMA_ZADAR",1,"Same Track One In Vertical","Current","2","4"
"TMA_ZADAR",1,"Same Track One In Vertical","Current","2","5"
"TMA_ZADAR",1,"Same Track One In Vertical","PBN","2","1"
"TMA_ZADAR",2,"Same Track One In Vertical","PBN","2","2"
"TMA_ZAGREB",1,"Crossing Both Cruising","Current","2","3"
"TMA_ZAGREB",1,"Crossing Both Cruising","PBN","1","4"
"TMA_ZAGREB",1,"Crossing Both Cruising","PBN","2","1"
"TMA_ZAGREB",6,"Crossing Both In Vertical","Current","1","1"
"TMA_ZAGREB",3,"Crossing Both In Vertical","Current","1","2"
"TMA_ZAGREB",5,"Crossing Both In Vertical","Current","1","3"
"TMA_ZAGREB",3,"Crossing Both In Vertical","Current","1","4"
"TMA_ZAGREB",3,"Crossing Both In Vertical","Current","1","5"
"TMA_ZAGREB",3,"Crossing Both In Vertical","Current","2","1"
"TMA_ZAGREB",3,"Crossing Both In Vertical","Current","2","2"
"TMA_ZAGREB",1,"Crossing Both In Vertical","Current","2","3"
"TMA_ZAGREB",2,"Crossing Both In Vertical","Current","2","4"
"TMA_ZAGREB",1,"Crossing Both In Vertical","Current","2","5"
"TMA_ZAGREB",3,"Crossing Both In Vertical","PBN","1","1"
"TMA_ZAGREB",1,"Crossing Both In Vertical","PBN","1","2"
"TMA_ZAGREB",3,"Crossing Both In Vertical","PBN","1","3"
"TMA_ZAGREB",2,"Crossing Both In Vertical","PBN","1","4"
"TMA_ZAGREB",2,"Crossing Both In Vertical","PBN","1","5"
"TMA_ZAGREB",3,"Crossing Both In Vertical","PBN","2","1"
"TMA_ZAGREB",3,"Crossing Both In Vertical","PBN","2","2"
"TMA_ZAGREB",2,"Crossing Both In Vertical","PBN","2","3"
"TMA_ZAGREB",2,"Crossing Both In Vertical","PBN","2","5"
"TMA_ZAGREB",4,"Crossing One In Vertical","Current","1","1"
"TMA_ZAGREB",5,"Crossing One In Vertical","Current","1","2"
"TMA_ZAGREB",3,"Crossing One In Vertical","Current","1","3"
"TMA_ZAGREB",5,"Crossing One In Vertical","Current","1","4"
"TMA_ZAGREB",4,"Crossing One In Vertical","Current","1","5"
"TMA_ZAGREB",3,"Crossing One In Vertical","Current","2","1"
"TMA_ZAGREB",2,"Crossing One In Vertical","Current","2","2"
"TMA_ZAGREB",1,"Crossing One In Vertical","Current","2","4"
"TMA_ZAGREB",1,"Crossing One In Vertical","Current","2","5"
"TMA_ZAGREB",1,"Crossing One In Vertical","PBN","1","1"
"TMA_ZAGREB",2,"Crossing One In Vertical","PBN","1","2"
"TMA_ZAGREB",2,"Crossing One In Vertical","PBN","1","3"
"TMA_ZAGREB",1,"Crossing One In Vertical","PBN","1","4"
"TMA_ZAGREB",3,"Crossing One In Vertical","PBN","1","5"
"TMA_ZAGREB",3,"Crossing One In Vertical","PBN","2","1"
"TMA_ZAGREB",3,"Crossing One In Vertical","PBN","2","2"
"TMA_ZAGREB",2,"Crossing One In Vertical","PBN","2","3"
"TMA_ZAGREB",1,"Crossing One In Vertical","PBN","2","5"
"TMA_ZAGREB",1,"Opposite Both Cruising","PBN","1","2"
"TMA_ZAGREB",1,"Opposite Both Cruising","PBN","1","3"
"TMA_ZAGREB",1,"Opposite Both Cruising","PBN","2","1"
"TMA_ZAGREB",1,"Opposite Both Cruising","PBN","2","2"
"TMA_ZAGREB",2,"Opposite Both In Vertical","Current","1","1"
"TMA_ZAGREB",1,"Opposite Both In Vertical","Current","1","2"
"TMA_ZAGREB",1,"Opposite Both In Vertical","Current","1","4"
"TMA_ZAGREB",6,"Opposite Both In Vertical","Current","2","1"
"TMA_ZAGREB",3,"Opposite Both In Vertical","Current","2","2"
"TMA_ZAGREB",4,"Opposite Both In Vertical","Current","2","3"
"TMA_ZAGREB",4,"Opposite Both In Vertical","Current","2","4"
"TMA_ZAGREB",6,"Opposite Both In Vertical","Current","2","5"
"TMA_ZAGREB",1,"Opposite Both In Vertical","PBN","1","2"
"TMA_ZAGREB",1,"Opposite Both In Vertical","PBN","1","3"
"TMA_ZAGREB",1,"Opposite Both In Vertical","PBN","1","5"
"TMA_ZAGREB",4,"Opposite Both In Vertical","PBN","2","1"
"TMA_ZAGREB",4,"Opposite Both In Vertical","PBN","2","2"
"TMA_ZAGREB",2,"Opposite Both In Vertical","PBN","2","3"
"TMA_ZAGREB",2,"Opposite Both In Vertical","PBN","2","4"
"TMA_ZAGREB",3,"Opposite Both In Vertical","PBN","2","5"
"TMA_ZAGREB",2,"Opposite One In Vertical","Current","1","2"
"TMA_ZAGREB",2,"Opposite One In Vertical","Current","1","4"
"TMA_ZAGREB",1,"Opposite One In Vertical","Current","1","5"
"TMA_ZAGREB",3,"Opposite One In Vertical","Current","2","2"
"TMA_ZAGREB",1,"Opposite One In Vertical","Current","2","4"
"TMA_ZAGREB",2,"Opposite One In Vertical","Current","2","5"
"TMA_ZAGREB",1,"Opposite One In Vertical","PBN","1","1"
"TMA_ZAGREB",2,"Opposite One In Vertical","PBN","1","2"
"TMA_ZAGREB",2,"Opposite One In Vertical","PBN","1","3"
"TMA_ZAGREB",2,"Opposite One In Vertical","PBN","1","4"
"TMA_ZAGREB",1,"Opposite One In Vertical","PBN","2","2"
"TMA_ZAGREB",3,"Opposite One In Vertical","PBN","2","3"
"TMA_ZAGREB",1,"Opposite One In Vertical","PBN","2","4"
"TMA_ZAGREB",1,"Opposite One In Vertical","PBN","2","5"
"TMA_ZAGREB",1,"Same Track Both In Vertical","Current","1","1"
"TMA_ZAGREB",3,"Same Track Both In Vertical","Current","1","3"
"TMA_ZAGREB",3,"Same Track Both In Vertical","Current","1","4"
"TMA_ZAGREB",1,"Same Track Both In Vertical","Current","2","1"
"TMA_ZAGREB",3,"Same Track Both In Vertical","Current","2","2"
"TMA_ZAGREB",1,"Same Track Both In Vertical","Current","2","4"
"TMA_ZAGREB",1,"Same Track Both In Vertical","Current","2","5"
"TMA_ZAGREB",1,"Same Track Both In Vertical","PBN","1","1"
"TMA_ZAGREB",1,"Same Track Both In Vertical","PBN","1","2"
"TMA_ZAGREB",2,"Same Track Both In Vertical","PBN","1","3"
"TMA_ZAGREB",1,"Same Track Both In Vertical","PBN","1","4"
"TMA_ZAGREB",3,"Same Track Both In Vertical","PBN","2","1"
"TMA_ZAGREB",1,"Same Track Both In Vertical","PBN","2","2"
"TMA_ZAGREB",2,"Same Track Both In Vertical","PBN","2","3"
"TMA_ZAGREB",2,"Same Track Both In Vertical","PBN","2","4"
"TMA_ZAGREB",2,"Same Track Both In Vertical","PBN","2","5"
"TMA_ZAGREB",1,"Same Track One In Vertical","Current","1","5"
"TMA_ZAGREB",1,"Same Track One In Vertical","Current","2","1"
"TMA_ZAGREB",1,"Same Track One In Vertical","Current","2","3"
"TMA_ZAGREB",2,"Same Track One In Vertical","Current","2","4"
"TMA_ZAGREB",1,"Same Track One In Vertical","Current","2","5"
"TMA_ZAGREB",1,"Same Track One In Vertical","PBN","1","3"
"TMA_ZAGREB",1,"Same Track One In Vertical","PBN","2","1"
"TMA_ZAGREB",1,"Same Track One In Vertical","PBN","2","2"
"TMA_ZAGREB",2,"Same Track One In Vertical","PBN","2","3"
"TMA_ZAGREB",1,"Same Track One In Vertical","PBN","2","4"
"TMA_ZAGREB",2,"Same Track One In Vertical","PBN","2","5"
"All Sectors",5,"Crossing Both Cruising","Current","1","1"
"All Sectors",25,"Crossing Both In Vertical","Current","1","1"
"All Sectors",49,"Crossing One In Vertical","Current","1","1"
"All Sectors",4,"Opposite Both Cruising","Current","1","1"
"All Sectors",28,"Opposite Both In Vertical","Current","1","1"
"All Sectors",54,"Opposite One In Vertical","Current","1","1"
"All Sectors",5,"Same Track Both Cruising","Current","1","1"
"All Sectors",20,"Same Track Both In Vertical","Current","1","1"
"All Sectors",31,"Same Track One In Vertical","Current","1","1"
"All Sectors",16,"Crossing Both In Vertical","PBN","1","1"
"All Sectors",37,"Crossing One In Vertical","PBN","1","1"
"All Sectors",2,"Opposite Both Cruising","PBN","1","1"
"All Sectors",19,"Opposite Both In Vertical","PBN","1","1"
"All Sectors",55,"Opposite One In Vertical","PBN","1","1"
"All Sectors",5,"Same Track Both Cruising","PBN","1","1"
"All Sectors",9,"Same Track Both In Vertical","PBN","1","1"
"All Sectors",21,"Same Track One In Vertical","PBN","1","1"
"All Sectors",1,"Crossing Both Cruising","Current","2","1"
"All Sectors",42,"Crossing Both In Vertical","Current","2","1"
"All Sectors",31,"Crossing One In Vertical","Current","2","1"
"All Sectors",1,"Opposite Both Cruising","Current","2","1"
"All Sectors",177,"Opposite Both In Vertical","Current","2","1"
"All Sectors",60,"Opposite One In Vertical","Current","2","1"
"All Sectors",4,"Same Track Both Cruising","Current","2","1"
"All Sectors",14,"Same Track Both In Vertical","Current","2","1"
"All Sectors",23,"Same Track One In Vertical","Current","2","1"
"All Sectors",3,"Crossing Both Cruising","PBN","2","1"
"All Sectors",21,"Crossing Both In Vertical","PBN","2","1"
"All Sectors",34,"Crossing One In Vertical","PBN","2","1"
"All Sectors",5,"Opposite Both Cruising","PBN","2","1"
"All Sectors",31,"Opposite Both In Vertical","PBN","2","1"
"All Sectors",41,"Opposite One In Vertical","PBN","2","1"
"All Sectors",3,"Same Track Both Cruising","PBN","2","1"
"All Sectors",22,"Same Track Both In Vertical","PBN","2","1"
"All Sectors",29,"Same Track One In Vertical","PBN","2","1"
"All Sectors",3,"Crossing Both Cruising","Current","1","2"
"All Sectors",20,"Crossing Both In Vertical","Current","1","2"
"All Sectors",35,"Crossing One In Vertical","Current","1","2"
"All Sectors",4,"Opposite Both Cruising","Current","1","2"
"All Sectors",25,"Opposite Both In Vertical","Current","1","2"
"All Sectors",62,"Opposite One In Vertical","Current","1","2"
"All Sectors",5,"Same Track Both Cruising","Current","1","2"
"All Sectors",16,"Same Track Both In Vertical","Current","1","2"
"All Sectors",25,"Same Track One In Vertical","Current","1","2"
"All Sectors",6,"Crossing Both Cruising","PBN","1","2"
"All Sectors",11,"Crossing Both In Vertical","PBN","1","2"
"All Sectors",56,"Crossing One In Vertical","PBN","1","2"
"All Sectors",5,"Opposite Both Cruising","PBN","1","2"
"All Sectors",23,"Opposite Both In Vertical","PBN","1","2"
"All Sectors",63,"Opposite One In Vertical","PBN","1","2"
"All Sectors",4,"Same Track Both Cruising","PBN","1","2"
"All Sectors",14,"Same Track Both In Vertical","PBN","1","2"
"All Sectors",18,"Same Track One In Vertical","PBN","1","2"
"All Sectors",2,"Crossing Both Cruising","Current","2","2"
"All Sectors",46,"Crossing Both In Vertical","Current","2","2"
"All Sectors",35,"Crossing One In Vertical","Current","2","2"
"All Sectors",2,"Opposite Both Cruising","Current","2","2"
"All Sectors",146,"Opposite Both In Vertical","Current","2","2"
"All Sectors",58,"Opposite One In Vertical","Current","2","2"
"All Sectors",1,"Same Track Both Cruising","Current","2","2"
"All Sectors",20,"Same Track Both In Vertical","Current","2","2"
"All Sectors",14,"Same Track One In Vertical","Current","2","2"
"All Sectors",3,"Crossing Both Cruising","PBN","2","2"
"All Sectors",17,"Crossing Both In Vertical","PBN","2","2"
"All Sectors",25,"Crossing One In Vertical","PBN","2","2"
"All Sectors",2,"Opposite Both Cruising","PBN","2","2"
"All Sectors",41,"Opposite Both In Vertical","PBN","2","2"
"All Sectors",44,"Opposite One In Vertical","PBN","2","2"
"All Sectors",2,"Same Track Both Cruising","PBN","2","2"
"All Sectors",16,"Same Track Both In Vertical","PBN","2","2"
"All Sectors",21,"Same Track One In Vertical","PBN","2","2"
"All Sectors",1,"Crossing Both Cruising","Current","1","3"
"All Sectors",17,"Crossing Both In Vertical","Current","1","3"
"All Sectors",49,"Crossing One In Vertical","Current","1","3"
"All Sectors",4,"Opposite Both Cruising","Current","1","3"
"All Sectors",24,"Opposite Both In Vertical","Current","1","3"
"All Sectors",53,"Opposite One In Vertical","Current","1","3"
"All Sectors",2,"Same Track Both Cruising","Current","1","3"
"All Sectors",22,"Same Track Both In Vertical","Current","1","3"
"All Sectors",29,"Same Track One In Vertical","Current","1","3"
"All Sectors",4,"Crossing Both Cruising","PBN","1","3"
"All Sectors",16,"Crossing Both In Vertical","PBN","1","3"
"All Sectors",31,"Crossing One In Vertical","PBN","1","3"
"All Sectors",8,"Opposite Both Cruising","PBN","1","3"
"All Sectors",19,"Opposite Both In Vertical","PBN","1","3"
"All Sectors",46,"Opposite One In Vertical","PBN","1","3"
"All Sectors",5,"Same Track Both Cruising","PBN","1","3"
"All Sectors",13,"Same Track Both In Vertical","PBN","1","3"
"All Sectors",22,"Same Track One In Vertical","PBN","1","3"
"All Sectors",4,"Crossing Both Cruising","Current","2","3"
"All Sectors",52,"Crossing Both In Vertical","Current","2","3"
"All Sectors",31,"Crossing One In Vertical","Current","2","3"
"All Sectors",7,"Opposite Both Cruising","Current","2","3"
"All Sectors",139,"Opposite Both In Vertical","Current","2","3"
"All Sectors",51,"Opposite One In Vertical","Current","2","3"
"All Sectors",7,"Same Track Both Cruising","Current","2","3"
"All Sectors",14,"Same Track Both In Vertical","Current","2","3"
"All Sectors",21,"Same Track One In Vertical","Current","2","3"
"All Sectors",4,"Crossing Both Cruising","PBN","2","3"
"All Sectors",15,"Crossing Both In Vertical","PBN","2","3"
"All Sectors",25,"Crossing One In Vertical","PBN","2","3"
"All Sectors",4,"Opposite Both Cruising","PBN","2","3"
"All Sectors",32,"Opposite Both In Vertical","PBN","2","3"
"All Sectors",47,"Opposite One In Vertical","PBN","2","3"
"All Sectors",2,"Same Track Both Cruising","PBN","2","3"
"All Sectors",12,"Same Track Both In Vertical","PBN","2","3"
"All Sectors",14,"Same Track One In Vertical","PBN","2","3"
"All Sectors",3,"Crossing Both Cruising","Current","1","4"
"All Sectors",20,"Crossing Both In Vertical","Current","1","4"
"All Sectors",43,"Crossing One In Vertical","Current","1","4"
"All Sectors",4,"Opposite Both Cruising","Current","1","4"
"All Sectors",28,"Opposite Both In Vertical","Current","1","4"
"All Sectors",65,"Opposite One In Vertical","Current","1","4"
"All Sectors",4,"Same Track Both Cruising","Current","1","4"
"All Sectors",16,"Same Track Both In Vertical","Current","1","4"
"All Sectors",36,"Same Track One In Vertical","Current","1","4"
"All Sectors",2,"Crossing Both Cruising","PBN","1","4"
"All Sectors",14,"Crossing Both In Vertical","PBN","1","4"
"All Sectors",43,"Crossing One In Vertical","PBN","1","4"
"All Sectors",3,"Opposite Both Cruising","PBN","1","4"
"All Sectors",21,"Opposite Both In Vertical","PBN","1","4"
"All Sectors",51,"Opposite One In Vertical","PBN","1","4"
"All Sectors",5,"Same Track Both Cruising","PBN","1","4"
"All Sectors",14,"Same Track Both In Vertical","PBN","1","4"
"All Sectors",27,"Same Track One In Vertical","PBN","1","4"
"All Sectors",3,"Crossing Both Cruising","Current","2","4"
"All Sectors",57,"Crossing Both In Vertical","Current","2","4"
"All Sectors",33,"Crossing One In Vertical","Current","2","4"
"All Sectors",7,"Opposite Both Cruising","Current","2","4"
"All Sectors",146,"Opposite Both In Vertical","Current","2","4"
"All Sectors",47,"Opposite One In Vertical","Current","2","4"
"All Sectors",2,"Same Track Both Cruising","Current","2","4"
"All Sectors",9,"Same Track Both In Vertical","Current","2","4"
"All Sectors",34,"Same Track One In Vertical","Current","2","4"
"All Sectors",5,"Crossing Both Cruising","PBN","2","4"
"All Sectors",12,"Crossing Both In Vertical","PBN","2","4"
"All Sectors",42,"Crossing One In Vertical","PBN","2","4"
"All Sectors",1,"Opposite Both Cruising","PBN","2","4"
"All Sectors",27,"Opposite Both In Vertical","PBN","2","4"
"All Sectors",37,"Opposite One In Vertical","PBN","2","4"
"All Sectors",2,"Same Track Both Cruising","PBN","2","4"
"All Sectors",19,"Same Track Both In Vertical","PBN","2","4"
"All Sectors",18,"Same Track One In Vertical","PBN","2","4"
"All Sectors",4,"Crossing Both Cruising","Current","1","5"
"All Sectors",16,"Crossing Both In Vertical","Current","1","5"
"All Sectors",35,"Crossing One In Vertical","Current","1","5"
"All Sectors",2,"Opposite Both Cruising","Current","1","5"
"All Sectors",22,"Opposite Both In Vertical","Current","1","5"
"All Sectors",50,"Opposite One In Vertical","Current","1","5"
"All Sectors",4,"Same Track Both Cruising","Current","1","5"
"All Sectors",21,"Same Track Both In Vertical","Current","1","5"
"All Sectors",26,"Same Track One In Vertical","Current","1","5"
"All Sectors",4,"Crossing Both Cruising","PBN","1","5"
"All Sectors",12,"Crossing Both In Vertical","PBN","1","5"
"All Sectors",46,"Crossing One In Vertical","PBN","1","5"
"All Sectors",6,"Opposite Both Cruising","PBN","1","5"
"All Sectors",22,"Opposite Both In Vertical","PBN","1","5"
"All Sectors",49,"Opposite One In Vertical","PBN","1","5"
"All Sectors",6,"Same Track Both Cruising","PBN","1","5"
"All Sectors",15,"Same Track Both In Vertical","PBN","1","5"
"All Sectors",26,"Same Track One In Vertical","PBN","1","5"
"All Sectors",4,"Crossing Both Cruising","Current","2","5"
"All Sectors",46,"Crossing Both In Vertical","Current","2","5"
"All Sectors",24,"Crossing One In Vertical","Current","2","5"
"All Sectors",3,"Opposite Both Cruising","Current","2","5"
"All Sectors",149,"Opposite Both In Vertical","Current","2","5"
"All Sectors",51,"Opposite One In Vertical","Current","2","5"
"All Sectors",3,"Same Track Both Cruising","Current","2","5"
"All Sectors",10,"Same Track Both In Vertical","Current","2","5"
"All Sectors",19,"Same Track One In Vertical","Current","2","5"
"All Sectors",4,"Crossing Both Cruising","PBN","2","5"
"All Sectors",18,"Crossing Both In Vertical","PBN","2","5"
"All Sectors",29,"Crossing One In Vertical","PBN","2","5"
"All Sectors",6,"Opposite Both Cruising","PBN","2","5"
"All Sectors",28,"Opposite Both In Vertical","PBN","2","5"
"All Sectors",56,"Opposite One In Vertical","PBN","2","5"
"All Sectors",1,"Same Track Both Cruising","PBN","2","5"
"All Sectors",18,"Same Track Both In Vertical","PBN","2","5"
"All Sectors",21,"Same Track One In Vertical","PBN","2","5"
"All TMA",2,"Crossing Both Cruising","Current","1","1"
"All TMA",12,"Crossing Both In Vertical","Current","1","1"
"All TMA",18,"Crossing One In Vertical","Current","1","1"
"All TMA",2,"Opposite Both Cruising","Current","1","1"
"All TMA",7,"Opposite Both In Vertical","Current","1","1"
"All TMA",6,"Opposite One In Vertical","Current","1","1"
"All TMA",9,"Same Track Both In Vertical","Current","1","1"
"All TMA",11,"Same Track One In Vertical","Current","1","1"
"All TMA",9,"Crossing Both In Vertical","PBN","1","1"
"All TMA",10,"Crossing One In Vertical","PBN","1","1"
"All TMA",3,"Opposite Both In Vertical","PBN","1","1"
"All TMA",6,"Opposite One In Vertical","PBN","1","1"
"All TMA",1,"Same Track Both Cruising","PBN","1","1"
"All TMA",4,"Same Track Both In Vertical","PBN","1","1"
"All TMA",6,"Same Track One In Vertical","PBN","1","1"
"All TMA",1,"Crossing Both Cruising","Current","2","1"
"All TMA",33,"Crossing Both In Vertical","Current","2","1"
"All TMA",11,"Crossing One In Vertical","Current","2","1"
"All TMA",140,"Opposite Both In Vertical","Current","2","1"
"All TMA",6,"Opposite One In Vertical","Current","2","1"
"All TMA",6,"Same Track Both In Vertical","Current","2","1"
"All TMA",5,"Same Track One In Vertical","Current","2","1"
"All TMA",2,"Crossing Both Cruising","PBN","2","1"
"All TMA",13,"Crossing Both In Vertical","PBN","2","1"
"All TMA",16,"Crossing One In Vertical","PBN","2","1"
"All TMA",2,"Opposite Both Cruising","PBN","2","1"
"All TMA",10,"Opposite Both In Vertical","PBN","2","1"
"All TMA",8,"Opposite One In Vertical","PBN","2","1"
"All TMA",9,"Same Track Both In Vertical","PBN","2","1"
"All TMA",7,"Same Track One In Vertical","PBN","2","1"
"All TMA",12,"Crossing Both In Vertical","Current","1","2"
"All TMA",17,"Crossing One In Vertical","Current","1","2"
"All TMA",1,"Opposite Both Cruising","Current","1","2"
"All TMA",7,"Opposite Both In Vertical","Current","1","2"
"All TMA",12,"Opposite One In Vertical","Current","1","2"
"All TMA",5,"Same Track Both In Vertical","Current","1","2"
"All TMA",6,"Same Track One In Vertical","Current","1","2"
"All TMA",1,"Crossing Both Cruising","PBN","1","2"
"All TMA",6,"Crossing Both In Vertical","PBN","1","2"
"All TMA",13,"Crossing One In Vertical","PBN","1","2"
"All TMA",1,"Opposite Both Cruising","PBN","1","2"
"All TMA",10,"Opposite Both In Vertical","PBN","1","2"
"All TMA",12,"Opposite One In Vertical","PBN","1","2"
"All TMA",4,"Same Track Both In Vertical","PBN","1","2"
"All TMA",7,"Same Track One In Vertical","PBN","1","2"
"All TMA",1,"Crossing Both Cruising","Current","2","2"
"All TMA",35,"Crossing Both In Vertical","Current","2","2"
"All TMA",20,"Crossing One In Vertical","Current","2","2"
"All TMA",114,"Opposite Both In Vertical","Current","2","2"
"All TMA",17,"Opposite One In Vertical","Current","2","2"
"All TMA",8,"Same Track Both In Vertical","Current","2","2"
"All TMA",1,"Same Track One In Vertical","Current","2","2"
"All TMA",1,"Crossing Both Cruising","PBN","2","2"
"All TMA",8,"Crossing Both In Vertical","PBN","2","2"
"All TMA",12,"Crossing One In Vertical","PBN","2","2"
"All TMA",2,"Opposite Both Cruising","PBN","2","2"
"All TMA",14,"Opposite Both In Vertical","PBN","2","2"
"All TMA",8,"Opposite One In Vertical","PBN","2","2"
"All TMA",1,"Same Track Both Cruising","PBN","2","2"
"All TMA",7,"Same Track Both In Vertical","PBN","2","2"
"All TMA",8,"Same Track One In Vertical","PBN","2","2"
"All TMA",7,"Crossing Both In Vertical","Current","1","3"
"All TMA",14,"Crossing One In Vertical","Current","1","3"
"All TMA",2,"Opposite Both Cruising","Current","1","3"
"All TMA",13,"Opposite Both In Vertical","Current","1","3"
"All TMA",10,"Opposite One In Vertical","Current","1","3"
"All TMA",11,"Same Track Both In Vertical","Current","1","3"
"All TMA",4,"Same Track One In Vertical","Current","1","3"
"All TMA",1,"Crossing Both Cruising","PBN","1","3"
"All TMA",10,"Crossing Both In Vertical","PBN","1","3"
"All TMA",13,"Crossing One In Vertical","PBN","1","3"
"All TMA",4,"Opposite Both Cruising","PBN","1","3"
"All TMA",7,"Opposite Both In Vertical","PBN","1","3"
"All TMA",11,"Opposite One In Vertical","PBN","1","3"
"All TMA",1,"Same Track Both Cruising","PBN","1","3"
"All TMA",5,"Same Track Both In Vertical","PBN","1","3"
"All TMA",6,"Same Track One In Vertical","PBN","1","3"
"All TMA",3,"Crossing Both Cruising","Current","2","3"
"All TMA",40,"Crossing Both In Vertical","Current","2","3"
"All TMA",8,"Crossing One In Vertical","Current","2","3"
"All TMA",2,"Opposite Both Cruising","Current","2","3"
"All TMA",104,"Opposite Both In Vertical","Current","2","3"
"All TMA",7,"Opposite One In Vertical","Current","2","3"
"All TMA",2,"Same Track Both In Vertical","Current","2","3"
"All TMA",5,"Same Track One In Vertical","Current","2","3"
"All TMA",2,"Crossing Both Cruising","PBN","2","3"
"All TMA",6,"Crossing Both In Vertical","PBN","2","3"
"All TMA",9,"Crossing One In Vertical","PBN","2","3"
"All TMA",2,"Opposite Both Cruising","PBN","2","3"
"All TMA",12,"Opposite Both In Vertical","PBN","2","3"
"All TMA",8,"Opposite One In Vertical","PBN","2","3"
"All TMA",1,"Same Track Both Cruising","PBN","2","3"
"All TMA",5,"Same Track Both In Vertical","PBN","2","3"
"All TMA",3,"Same Track One In Vertical","PBN","2","3"
"All TMA",1,"Crossing Both Cruising","Current","1","4"
"All TMA",9,"Crossing Both In Vertical","Current","1","4"
"All TMA",16,"Crossing One In Vertical","Current","1","4"
"All TMA",1,"Opposite Both Cruising","Current","1","4"
"All TMA",8,"Opposite Both In Vertical","Current","1","4"
"All TMA",11,"Opposite One In Vertical","Current","1","4"
"All TMA",7,"Same Track Both In Vertical","Current","1","4"
"All TMA",7,"Same Track One In Vertical","Current","1","4"
"All TMA",2,"Crossing Both Cruising","PBN","1","4"
"All TMA",7,"Crossing Both In Vertical","PBN","1","4"
"All TMA",11,"Crossing One In Vertical","PBN","1","4"
"All TMA",1,"Opposite Both Cruising","PBN","1","4"
"All TMA",5,"Opposite Both In Vertical","PBN","1","4"
"All TMA",10,"Opposite One In Vertical","PBN","1","4"
"All TMA",2,"Same Track Both In Vertical","PBN","1","4"
"All TMA",7,"Same Track One In Vertical","PBN","1","4"
"All TMA",2,"Crossing Both Cruising","Current","2","4"
"All TMA",45,"Crossing Both In Vertical","Current","2","4"
"All TMA",13,"Crossing One In Vertical","Current","2","4"
"All TMA",2,"Opposite Both Cruising","Current","2","4"
"All TMA",110,"Opposite Both In Vertical","Current","2","4"
"All TMA",9,"Opposite One In Vertical","Current","2","4"
"All TMA",4,"Same Track Both In Vertical","Current","2","4"
"All TMA",5,"Same Track One In Vertical","Current","2","4"
"All TMA",3,"Crossing Both Cruising","PBN","2","4"
"All TMA",5,"Crossing Both In Vertical","PBN","2","4"
"All TMA",16,"Crossing One In Vertical","PBN","2","4"
"All TMA",12,"Opposite Both In Vertical","PBN","2","4"
"All TMA",10,"Opposite One In Vertical","PBN","2","4"
"All TMA",1,"Same Track Both Cruising","PBN","2","4"
"All TMA",9,"Same Track Both In Vertical","PBN","2","4"
"All TMA",2,"Same Track One In Vertical","PBN","2","4"
"All TMA",2,"Crossing Both Cruising","Current","1","5"
"All TMA",9,"Crossing Both In Vertical","Current","1","5"
"All TMA",12,"Crossing One In Vertical","Current","1","5"
"All TMA",4,"Opposite Both In Vertical","Current","1","5"
"All TMA",13,"Opposite One In Vertical","Current","1","5"
"All TMA",1,"Same Track Both Cruising","Current","1","5"
"All TMA",10,"Same Track Both In Vertical","Current","1","5"
"All TMA",9,"Same Track One In Vertical","Current","1","5"
"All TMA",3,"Crossing Both Cruising","PBN","1","5"
"All TMA",4,"Crossing Both In Vertical","PBN","1","5"
"All TMA",9,"Crossing One In Vertical","PBN","1","5"
"All TMA",1,"Opposite Both Cruising","PBN","1","5"
"All TMA",5,"Opposite Both In Vertical","PBN","1","5"
"All TMA",3,"Opposite One In Vertical","PBN","1","5"
"All TMA",5,"Same Track Both In Vertical","PBN","1","5"
"All TMA",5,"Same Track One In Vertical","PBN","1","5"
"All TMA",1,"Crossing Both Cruising","Current","2","5"
"All TMA",37,"Crossing Both In Vertical","Current","2","5"
"All TMA",8,"Crossing One In Vertical","Current","2","5"
"All TMA",117,"Opposite Both In Vertical","Current","2","5"
"All TMA",12,"Opposite One In Vertical","Current","2","5"
"All TMA",5,"Same Track Both In Vertical","Current","2","5"
"All TMA",5,"Same Track One In Vertical","Current","2","5"
"All TMA",2,"Crossing Both Cruising","PBN","2","5"
"All TMA",11,"Crossing Both In Vertical","PBN","2","5"
"All TMA",12,"Crossing One In Vertical","PBN","2","5"
"All TMA",3,"Opposite Both Cruising","PBN","2","5"
"All TMA",7,"Opposite Both In Vertical","PBN","2","5"
"All TMA",12,"Opposite One In Vertical","PBN","2","5"
"All TMA",5,"Same Track Both In Vertical","PBN","2","5"
"All TMA",5,"Same Track One In Vertical","PBN","2","5"
