"Airport","Scenario","RoutingType","Waypoint","FuelBurn"
"LDDU","Current","Arrival","AIOSA",308.7
"LDSP","Current","Arrival","AIOSA",604.48
"LDZA","Current","Arrival","AIOSA",282.13
"LDZD","Current","Arrival","AIOSA",1802.57
"LDDU","Current","Departure","AIOSA",1312.15
"LDDU","Current","Arrival","ALIVO",104.12
"LDDU","Current","Departure","ALIVO",2182.25
"LDPL","Current","Departure","ALIVO",6981.24
"LDRI","Current","Departure","ALIVO",10060.82
"LDSP","Current","Departure","ALIVO",3626.82
"LDZA","Current","Arrival","ARGOM",4883.28
"LDDU","Current","Arrival","ARMIX",1085
"LDRI","Current","Arrival","ARMIX",1689.85
"LDSP","Current","Arrival","ARMIX",1197.48
"LDDU","Current","Arrival","BAREB",1722.82
"LDSP","Current","Arrival","BAREB",1018.22
"LDDU","Current","Departure","BAXON",6397.91
"LDSP","Current","Departure","BAXON",11439.02
"LDDU","Current","Arrival","BUSET",5692.27
"LDSP","Current","Arrival","BUSET",1625.04
"LDZD","Current","Arrival","BUSET",1554.57
"LDDU","Current","Departure","BUSET",2391.4
"LDSP","Current","Departure","BUSET",9777.3
"LDZD","Current","Departure","BUSET",8259.21
"LDDU","Current","Arrival","DARZA",1223.6
"LDSB","Current","Arrival","DARZA",523.67
"LDSP","Current","Arrival","DARZA",11697.88
"LDZD","Current","Arrival","DARZA",941.04
"LDDU","Current","Departure","DARZA",16184.54
"LDSP","Current","Departure","DARZA",5925.5
"LDZD","Current","Departure","DARZA",1360.67
"LDDU","Current","Departure","EDUGI",2380.18
"LDDU","PBN","Arrival","FUT AIOSA",313.02
"LDSP","PBN","Arrival","FUT AIOSA",635.23
"LDZA","PBN","Arrival","FUT AIOSA",285.43
"LDZD","PBN","Arrival","FUT AIOSA",1837.75
"LDDU","PBN","Arrival","FUT ALIVO",111.58
"LDZA","PBN","Arrival","FUT ARGOM",4753.62
"LDDU","PBN","Arrival","FUT ARMIX",1088.27
"LDRI","PBN","Arrival","FUT ARMIX",1741.87
"LDSP","PBN","Arrival","FUT ARMIX",1197.48
"LDDU","PBN","Arrival","FUT BAREB",1779.53
"LDOS","PBN","Arrival","FUT BAREB",110.65
"LDSP","PBN","Arrival","FUT BAREB",1072.05
"LDDU","PBN","Arrival","FUT BUSET",5700.32
"LDSP","PBN","Arrival","FUT BUSET",1625.04
"LDZD","PBN","Arrival","FUT BUSET",1737.09
"LDDU","PBN","Arrival","FUT DARZA",1325.3
"LDSB","PBN","Arrival","FUT DARZA",523.67
"LDSP","PBN","Arrival","FUT DARZA",11713.06
"LDZD","PBN","Arrival","FUT DARZA",977.6
"LDZD","PBN","Arrival","FUT GEMKA",1469.05
"LDZD","PBN","Arrival","FUT GIRDA",2485.79
"LDDU","PBN","Arrival","FUT KATTI",6227.8
"LDDU","PBN","Arrival","FUT KOPRY",2029.83
"LDPL","PBN","Arrival","FUT KOPRY",2310.77
"LDSB","PBN","Arrival","FUT KOPRY",708.35
"LDSP","PBN","Arrival","FUT KOPRY",18526.81
"LDZA","PBN","Arrival","FUT KOPRY",1537.76
"LDZD","PBN","Arrival","FUT KOPRY",725.77
"LDDU","PBN","Arrival","FUT LABIN",10573.25
"LDSB","PBN","Arrival","FUT LABIN",751.1
"LDSP","PBN","Arrival","FUT LABIN",8666.59
"LDZA","PBN","Arrival","FUT LABIN",1684.65
"LDZD","PBN","Arrival","FUT LABIN",1891.75
"LDZA","PBN","Arrival","FUT LDDU",7378.98
"LDZA","PBN","Arrival","FUT LDLO",129.05
"LDPL","PBN","Arrival","FUT LDOS",430.45
"LDSP","PBN","Arrival","FUT LDOS",797.25
"LDZA","PBN","Arrival","FUT LDOS",520.66
"LDOS","PBN","Arrival","FUT LDPL",377.88
"LDSP","PBN","Arrival","FUT LDPL",235.77
"LDZD","PBN","Arrival","FUT LDPL",353.53
"LDZA","PBN","Arrival","FUT LDSB",681.13
"LDDU","PBN","Arrival","FUT LDSP",1048.58
"LDOS","PBN","Arrival","FUT LDSP",751.62
"LDPL","PBN","Arrival","FUT LDSP",260.23
"LDZA","PBN","Arrival","FUT LDSP",3239.07
"LDZA","PBN","Arrival","FUT LDVA",1311.18
"LDDU","PBN","Arrival","FUT LDZA",5530.67
"LDLO","PBN","Arrival","FUT LDZA",145.05
"LDOS","PBN","Arrival","FUT LDZA",457.86
"LDSB","PBN","Arrival","FUT LDZA",683.82
"LDSP","PBN","Arrival","FUT LDZA",4991.02
"LDZD","PBN","Arrival","FUT LDZA",567.23
"LDDU","PBN","Arrival","FUT LDZD",487.1
"LDPL","PBN","Arrival","FUT LDZD",452.85
"LDSB","PBN","Arrival","FUT LDZD",393.26
"LDZA","PBN","Arrival","FUT LDZD",483.98
"LDZD","PBN","Arrival","FUT LDZD",778.91
"LDPL","PBN","Arrival","FUT LJMB",6.27
"LDSB","PBN","Arrival","FUT LOWG",904.43
"LDZA","PBN","Arrival","FUT LOWG",28.98
"LDZA","PBN","Arrival","FUT LQSA",726.2
"LDDU","PBN","Arrival","FUT LYPG",853.12
"LDSB","PBN","Arrival","FUT LYTV",53.37
"LDDU","PBN","Arrival","FUT MOKUN",2418.63
"LDSP","PBN","Arrival","FUT NEMEK",1579.02
"LDDU","PBN","Arrival","FUT NIKOL",1215.82
"LDZD","PBN","Arrival","FUT NIKOL",561.43
"LDZA","PBN","Arrival","FUT OSLUD",232.78
"LDZA","PBN","Arrival","FUT OUTSIDE FIR E",3770.56
"LDPL","PBN","Arrival","FUT OUTSIDE FIR NE",5237.54
"LDSP","PBN","Arrival","FUT OUTSIDE FIR NE",1940.88
"LDZD","PBN","Arrival","FUT OUTSIDE FIR NE",979.64
"LDDU","PBN","Arrival","FUT OUTSIDE FIR NW",2953.28
"LDPL","PBN","Arrival","FUT OUTSIDE FIR NW",3914.96
"LDSP","PBN","Arrival","FUT OUTSIDE FIR NW",8464.53
"LDZD","PBN","Arrival","FUT OUTSIDE FIR NW",807.55
"LDZA","PBN","Arrival","FUT PERAN",1020.6
"LDZA","PBN","Arrival","FUT PEROT",2159.93
"LDDU","PBN","Arrival","FUT PETOV",8969.18
"LDPL","PBN","Arrival","FUT PETOV",620.52
"LDZA","PBN","Arrival","FUT PETOV",1314.79
"LDDU","PBN","Arrival","FUT PEVAL",10228.7
"LDSB","PBN","Arrival","FUT PEVAL",2961.93
"LDSP","PBN","Arrival","FUT PEVAL",2325.24
"LDZD","PBN","Arrival","FUT PEVAL",3216.23
"LDSB","PBN","Arrival","FUT RODON",176.73
"LDSP","PBN","Arrival","FUT RODON",842.22
"LDDU","PBN","Arrival","FUT ROTAR",3220.74
"LDPL","PBN","Arrival","FUT ROTAR",2993.59
"LDSP","PBN","Arrival","FUT ROTAR",1416.88
"LDDU","PBN","Arrival","FUT SABAD",6701.61
"LDSB","PBN","Arrival","FUT SABAD",529.02
"LDSP","PBN","Arrival","FUT SABAD",15325.42
"LDZD","PBN","Arrival","FUT SABAD",443.92
"LDDU","PBN","Arrival","FUT TORPO",4879.6
"LDSB","PBN","Arrival","FUT TORPO",466.35
"LDSP","PBN","Arrival","FUT TORPO",2632.25
"LDZD","PBN","Arrival","FUT TORPO",202.75
"LDZA","PBN","Arrival","FUT TUVAR",956.02
"LDZA","PBN","Arrival","FUT VAKSU",1155.32
"LDDU","PBN","Arrival","FUT VAPUP",1203.63
"LDSP","PBN","Arrival","FUT VAPUP",745.64
"LDDU","PBN","Arrival","FUT VEBAL",2336.56
"LDPL","PBN","Arrival","FUT VEBAR",822.62
"LDSP","PBN","Arrival","FUT VEBAR",704.68
"LDZA","PBN","Arrival","FUT XOLTA",970.2
"LDZD","Current","Arrival","GEMKA",1317.55
"LDSB","Current","Departure","GEMKA",744.98
"LDZD","Current","Arrival","GIRDA",2242.13
"LDPL","Current","Departure","GIRDA",16209.69
"LDZD","Current","Departure","GIRDA",1717.77
"LDDU","Current","Arrival","KATTI",5210.03
"LDDU","Current","Departure","KATTI",12716.6
"LDDU","Current","Arrival","KOPRY",1874.37
"LDPL","Current","Arrival","KOPRY",2193.44
"LDSB","Current","Arrival","KOPRY",512.13
"LDSP","Current","Arrival","KOPRY",17871.5
"LDZA","Current","Arrival","KOPRY",1522.85
"LDZD","Current","Arrival","KOPRY",606.7
"LDPL","Current","Departure","KOPRY",2121.48
"LDRI","Current","Departure","KOPRY",440.07
"LDZA","Current","Departure","KOPRY",3243.23
"LDDU","Current","Arrival","LABIN",10529.26
"LDSB","Current","Arrival","LABIN",751.1
"LDSP","Current","Arrival","LABIN",6656.48
"LDZA","Current","Arrival","LABIN",1683.97
"LDZD","Current","Arrival","LABIN",1831.24
"LDDU","Current","Departure","LABIN",4709.21
"LDRI","Current","Departure","LABIN",189.05
"LDZA","Current","Departure","LAKIK",969.24
"LDZA","Current","Arrival","LDDU",6941.89
"LDSP","Current","Departure","LDDU",931.55
"LDZA","Current","Departure","LDDU",1343.75
"LDZD","Current","Departure","LDDU",454.93
"LDZA","Current","Arrival","LDLO",129.05
"LDZA","Current","Departure","LDLO",145.12
"LDPL","Current","Arrival","LDOS",414.95
"LDSP","Current","Arrival","LDOS",764.88
"LDZA","Current","Arrival","LDOS",506.88
"LDPL","Current","Departure","LDOS",378.63
"LDSP","Current","Departure","LDOS",736.57
"LDZA","Current","Departure","LDOS",460.95
"LDOS","Current","Arrival","LDPL",378.63
"LDZD","Current","Arrival","LDPL",357.18
"LDOS","Current","Departure","LDPL",414.95
"LDSP","Current","Departure","LDPL",285.72
"LDZD","Current","Departure","LDPL",376.05
"LDZA","Current","Arrival","LDSB",636.32
"LDZA","Current","Departure","LDSB",502.83
"LDZD","Current","Departure","LDSB",355.12
"LDDU","Current","Arrival","LDSP",931.55
"LDOS","Current","Arrival","LDSP",736.57
"LDPL","Current","Arrival","LDSP",285.72
"LDZA","Current","Arrival","LDSP",3224.89
"LDOS","Current","Departure","LDSP",764.88
"LDZA","Current","Departure","LDSP",4591.78
"LDDU","Current","Arrival","LDZA",1343.75
"LDLO","Current","Arrival","LDZA",145.12
"LDOS","Current","Arrival","LDZA",460.95
"LDSB","Current","Arrival","LDZA",502.83
"LDSP","Current","Arrival","LDZA",4591.78
"LDZD","Current","Arrival","LDZA",563.88
"LDDU","Current","Departure","LDZA",6941.89
"LDLO","Current","Departure","LDZA",129.05
"LDOS","Current","Departure","LDZA",506.88
"LDSB","Current","Departure","LDZA",636.32
"LDSP","Current","Departure","LDZA",3224.89
"LDZD","Current","Departure","LDZA",466.83
"LDDU","Current","Arrival","LDZD",454.93
"LDPL","Current","Arrival","LDZD",376.05
"LDSB","Current","Arrival","LDZD",355.12
"LDZA","Current","Arrival","LDZD",466.83
"LDPL","Current","Departure","LDZD",357.18
"LDZA","Current","Departure","LDZD",563.88
"LDSB","Current","Departure","LJLJ",1050.65
"LDSB","Current","Arrival","LOWG",904.43
"LDZA","Current","Arrival","LOWG",37.48
"LDSB","Current","Departure","LOWG",883.77
"LDZA","Current","Departure","LOWG",20.55
"LDZA","Current","Arrival","LQSA",650.07
"LDZA","Current","Departure","LQSA",612.52
"LDDU","Current","Arrival","LYPG",841.15
"LDDU","Current","Departure","LYPG",393.72
"LDDU","Current","Departure","LYTV",273.65
"LDZA","Current","Departure","MITNO",2024.85
"LDDU","Current","Arrival","MOKUN",2037.1
"LDDU","Current","Departure","MOKUN",11212.94
"LDSP","Current","Arrival","NEMEK",1579.02
"LDDU","Current","Arrival","NIKOL",1216.42
"LDZD","Current","Arrival","NIKOL",506.2
"LDZA","Current","Departure","NILKU",890.75
"LDSP","Current","Departure","OBUTI",5541.8
"LDZA","Current","Departure","OBUTI",11147.34
"LDDU","Current","Departure","OBUTI 1",6846.87
"LDSB","Current","Departure","OBUTI 1",699.57
"LDDU","Current","Departure","OBUTI 2",15204.52
"LDZA","Current","Arrival","OSLUD",228.9
"LDZA","Current","Departure","OSLUD 1",2200.82
"LDZA","Current","Arrival","OUTSIDE FIR E",2.62
"LDSP","Current","Departure","OUTSIDE FIR N",1965.68
"LDZD","Current","Departure","OUTSIDE FIR N",412.18
"LDSP","Current","Departure","OUTSIDE FIR N 1",5521.2
"LDPL","Current","Arrival","OUTSIDE FIR NE",4637.86
"LDSP","Current","Arrival","OUTSIDE FIR NE",1916.68
"LDZD","Current","Arrival","OUTSIDE FIR NE",975.83
"LDZD","Current","Departure","OUTSIDE FIR NE",1983.32
"LDSP","Current","Departure","OUTSIDE FIR NE 1",11615.5
"LDDU","Current","Arrival","OUTSIDE FIR NW",2891.08
"LDPL","Current","Arrival","OUTSIDE FIR NW",3300.75
"LDSP","Current","Arrival","OUTSIDE FIR NW",8361.46
"LDZD","Current","Arrival","OUTSIDE FIR NW",758.25
"LDSP","Current","Departure","OUTSIDE FIR NW",2692.6
"LDZD","Current","Departure","OUTSIDE FIR NW",1700.17
"LDZA","Current","Arrival","PERAN",998.51
"LDZA","Current","Arrival","PEROT",1615.23
"LDZA","Current","Departure","PEROT",395
"LDSP","Current","Departure","PETAK",1624.58
"LDZD","Current","Departure","PETAK",895.8
"LDDU","Current","Arrival","PETOV",8984.54
"LDPL","Current","Arrival","PETOV",578.47
"LDZA","Current","Arrival","PETOV",1309.47
"LDSB","Current","Departure","PETOV",695.97
"LDSP","Current","Departure","PETOV",31662.48
"LDDU","Current","Arrival","PEVAL",9966.2
"LDSB","Current","Arrival","PEVAL",2961.93
"LDSP","Current","Arrival","PEVAL",1856.02
"LDZD","Current","Arrival","PEVAL",3075.13
"LDPL","Current","Departure","PEVAL",19247.16
"LDDU","Current","Departure","PEVAL 1",22326.36
"LDSB","Current","Departure","PEVAL 1",3957.28
"LDSP","Current","Departure","PEVAL 1",36260.05
"LDZD","Current","Departure","PEVAL 1",18618.73
"LDZA","Current","Departure","PODET",10678.96
"LDZA","Current","Departure","PODOB",875.57
"LDSB","Current","Arrival","RODON",176.73
"LDSP","Current","Arrival","RODON",609.52
"LDDU","Current","Arrival","ROTAR",3133.41
"LDPL","Current","Arrival","ROTAR",2963.55
"LDSP","Current","Arrival","ROTAR",1265.6
"LDDU","Current","Departure","ROTAR",26007.81
"LDSB","Current","Departure","ROTAR",1676.95
"LDZA","Current","Departure","ROTAR",5413.24
"LDSB","Current","Departure","ROTAR 1",821.53
"LDSP","Current","Departure","ROTAR 1",11001.54
"LDDU","Current","Arrival","SABAD",6727.42
"LDSB","Current","Arrival","SABAD",529.02
"LDSP","Current","Arrival","SABAD",15333.01
"LDZD","Current","Arrival","SABAD",424.9
"LDDU","Current","Departure","SABAD",11559.49
"LDSP","Current","Departure","SABAD 1",5962.08
"LDPL","Current","Departure","SOMUN",792.25
"LDSP","Current","Departure","SOMUN",747.98
"LDDU","Current","Arrival","TORPO",4661.97
"LDSB","Current","Arrival","TORPO",460.95
"LDSP","Current","Arrival","TORPO",2247.16
"LDZD","Current","Arrival","TORPO",212.05
"LDSB","Current","Departure","TORPO",1853.13
"LDSP","Current","Departure","TORPO",2320.35
"LDZD","Current","Departure","TORPO",2225.72
"LDZA","Current","Arrival","TUVAR",246.6
"LDZA","Current","Departure","TUVAR 1",11798.08
"LDZA","Current","Arrival","VAKSU",1151.65
"LDDU","Current","Arrival","VAPUP",1071.87
"LDSP","Current","Arrival","VAPUP",732.74
"LDDU","Current","Arrival","VEBAL",2358.85
"LDSB","Current","Departure","VEBAL",82.32
"LDSP","Current","Departure","VEBAL 3",29044.98
"LDPL","Current","Arrival","VEBAR",725.83
"LDSP","Current","Arrival","VEBAR",642.68
"LDDU","Current","Departure","VEBAR",1893.1
"LDDU","Current","Departure","VELUG",4897.43
"LDSP","Current","Departure","VELUG",5199.32
"LDDU","Current","Departure","XAMIT",3558.2
"LDZD","Current","Departure","XAMIT",3018.78
"LDZA","Current","Arrival","XOLTA",970.38
"LDDU","Current","Departure","XOLTA",1682.72
"LDDU","Current","Both","AIOSA",1620.85
"LDSP","Current","Both","AIOSA",604.48
"LDZA","Current","Both","AIOSA",282.13
"LDZD","Current","Both","AIOSA",1802.57
"LDDU","Current","Both","ALIVO",2286.37
"LDPL","Current","Both","ALIVO",6981.24
"LDRI","Current","Both","ALIVO",10060.82
"LDSP","Current","Both","ALIVO",3626.82
"LDZA","Current","Both","ARGOM",4883.28
"LDDU","Current","Both","ARMIX",1085
"LDRI","Current","Both","ARMIX",1689.85
"LDSP","Current","Both","ARMIX",1197.48
"LDDU","Current","Both","BAREB",1722.82
"LDSP","Current","Both","BAREB",1018.22
"LDDU","Current","Both","BAXON",6397.91
"LDSP","Current","Both","BAXON",11439.02
"LDDU","Current","Both","BUSET",8083.67
"LDSP","Current","Both","BUSET",11402.34
"LDZD","Current","Both","BUSET",9813.78
"LDDU","Current","Both","DARZA",17408.14
"LDSB","Current","Both","DARZA",523.67
"LDSP","Current","Both","DARZA",17623.38
"LDZD","Current","Both","DARZA",2301.71
"LDDU","Current","Both","EDUGI",2380.18
"LDDU","PBN","Both","FUT AIOSA",313.02
"LDSP","PBN","Both","FUT AIOSA",635.23
"LDZA","PBN","Both","FUT AIOSA",285.43
"LDZD","PBN","Both","FUT AIOSA",1837.75
"LDDU","PBN","Both","FUT ALIVO",111.58
"LDZA","PBN","Both","FUT ARGOM",4753.62
"LDDU","PBN","Both","FUT ARMIX",1088.27
"LDRI","PBN","Both","FUT ARMIX",1741.87
"LDSP","PBN","Both","FUT ARMIX",1197.48
"LDDU","PBN","Both","FUT BAREB",1779.53
"LDOS","PBN","Both","FUT BAREB",110.65
"LDSP","PBN","Both","FUT BAREB",1072.05
"LDDU","PBN","Both","FUT BUSET",5700.32
"LDSP","PBN","Both","FUT BUSET",1625.04
"LDZD","PBN","Both","FUT BUSET",1737.09
"LDDU","PBN","Both","FUT DARZA",1325.3
"LDSB","PBN","Both","FUT DARZA",523.67
"LDSP","PBN","Both","FUT DARZA",11713.06
"LDZD","PBN","Both","FUT DARZA",977.6
"LDZD","PBN","Both","FUT GEMKA",1469.05
"LDZD","PBN","Both","FUT GIRDA",2485.79
"LDDU","PBN","Both","FUT KATTI",6227.8
"LDDU","PBN","Both","FUT KOPRY",2029.83
"LDPL","PBN","Both","FUT KOPRY",2310.77
"LDSB","PBN","Both","FUT KOPRY",708.35
"LDSP","PBN","Both","FUT KOPRY",18526.81
"LDZA","PBN","Both","FUT KOPRY",1537.76
"LDZD","PBN","Both","FUT KOPRY",725.77
"LDDU","PBN","Both","FUT LABIN",10573.25
"LDSB","PBN","Both","FUT LABIN",751.1
"LDSP","PBN","Both","FUT LABIN",8666.59
"LDZA","PBN","Both","FUT LABIN",1684.65
"LDZD","PBN","Both","FUT LABIN",1891.75
"LDZA","PBN","Both","FUT LDDU",7378.98
"LDZA","PBN","Both","FUT LDLO",129.05
"LDPL","PBN","Both","FUT LDOS",430.45
"LDSP","PBN","Both","FUT LDOS",797.25
"LDZA","PBN","Both","FUT LDOS",520.66
"LDOS","PBN","Both","FUT LDPL",377.88
"LDSP","PBN","Both","FUT LDPL",235.77
"LDZD","PBN","Both","FUT LDPL",353.53
"LDZA","PBN","Both","FUT LDSB",681.13
"LDDU","PBN","Both","FUT LDSP",1048.58
"LDOS","PBN","Both","FUT LDSP",751.62
"LDPL","PBN","Both","FUT LDSP",260.23
"LDZA","PBN","Both","FUT LDSP",3239.07
"LDZA","PBN","Both","FUT LDVA",1311.18
"LDDU","PBN","Both","FUT LDZA",5530.67
"LDLO","PBN","Both","FUT LDZA",145.05
"LDOS","PBN","Both","FUT LDZA",457.86
"LDSB","PBN","Both","FUT LDZA",683.82
"LDSP","PBN","Both","FUT LDZA",4991.02
"LDZD","PBN","Both","FUT LDZA",567.23
"LDDU","PBN","Both","FUT LDZD",487.1
"LDPL","PBN","Both","FUT LDZD",452.85
"LDSB","PBN","Both","FUT LDZD",393.26
"LDZA","PBN","Both","FUT LDZD",483.98
"LDZD","PBN","Both","FUT LDZD",778.91
"LDPL","PBN","Both","FUT LJMB",6.27
"LDSB","PBN","Both","FUT LOWG",904.43
"LDZA","PBN","Both","FUT LOWG",28.98
"LDZA","PBN","Both","FUT LQSA",726.2
"LDDU","PBN","Both","FUT LYPG",853.12
"LDSB","PBN","Both","FUT LYTV",53.37
"LDDU","PBN","Both","FUT MOKUN",2418.63
"LDSP","PBN","Both","FUT NEMEK",1579.02
"LDDU","PBN","Both","FUT NIKOL",1215.82
"LDZD","PBN","Both","FUT NIKOL",561.43
"LDZA","PBN","Both","FUT OSLUD",232.78
"LDZA","PBN","Both","FUT OUTSIDE FIR E",3770.56
"LDPL","PBN","Both","FUT OUTSIDE FIR NE",5237.54
"LDSP","PBN","Both","FUT OUTSIDE FIR NE",1940.88
"LDZD","PBN","Both","FUT OUTSIDE FIR NE",979.64
"LDDU","PBN","Both","FUT OUTSIDE FIR NW",2953.28
"LDPL","PBN","Both","FUT OUTSIDE FIR NW",3914.96
"LDSP","PBN","Both","FUT OUTSIDE FIR NW",8464.53
"LDZD","PBN","Both","FUT OUTSIDE FIR NW",807.55
"LDZA","PBN","Both","FUT PERAN",1020.6
"LDZA","PBN","Both","FUT PEROT",2159.93
"LDDU","PBN","Both","FUT PETOV",8969.18
"LDPL","PBN","Both","FUT PETOV",620.52
"LDZA","PBN","Both","FUT PETOV",1314.79
"LDDU","PBN","Both","FUT PEVAL",10228.7
"LDSB","PBN","Both","FUT PEVAL",2961.93
"LDSP","PBN","Both","FUT PEVAL",2325.24
"LDZD","PBN","Both","FUT PEVAL",3216.23
"LDSB","PBN","Both","FUT RODON",176.73
"LDSP","PBN","Both","FUT RODON",842.22
"LDDU","PBN","Both","FUT ROTAR",3220.74
"LDPL","PBN","Both","FUT ROTAR",2993.59
"LDSP","PBN","Both","FUT ROTAR",1416.88
"LDDU","PBN","Both","FUT SABAD",6701.61
"LDSB","PBN","Both","FUT SABAD",529.02
"LDSP","PBN","Both","FUT SABAD",15325.42
"LDZD","PBN","Both","FUT SABAD",443.92
"LDDU","PBN","Both","FUT TORPO",4879.6
"LDSB","PBN","Both","FUT TORPO",466.35
"LDSP","PBN","Both","FUT TORPO",2632.25
"LDZD","PBN","Both","FUT TORPO",202.75
"LDZA","PBN","Both","FUT TUVAR",956.02
"LDZA","PBN","Both","FUT VAKSU",1155.32
"LDDU","PBN","Both","FUT VAPUP",1203.63
"LDSP","PBN","Both","FUT VAPUP",745.64
"LDDU","PBN","Both","FUT VEBAL",2336.56
"LDPL","PBN","Both","FUT VEBAR",822.62
"LDSP","PBN","Both","FUT VEBAR",704.68
"LDZA","PBN","Both","FUT XOLTA",970.2
"LDSB","Current","Both","GEMKA",744.98
"LDZD","Current","Both","GEMKA",1317.55
"LDPL","Current","Both","GIRDA",16209.69
"LDZD","Current","Both","GIRDA",3959.9
"LDDU","Current","Both","KATTI",17926.63
"LDDU","Current","Both","KOPRY",1874.37
"LDPL","Current","Both","KOPRY",4314.92
"LDRI","Current","Both","KOPRY",440.07
"LDSB","Current","Both","KOPRY",512.13
"LDSP","Current","Both","KOPRY",17871.5
"LDZA","Current","Both","KOPRY",4766.08
"LDZD","Current","Both","KOPRY",606.7
"LDDU","Current","Both","LABIN",15238.47
"LDRI","Current","Both","LABIN",189.05
"LDSB","Current","Both","LABIN",751.1
"LDSP","Current","Both","LABIN",6656.48
"LDZA","Current","Both","LABIN",1683.97
"LDZD","Current","Both","LABIN",1831.24
"LDZA","Current","Both","LAKIK",969.24
"LDSP","Current","Both","LDDU",931.55
"LDZA","Current","Both","LDDU",8285.64
"LDZD","Current","Both","LDDU",454.93
"LDZA","Current","Both","LDLO",274.17
"LDPL","Current","Both","LDOS",793.58
"LDSP","Current","Both","LDOS",1501.45
"LDZA","Current","Both","LDOS",967.83
"LDOS","Current","Both","LDPL",793.58
"LDSP","Current","Both","LDPL",285.72
"LDZD","Current","Both","LDPL",733.23
"LDZA","Current","Both","LDSB",1139.15
"LDZD","Current","Both","LDSB",355.12
"LDDU","Current","Both","LDSP",931.55
"LDOS","Current","Both","LDSP",1501.45
"LDPL","Current","Both","LDSP",285.72
"LDZA","Current","Both","LDSP",7816.67
"LDDU","Current","Both","LDZA",8285.64
"LDLO","Current","Both","LDZA",274.17
"LDOS","Current","Both","LDZA",967.83
"LDSB","Current","Both","LDZA",1139.15
"LDSP","Current","Both","LDZA",7816.67
"LDZD","Current","Both","LDZA",1030.71
"LDDU","Current","Both","LDZD",454.93
"LDPL","Current","Both","LDZD",733.23
"LDSB","Current","Both","LDZD",355.12
"LDZA","Current","Both","LDZD",1030.71
"LDSB","Current","Both","LJLJ",1050.65
"LDSB","Current","Both","LOWG",1788.2
"LDZA","Current","Both","LOWG",58.03
"LDZA","Current","Both","LQSA",1262.59
"LDDU","Current","Both","LYPG",1234.87
"LDDU","Current","Both","LYTV",273.65
"LDZA","Current","Both","MITNO",2024.85
"LDDU","Current","Both","MOKUN",13250.04
"LDSP","Current","Both","NEMEK",1579.02
"LDDU","Current","Both","NIKOL",1216.42
"LDZD","Current","Both","NIKOL",506.2
"LDZA","Current","Both","NILKU",890.75
"LDSP","Current","Both","OBUTI",5541.8
"LDZA","Current","Both","OBUTI",11147.34
"LDDU","Current","Both","OBUTI 1",6846.87
"LDSB","Current","Both","OBUTI 1",699.57
"LDDU","Current","Both","OBUTI 2",15204.52
"LDZA","Current","Both","OSLUD",228.9
"LDZA","Current","Both","OSLUD 1",2200.82
"LDZA","Current","Both","OUTSIDE FIR E",2.62
"LDSP","Current","Both","OUTSIDE FIR N",1965.68
"LDZD","Current","Both","OUTSIDE FIR N",412.18
"LDSP","Current","Both","OUTSIDE FIR N 1",5521.2
"LDPL","Current","Both","OUTSIDE FIR NE",4637.86
"LDSP","Current","Both","OUTSIDE FIR NE",1916.68
"LDZD","Current","Both","OUTSIDE FIR NE",2959.15
"LDSP","Current","Both","OUTSIDE FIR NE 1",11615.5
"LDDU","Current","Both","OUTSIDE FIR NW",2891.08
"LDPL","Current","Both","OUTSIDE FIR NW",3300.75
"LDSP","Current","Both","OUTSIDE FIR NW",11054.06
"LDZD","Current","Both","OUTSIDE FIR NW",2458.42
"LDZA","Current","Both","PERAN",998.51
"LDZA","Current","Both","PEROT",2010.23
"LDSP","Current","Both","PETAK",1624.58
"LDZD","Current","Both","PETAK",895.8
"LDDU","Current","Both","PETOV",8984.54
"LDPL","Current","Both","PETOV",578.47
"LDSB","Current","Both","PETOV",695.97
"LDSP","Current","Both","PETOV",31662.48
"LDZA","Current","Both","PETOV",1309.47
"LDDU","Current","Both","PEVAL",9966.2
"LDPL","Current","Both","PEVAL",19247.16
"LDSB","Current","Both","PEVAL",2961.93
"LDSP","Current","Both","PEVAL",1856.02
"LDZD","Current","Both","PEVAL",3075.13
"LDDU","Current","Both","PEVAL 1",22326.36
"LDSB","Current","Both","PEVAL 1",3957.28
"LDSP","Current","Both","PEVAL 1",36260.05
"LDZD","Current","Both","PEVAL 1",18618.73
"LDZA","Current","Both","PODET",10678.96
"LDZA","Current","Both","PODOB",875.57
"LDSB","Current","Both","RODON",176.73
"LDSP","Current","Both","RODON",609.52
"LDDU","Current","Both","ROTAR",29141.22
"LDPL","Current","Both","ROTAR",2963.55
"LDSB","Current","Both","ROTAR",1676.95
"LDSP","Current","Both","ROTAR",1265.6
"LDZA","Current","Both","ROTAR",5413.24
"LDSB","Current","Both","ROTAR 1",821.53
"LDSP","Current","Both","ROTAR 1",11001.54
"LDDU","Current","Both","SABAD",18286.91
"LDSB","Current","Both","SABAD",529.02
"LDSP","Current","Both","SABAD",15333.01
"LDZD","Current","Both","SABAD",424.9
"LDSP","Current","Both","SABAD 1",5962.08
"LDPL","Current","Both","SOMUN",792.25
"LDSP","Current","Both","SOMUN",747.98
"LDDU","Current","Both","TORPO",4661.97
"LDSB","Current","Both","TORPO",2314.08
"LDSP","Current","Both","TORPO",4567.51
"LDZD","Current","Both","TORPO",2437.77
"LDZA","Current","Both","TUVAR",246.6
"LDZA","Current","Both","TUVAR 1",11798.08
"LDZA","Current","Both","VAKSU",1151.65
"LDDU","Current","Both","VAPUP",1071.87
"LDSP","Current","Both","VAPUP",732.74
"LDDU","Current","Both","VEBAL",2358.85
"LDSB","Current","Both","VEBAL",82.32
"LDSP","Current","Both","VEBAL 3",29044.98
"LDDU","Current","Both","VEBAR",1893.1
"LDPL","Current","Both","VEBAR",725.83
"LDSP","Current","Both","VEBAR",642.68
"LDDU","Current","Both","VELUG",4897.43
"LDSP","Current","Both","VELUG",5199.32
"LDDU","Current","Both","XAMIT",3558.2
"LDZD","Current","Both","XAMIT",3018.78
"LDDU","Current","Both","XOLTA",1682.72
"LDZA","Current","Both","XOLTA",970.38
"LDDU","Current","Arrival","All",74370.41
"LDLO","Current","Arrival","All",145.12
"LDOS","Current","Arrival","All",1576.15
"LDPL","Current","Arrival","All",15476.62
"LDRI","Current","Arrival","All",1689.85
"LDSB","Current","Arrival","All",7677.91
"LDSP","Current","Arrival","All",80571.63
"LDZA","Current","Arrival","All",27489
"LDZD","Current","Arrival","All",17169.22
"LDDU","PBN","Arrival","All",81196.12
"LDLO","PBN","Arrival","All",145.05
"LDOS","PBN","Arrival","All",1698.01
"LDPL","PBN","Arrival","All",17049.8
"LDRI","PBN","Arrival","All",1741.87
"LDSB","PBN","Arrival","All",8152.03
"LDSP","PBN","Arrival","All",85437.06
"LDZA","PBN","Arrival","All",34340.89
"LDZD","PBN","Arrival","All",19035.99
"LDDU","Current","Departure","All",161072.94
"LDLO","Current","Departure","All",129.05
"LDOS","Current","Departure","All",1686.71
"LDPL","Current","Departure","All",46087.63
"LDRI","Current","Departure","All",10689.94
"LDSB","Current","Departure","All",13102.47
"LDSP","Current","Departure","All",187107.51
"LDZA","Current","Departure","All",57878.46
"LDZD","Current","Departure","All",41845.28
"LDDU","Current","Both","All",235443.35
"LDLO","Current","Both","All",274.17
"LDOS","Current","Both","All",3262.86
"LDPL","Current","Both","All",61564.25
"LDRI","Current","Both","All",12379.79
"LDSB","Current","Both","All",20780.38
"LDSP","Current","Both","All",267679.14
"LDZA","Current","Both","All",85367.46
"LDZD","Current","Both","All",59014.5
"LDDU","PBN","Both","All",81196.12
"LDLO","PBN","Both","All",145.05
"LDOS","PBN","Both","All",1698.01
"LDPL","PBN","Both","All",17049.8
"LDRI","PBN","Both","All",1741.87
"LDSB","PBN","Both","All",8152.03
"LDSP","PBN","Both","All",85437.06
"LDZA","PBN","Both","All",34340.89
"LDZD","PBN","Both","All",19035.99
"All","Current","Both","All",745765.9
"All","PBN","Both","All",248796.82
