"Time","Sector","Entries","Scenario"
"00:10","TMA_ZAGREB",0,"Current"
"00:10","TMA_PULA",0,"Current"
"00:10","TMA_DUBROVNIK",0,"Current"
"00:10","TMA_SPLIT",0,"Current"
"00:10","TMA_ZADAR",0,"Current"
"00:10","TMA_OSIJEK",0,"Current"
"00:20","TMA_ZAGREB",0,"Current"
"00:20","TMA_PULA",3,"Current"
"00:20","TMA_DUBROVNIK",0,"Current"
"00:20","TMA_SPLIT",0,"Current"
"00:20","TMA_ZADAR",0,"Current"
"00:20","TMA_OSIJEK",0,"Current"
"00:30","TMA_ZAGREB",0,"Current"
"00:30","TMA_PULA",2,"Current"
"00:30","TMA_DUBROVNIK",0,"Current"
"00:30","TMA_SPLIT",0,"Current"
"00:30","TMA_ZADAR",0,"Current"
"00:30","TMA_OSIJEK",0,"Current"
"00:40","TMA_ZAGREB",0,"Current"
"00:40","TMA_PULA",1,"Current"
"00:40","TMA_DUBROVNIK",0,"Current"
"00:40","TMA_SPLIT",0,"Current"
"00:40","TMA_ZADAR",0,"Current"
"00:40","TMA_OSIJEK",0,"Current"
"00:50","TMA_ZAGREB",0,"Current"
"00:50","TMA_PULA",1,"Current"
"00:50","TMA_DUBROVNIK",0,"Current"
"00:50","TMA_SPLIT",0,"Current"
"00:50","TMA_ZADAR",0,"Current"
"00:50","TMA_OSIJEK",0,"Current"
"01:00","TMA_ZAGREB",0,"Current"
"01:00","TMA_PULA",1,"Current"
"01:00","TMA_DUBROVNIK",0,"Current"
"01:00","TMA_SPLIT",0,"Current"
"01:00","TMA_ZADAR",0,"Current"
"01:00","TMA_OSIJEK",0,"Current"
"01:10","TMA_ZAGREB",0,"Current"
"01:10","TMA_PULA",1,"Current"
"01:10","TMA_DUBROVNIK",0,"Current"
"01:10","TMA_SPLIT",0,"Current"
"01:10","TMA_ZADAR",0,"Current"
"01:10","TMA_OSIJEK",0,"Current"
"01:20","TMA_ZAGREB",0,"Current"
"01:20","TMA_PULA",0,"Current"
"01:20","TMA_DUBROVNIK",0,"Current"
"01:20","TMA_SPLIT",0,"Current"
"01:20","TMA_ZADAR",0,"Current"
"01:20","TMA_OSIJEK",0,"Current"
"01:30","TMA_ZAGREB",0,"Current"
"01:30","TMA_PULA",0,"Current"
"01:30","TMA_DUBROVNIK",0,"Current"
"01:30","TMA_SPLIT",0,"Current"
"01:30","TMA_ZADAR",0,"Current"
"01:30","TMA_OSIJEK",0,"Current"
"01:40","TMA_ZAGREB",0,"Current"
"01:40","TMA_PULA",0,"Current"
"01:40","TMA_DUBROVNIK",0,"Current"
"01:40","TMA_SPLIT",0,"Current"
"01:40","TMA_ZADAR",0,"Current"
"01:40","TMA_OSIJEK",0,"Current"
"01:50","TMA_ZAGREB",0,"Current"
"01:50","TMA_PULA",0,"Current"
"01:50","TMA_DUBROVNIK",0,"Current"
"01:50","TMA_SPLIT",0,"Current"
"01:50","TMA_ZADAR",0,"Current"
"01:50","TMA_OSIJEK",0,"Current"
"02:00","TMA_ZAGREB",0,"Current"
"02:00","TMA_PULA",0,"Current"
"02:00","TMA_DUBROVNIK",0,"Current"
"02:00","TMA_SPLIT",0,"Current"
"02:00","TMA_ZADAR",0,"Current"
"02:00","TMA_OSIJEK",0,"Current"
"02:10","TMA_ZAGREB",0,"Current"
"02:10","TMA_PULA",0,"Current"
"02:10","TMA_DUBROVNIK",0,"Current"
"02:10","TMA_SPLIT",0,"Current"
"02:10","TMA_ZADAR",0,"Current"
"02:10","TMA_OSIJEK",0,"Current"
"02:20","TMA_ZAGREB",0,"Current"
"02:20","TMA_PULA",0,"Current"
"02:20","TMA_DUBROVNIK",0,"Current"
"02:20","TMA_SPLIT",0,"Current"
"02:20","TMA_ZADAR",0,"Current"
"02:20","TMA_OSIJEK",0,"Current"
"02:30","TMA_ZAGREB",0,"Current"
"02:30","TMA_PULA",0,"Current"
"02:30","TMA_DUBROVNIK",0,"Current"
"02:30","TMA_SPLIT",0,"Current"
"02:30","TMA_ZADAR",0,"Current"
"02:30","TMA_OSIJEK",0,"Current"
"02:40","TMA_ZAGREB",0,"Current"
"02:40","TMA_PULA",0,"Current"
"02:40","TMA_DUBROVNIK",0,"Current"
"02:40","TMA_SPLIT",0,"Current"
"02:40","TMA_ZADAR",0,"Current"
"02:40","TMA_OSIJEK",0,"Current"
"02:50","TMA_ZAGREB",0,"Current"
"02:50","TMA_PULA",0,"Current"
"02:50","TMA_DUBROVNIK",0,"Current"
"02:50","TMA_SPLIT",0,"Current"
"02:50","TMA_ZADAR",0,"Current"
"02:50","TMA_OSIJEK",0,"Current"
"03:00","TMA_ZAGREB",0,"Current"
"03:00","TMA_PULA",0,"Current"
"03:00","TMA_DUBROVNIK",0,"Current"
"03:00","TMA_SPLIT",0,"Current"
"03:00","TMA_ZADAR",0,"Current"
"03:00","TMA_OSIJEK",0,"Current"
"03:10","TMA_ZAGREB",0,"Current"
"03:10","TMA_PULA",0,"Current"
"03:10","TMA_DUBROVNIK",0,"Current"
"03:10","TMA_SPLIT",0,"Current"
"03:10","TMA_ZADAR",0,"Current"
"03:10","TMA_OSIJEK",0,"Current"
"03:20","TMA_ZAGREB",1,"Current"
"03:20","TMA_PULA",0,"Current"
"03:20","TMA_DUBROVNIK",0,"Current"
"03:20","TMA_SPLIT",0,"Current"
"03:20","TMA_ZADAR",0,"Current"
"03:20","TMA_OSIJEK",0,"Current"
"03:30","TMA_ZAGREB",1,"Current"
"03:30","TMA_PULA",0,"Current"
"03:30","TMA_DUBROVNIK",0,"Current"
"03:30","TMA_SPLIT",0,"Current"
"03:30","TMA_ZADAR",0,"Current"
"03:30","TMA_OSIJEK",0,"Current"
"03:40","TMA_ZAGREB",1,"Current"
"03:40","TMA_PULA",0,"Current"
"03:40","TMA_DUBROVNIK",0,"Current"
"03:40","TMA_SPLIT",0,"Current"
"03:40","TMA_ZADAR",0,"Current"
"03:40","TMA_OSIJEK",0,"Current"
"03:50","TMA_ZAGREB",1,"Current"
"03:50","TMA_PULA",0,"Current"
"03:50","TMA_DUBROVNIK",0,"Current"
"03:50","TMA_SPLIT",1,"Current"
"03:50","TMA_ZADAR",0,"Current"
"03:50","TMA_OSIJEK",0,"Current"
"04:00","TMA_ZAGREB",1,"Current"
"04:00","TMA_PULA",0,"Current"
"04:00","TMA_DUBROVNIK",0,"Current"
"04:00","TMA_SPLIT",1,"Current"
"04:00","TMA_ZADAR",1,"Current"
"04:00","TMA_OSIJEK",0,"Current"
"04:10","TMA_ZAGREB",1,"Current"
"04:10","TMA_PULA",0,"Current"
"04:10","TMA_DUBROVNIK",0,"Current"
"04:10","TMA_SPLIT",1,"Current"
"04:10","TMA_ZADAR",1,"Current"
"04:10","TMA_OSIJEK",0,"Current"
"04:20","TMA_ZAGREB",1,"Current"
"04:20","TMA_PULA",0,"Current"
"04:20","TMA_DUBROVNIK",0,"Current"
"04:20","TMA_SPLIT",1,"Current"
"04:20","TMA_ZADAR",1,"Current"
"04:20","TMA_OSIJEK",1,"Current"
"04:30","TMA_ZAGREB",1,"Current"
"04:30","TMA_PULA",1,"Current"
"04:30","TMA_DUBROVNIK",0,"Current"
"04:30","TMA_SPLIT",1,"Current"
"04:30","TMA_ZADAR",2,"Current"
"04:30","TMA_OSIJEK",1,"Current"
"04:40","TMA_ZAGREB",2,"Current"
"04:40","TMA_PULA",1,"Current"
"04:40","TMA_DUBROVNIK",1,"Current"
"04:40","TMA_SPLIT",2,"Current"
"04:40","TMA_ZADAR",2,"Current"
"04:40","TMA_OSIJEK",1,"Current"
"04:50","TMA_ZAGREB",3,"Current"
"04:50","TMA_PULA",1,"Current"
"04:50","TMA_DUBROVNIK",1,"Current"
"04:50","TMA_SPLIT",4,"Current"
"04:50","TMA_ZADAR",3,"Current"
"04:50","TMA_OSIJEK",1,"Current"
"05:00","TMA_ZAGREB",5,"Current"
"05:00","TMA_PULA",1,"Current"
"05:00","TMA_DUBROVNIK",1,"Current"
"05:00","TMA_SPLIT",5,"Current"
"05:00","TMA_ZADAR",3,"Current"
"05:00","TMA_OSIJEK",1,"Current"
"05:10","TMA_ZAGREB",6,"Current"
"05:10","TMA_PULA",3,"Current"
"05:10","TMA_DUBROVNIK",2,"Current"
"05:10","TMA_SPLIT",6,"Current"
"05:10","TMA_ZADAR",3,"Current"
"05:10","TMA_OSIJEK",1,"Current"
"05:20","TMA_ZAGREB",7,"Current"
"05:20","TMA_PULA",4,"Current"
"05:20","TMA_DUBROVNIK",4,"Current"
"05:20","TMA_SPLIT",8,"Current"
"05:20","TMA_ZADAR",5,"Current"
"05:20","TMA_OSIJEK",0,"Current"
"05:30","TMA_ZAGREB",9,"Current"
"05:30","TMA_PULA",4,"Current"
"05:30","TMA_DUBROVNIK",5,"Current"
"05:30","TMA_SPLIT",9,"Current"
"05:30","TMA_ZADAR",7,"Current"
"05:30","TMA_OSIJEK",0,"Current"
"05:40","TMA_ZAGREB",12,"Current"
"05:40","TMA_PULA",5,"Current"
"05:40","TMA_DUBROVNIK",4,"Current"
"05:40","TMA_SPLIT",10,"Current"
"05:40","TMA_ZADAR",10,"Current"
"05:40","TMA_OSIJEK",0,"Current"
"05:50","TMA_ZAGREB",13,"Current"
"05:50","TMA_PULA",6,"Current"
"05:50","TMA_DUBROVNIK",6,"Current"
"05:50","TMA_SPLIT",8,"Current"
"05:50","TMA_ZADAR",9,"Current"
"05:50","TMA_OSIJEK",0,"Current"
"06:00","TMA_ZAGREB",11,"Current"
"06:00","TMA_PULA",6,"Current"
"06:00","TMA_DUBROVNIK",7,"Current"
"06:00","TMA_SPLIT",8,"Current"
"06:00","TMA_ZADAR",9,"Current"
"06:00","TMA_OSIJEK",0,"Current"
"06:10","TMA_ZAGREB",13,"Current"
"06:10","TMA_PULA",5,"Current"
"06:10","TMA_DUBROVNIK",9,"Current"
"06:10","TMA_SPLIT",11,"Current"
"06:10","TMA_ZADAR",9,"Current"
"06:10","TMA_OSIJEK",0,"Current"
"06:20","TMA_ZAGREB",12,"Current"
"06:20","TMA_PULA",5,"Current"
"06:20","TMA_DUBROVNIK",9,"Current"
"06:20","TMA_SPLIT",12,"Current"
"06:20","TMA_ZADAR",8,"Current"
"06:20","TMA_OSIJEK",0,"Current"
"06:30","TMA_ZAGREB",13,"Current"
"06:30","TMA_PULA",5,"Current"
"06:30","TMA_DUBROVNIK",8,"Current"
"06:30","TMA_SPLIT",16,"Current"
"06:30","TMA_ZADAR",6,"Current"
"06:30","TMA_OSIJEK",0,"Current"
"06:40","TMA_ZAGREB",10,"Current"
"06:40","TMA_PULA",6,"Current"
"06:40","TMA_DUBROVNIK",10,"Current"
"06:40","TMA_SPLIT",17,"Current"
"06:40","TMA_ZADAR",5,"Current"
"06:40","TMA_OSIJEK",1,"Current"
"06:50","TMA_ZAGREB",11,"Current"
"06:50","TMA_PULA",7,"Current"
"06:50","TMA_DUBROVNIK",9,"Current"
"06:50","TMA_SPLIT",17,"Current"
"06:50","TMA_ZADAR",5,"Current"
"06:50","TMA_OSIJEK",1,"Current"
"07:00","TMA_ZAGREB",14,"Current"
"07:00","TMA_PULA",8,"Current"
"07:00","TMA_DUBROVNIK",11,"Current"
"07:00","TMA_SPLIT",21,"Current"
"07:00","TMA_ZADAR",8,"Current"
"07:00","TMA_OSIJEK",1,"Current"
"07:10","TMA_ZAGREB",13,"Current"
"07:10","TMA_PULA",9,"Current"
"07:10","TMA_DUBROVNIK",10,"Current"
"07:10","TMA_SPLIT",18,"Current"
"07:10","TMA_ZADAR",10,"Current"
"07:10","TMA_OSIJEK",1,"Current"
"07:20","TMA_ZAGREB",12,"Current"
"07:20","TMA_PULA",13,"Current"
"07:20","TMA_DUBROVNIK",9,"Current"
"07:20","TMA_SPLIT",18,"Current"
"07:20","TMA_ZADAR",11,"Current"
"07:20","TMA_OSIJEK",1,"Current"
"07:30","TMA_ZAGREB",11,"Current"
"07:30","TMA_PULA",14,"Current"
"07:30","TMA_DUBROVNIK",13,"Current"
"07:30","TMA_SPLIT",15,"Current"
"07:30","TMA_ZADAR",10,"Current"
"07:30","TMA_OSIJEK",1,"Current"
"07:40","TMA_ZAGREB",15,"Current"
"07:40","TMA_PULA",17,"Current"
"07:40","TMA_DUBROVNIK",13,"Current"
"07:40","TMA_SPLIT",16,"Current"
"07:40","TMA_ZADAR",8,"Current"
"07:40","TMA_OSIJEK",1,"Current"
"07:50","TMA_ZAGREB",12,"Current"
"07:50","TMA_PULA",16,"Current"
"07:50","TMA_DUBROVNIK",13,"Current"
"07:50","TMA_SPLIT",19,"Current"
"07:50","TMA_ZADAR",9,"Current"
"07:50","TMA_OSIJEK",2,"Current"
"08:00","TMA_ZAGREB",11,"Current"
"08:00","TMA_PULA",17,"Current"
"08:00","TMA_DUBROVNIK",16,"Current"
"08:00","TMA_SPLIT",17,"Current"
"08:00","TMA_ZADAR",8,"Current"
"08:00","TMA_OSIJEK",2,"Current"
"08:10","TMA_ZAGREB",13,"Current"
"08:10","TMA_PULA",16,"Current"
"08:10","TMA_DUBROVNIK",16,"Current"
"08:10","TMA_SPLIT",19,"Current"
"08:10","TMA_ZADAR",6,"Current"
"08:10","TMA_OSIJEK",2,"Current"
"08:20","TMA_ZAGREB",15,"Current"
"08:20","TMA_PULA",12,"Current"
"08:20","TMA_DUBROVNIK",15,"Current"
"08:20","TMA_SPLIT",18,"Current"
"08:20","TMA_ZADAR",5,"Current"
"08:20","TMA_OSIJEK",2,"Current"
"08:30","TMA_ZAGREB",19,"Current"
"08:30","TMA_PULA",12,"Current"
"08:30","TMA_DUBROVNIK",14,"Current"
"08:30","TMA_SPLIT",20,"Current"
"08:30","TMA_ZADAR",5,"Current"
"08:30","TMA_OSIJEK",3,"Current"
"08:40","TMA_ZAGREB",16,"Current"
"08:40","TMA_PULA",9,"Current"
"08:40","TMA_DUBROVNIK",15,"Current"
"08:40","TMA_SPLIT",20,"Current"
"08:40","TMA_ZADAR",6,"Current"
"08:40","TMA_OSIJEK",2,"Current"
"08:50","TMA_ZAGREB",17,"Current"
"08:50","TMA_PULA",14,"Current"
"08:50","TMA_DUBROVNIK",16,"Current"
"08:50","TMA_SPLIT",18,"Current"
"08:50","TMA_ZADAR",5,"Current"
"08:50","TMA_OSIJEK",1,"Current"
"09:00","TMA_ZAGREB",20,"Current"
"09:00","TMA_PULA",16,"Current"
"09:00","TMA_DUBROVNIK",13,"Current"
"09:00","TMA_SPLIT",18,"Current"
"09:00","TMA_ZADAR",4,"Current"
"09:00","TMA_OSIJEK",2,"Current"
"09:10","TMA_ZAGREB",16,"Current"
"09:10","TMA_PULA",22,"Current"
"09:10","TMA_DUBROVNIK",17,"Current"
"09:10","TMA_SPLIT",18,"Current"
"09:10","TMA_ZADAR",6,"Current"
"09:10","TMA_OSIJEK",4,"Current"
"09:20","TMA_ZAGREB",17,"Current"
"09:20","TMA_PULA",25,"Current"
"09:20","TMA_DUBROVNIK",20,"Current"
"09:20","TMA_SPLIT",20,"Current"
"09:20","TMA_ZADAR",9,"Current"
"09:20","TMA_OSIJEK",4,"Current"
"09:30","TMA_ZAGREB",12,"Current"
"09:30","TMA_PULA",25,"Current"
"09:30","TMA_DUBROVNIK",21,"Current"
"09:30","TMA_SPLIT",20,"Current"
"09:30","TMA_ZADAR",11,"Current"
"09:30","TMA_OSIJEK",4,"Current"
"09:40","TMA_ZAGREB",12,"Current"
"09:40","TMA_PULA",25,"Current"
"09:40","TMA_DUBROVNIK",18,"Current"
"09:40","TMA_SPLIT",21,"Current"
"09:40","TMA_ZADAR",13,"Current"
"09:40","TMA_OSIJEK",5,"Current"
"09:50","TMA_ZAGREB",12,"Current"
"09:50","TMA_PULA",23,"Current"
"09:50","TMA_DUBROVNIK",21,"Current"
"09:50","TMA_SPLIT",21,"Current"
"09:50","TMA_ZADAR",14,"Current"
"09:50","TMA_OSIJEK",5,"Current"
"10:00","TMA_ZAGREB",8,"Current"
"10:00","TMA_PULA",21,"Current"
"10:00","TMA_DUBROVNIK",20,"Current"
"10:00","TMA_SPLIT",23,"Current"
"10:00","TMA_ZADAR",14,"Current"
"10:00","TMA_OSIJEK",4,"Current"
"10:10","TMA_ZAGREB",10,"Current"
"10:10","TMA_PULA",18,"Current"
"10:10","TMA_DUBROVNIK",18,"Current"
"10:10","TMA_SPLIT",21,"Current"
"10:10","TMA_ZADAR",13,"Current"
"10:10","TMA_OSIJEK",4,"Current"
"10:20","TMA_ZAGREB",9,"Current"
"10:20","TMA_PULA",15,"Current"
"10:20","TMA_DUBROVNIK",16,"Current"
"10:20","TMA_SPLIT",20,"Current"
"10:20","TMA_ZADAR",12,"Current"
"10:20","TMA_OSIJEK",4,"Current"
"10:30","TMA_ZAGREB",11,"Current"
"10:30","TMA_PULA",14,"Current"
"10:30","TMA_DUBROVNIK",12,"Current"
"10:30","TMA_SPLIT",21,"Current"
"10:30","TMA_ZADAR",11,"Current"
"10:30","TMA_OSIJEK",3,"Current"
"10:40","TMA_ZAGREB",12,"Current"
"10:40","TMA_PULA",15,"Current"
"10:40","TMA_DUBROVNIK",12,"Current"
"10:40","TMA_SPLIT",18,"Current"
"10:40","TMA_ZADAR",8,"Current"
"10:40","TMA_OSIJEK",2,"Current"
"10:50","TMA_ZAGREB",16,"Current"
"10:50","TMA_PULA",15,"Current"
"10:50","TMA_DUBROVNIK",9,"Current"
"10:50","TMA_SPLIT",20,"Current"
"10:50","TMA_ZADAR",11,"Current"
"10:50","TMA_OSIJEK",2,"Current"
"11:00","TMA_ZAGREB",18,"Current"
"11:00","TMA_PULA",15,"Current"
"11:00","TMA_DUBROVNIK",8,"Current"
"11:00","TMA_SPLIT",20,"Current"
"11:00","TMA_ZADAR",12,"Current"
"11:00","TMA_OSIJEK",2,"Current"
"11:10","TMA_ZAGREB",20,"Current"
"11:10","TMA_PULA",14,"Current"
"11:10","TMA_DUBROVNIK",10,"Current"
"11:10","TMA_SPLIT",24,"Current"
"11:10","TMA_ZADAR",12,"Current"
"11:10","TMA_OSIJEK",2,"Current"
"11:20","TMA_ZAGREB",20,"Current"
"11:20","TMA_PULA",14,"Current"
"11:20","TMA_DUBROVNIK",9,"Current"
"11:20","TMA_SPLIT",23,"Current"
"11:20","TMA_ZADAR",12,"Current"
"11:20","TMA_OSIJEK",2,"Current"
"11:30","TMA_ZAGREB",17,"Current"
"11:30","TMA_PULA",16,"Current"
"11:30","TMA_DUBROVNIK",12,"Current"
"11:30","TMA_SPLIT",22,"Current"
"11:30","TMA_ZADAR",13,"Current"
"11:30","TMA_OSIJEK",2,"Current"
"11:40","TMA_ZAGREB",18,"Current"
"11:40","TMA_PULA",20,"Current"
"11:40","TMA_DUBROVNIK",15,"Current"
"11:40","TMA_SPLIT",22,"Current"
"11:40","TMA_ZADAR",14,"Current"
"11:40","TMA_OSIJEK",3,"Current"
"11:50","TMA_ZAGREB",14,"Current"
"11:50","TMA_PULA",20,"Current"
"11:50","TMA_DUBROVNIK",14,"Current"
"11:50","TMA_SPLIT",21,"Current"
"11:50","TMA_ZADAR",15,"Current"
"11:50","TMA_OSIJEK",3,"Current"
"12:00","TMA_ZAGREB",16,"Current"
"12:00","TMA_PULA",20,"Current"
"12:00","TMA_DUBROVNIK",16,"Current"
"12:00","TMA_SPLIT",18,"Current"
"12:00","TMA_ZADAR",13,"Current"
"12:00","TMA_OSIJEK",3,"Current"
"12:10","TMA_ZAGREB",14,"Current"
"12:10","TMA_PULA",18,"Current"
"12:10","TMA_DUBROVNIK",12,"Current"
"12:10","TMA_SPLIT",15,"Current"
"12:10","TMA_ZADAR",12,"Current"
"12:10","TMA_OSIJEK",1,"Current"
"12:20","TMA_ZAGREB",12,"Current"
"12:20","TMA_PULA",17,"Current"
"12:20","TMA_DUBROVNIK",14,"Current"
"12:20","TMA_SPLIT",18,"Current"
"12:20","TMA_ZADAR",9,"Current"
"12:20","TMA_OSIJEK",1,"Current"
"12:30","TMA_ZAGREB",14,"Current"
"12:30","TMA_PULA",15,"Current"
"12:30","TMA_DUBROVNIK",16,"Current"
"12:30","TMA_SPLIT",16,"Current"
"12:30","TMA_ZADAR",7,"Current"
"12:30","TMA_OSIJEK",1,"Current"
"12:40","TMA_ZAGREB",12,"Current"
"12:40","TMA_PULA",9,"Current"
"12:40","TMA_DUBROVNIK",14,"Current"
"12:40","TMA_SPLIT",19,"Current"
"12:40","TMA_ZADAR",8,"Current"
"12:40","TMA_OSIJEK",0,"Current"
"12:50","TMA_ZAGREB",14,"Current"
"12:50","TMA_PULA",8,"Current"
"12:50","TMA_DUBROVNIK",16,"Current"
"12:50","TMA_SPLIT",19,"Current"
"12:50","TMA_ZADAR",3,"Current"
"12:50","TMA_OSIJEK",0,"Current"
"13:00","TMA_ZAGREB",12,"Current"
"13:00","TMA_PULA",7,"Current"
"13:00","TMA_DUBROVNIK",13,"Current"
"13:00","TMA_SPLIT",19,"Current"
"13:00","TMA_ZADAR",5,"Current"
"13:00","TMA_OSIJEK",0,"Current"
"13:10","TMA_ZAGREB",10,"Current"
"13:10","TMA_PULA",8,"Current"
"13:10","TMA_DUBROVNIK",15,"Current"
"13:10","TMA_SPLIT",19,"Current"
"13:10","TMA_ZADAR",8,"Current"
"13:10","TMA_OSIJEK",0,"Current"
"13:20","TMA_ZAGREB",12,"Current"
"13:20","TMA_PULA",10,"Current"
"13:20","TMA_DUBROVNIK",16,"Current"
"13:20","TMA_SPLIT",19,"Current"
"13:20","TMA_ZADAR",8,"Current"
"13:20","TMA_OSIJEK",0,"Current"
"13:30","TMA_ZAGREB",12,"Current"
"13:30","TMA_PULA",11,"Current"
"13:30","TMA_DUBROVNIK",11,"Current"
"13:30","TMA_SPLIT",18,"Current"
"13:30","TMA_ZADAR",9,"Current"
"13:30","TMA_OSIJEK",0,"Current"
"13:40","TMA_ZAGREB",15,"Current"
"13:40","TMA_PULA",10,"Current"
"13:40","TMA_DUBROVNIK",11,"Current"
"13:40","TMA_SPLIT",15,"Current"
"13:40","TMA_ZADAR",7,"Current"
"13:40","TMA_OSIJEK",0,"Current"
"13:50","TMA_ZAGREB",14,"Current"
"13:50","TMA_PULA",8,"Current"
"13:50","TMA_DUBROVNIK",12,"Current"
"13:50","TMA_SPLIT",15,"Current"
"13:50","TMA_ZADAR",7,"Current"
"13:50","TMA_OSIJEK",0,"Current"
"14:00","TMA_ZAGREB",14,"Current"
"14:00","TMA_PULA",7,"Current"
"14:00","TMA_DUBROVNIK",15,"Current"
"14:00","TMA_SPLIT",16,"Current"
"14:00","TMA_ZADAR",5,"Current"
"14:00","TMA_OSIJEK",1,"Current"
"14:10","TMA_ZAGREB",17,"Current"
"14:10","TMA_PULA",8,"Current"
"14:10","TMA_DUBROVNIK",11,"Current"
"14:10","TMA_SPLIT",19,"Current"
"14:10","TMA_ZADAR",4,"Current"
"14:10","TMA_OSIJEK",1,"Current"
"14:20","TMA_ZAGREB",18,"Current"
"14:20","TMA_PULA",8,"Current"
"14:20","TMA_DUBROVNIK",12,"Current"
"14:20","TMA_SPLIT",18,"Current"
"14:20","TMA_ZADAR",6,"Current"
"14:20","TMA_OSIJEK",1,"Current"
"14:30","TMA_ZAGREB",17,"Current"
"14:30","TMA_PULA",8,"Current"
"14:30","TMA_DUBROVNIK",16,"Current"
"14:30","TMA_SPLIT",22,"Current"
"14:30","TMA_ZADAR",5,"Current"
"14:30","TMA_OSIJEK",1,"Current"
"14:40","TMA_ZAGREB",13,"Current"
"14:40","TMA_PULA",9,"Current"
"14:40","TMA_DUBROVNIK",16,"Current"
"14:40","TMA_SPLIT",21,"Current"
"14:40","TMA_ZADAR",7,"Current"
"14:40","TMA_OSIJEK",2,"Current"
"14:50","TMA_ZAGREB",13,"Current"
"14:50","TMA_PULA",9,"Current"
"14:50","TMA_DUBROVNIK",14,"Current"
"14:50","TMA_SPLIT",21,"Current"
"14:50","TMA_ZADAR",8,"Current"
"14:50","TMA_OSIJEK",2,"Current"
"15:00","TMA_ZAGREB",12,"Current"
"15:00","TMA_PULA",9,"Current"
"15:00","TMA_DUBROVNIK",18,"Current"
"15:00","TMA_SPLIT",19,"Current"
"15:00","TMA_ZADAR",9,"Current"
"15:00","TMA_OSIJEK",1,"Current"
"15:10","TMA_ZAGREB",12,"Current"
"15:10","TMA_PULA",7,"Current"
"15:10","TMA_DUBROVNIK",20,"Current"
"15:10","TMA_SPLIT",18,"Current"
"15:10","TMA_ZADAR",8,"Current"
"15:10","TMA_OSIJEK",1,"Current"
"15:20","TMA_ZAGREB",11,"Current"
"15:20","TMA_PULA",7,"Current"
"15:20","TMA_DUBROVNIK",16,"Current"
"15:20","TMA_SPLIT",17,"Current"
"15:20","TMA_ZADAR",6,"Current"
"15:20","TMA_OSIJEK",1,"Current"
"15:30","TMA_ZAGREB",11,"Current"
"15:30","TMA_PULA",7,"Current"
"15:30","TMA_DUBROVNIK",12,"Current"
"15:30","TMA_SPLIT",15,"Current"
"15:30","TMA_ZADAR",6,"Current"
"15:30","TMA_OSIJEK",1,"Current"
"15:40","TMA_ZAGREB",11,"Current"
"15:40","TMA_PULA",6,"Current"
"15:40","TMA_DUBROVNIK",12,"Current"
"15:40","TMA_SPLIT",18,"Current"
"15:40","TMA_ZADAR",5,"Current"
"15:40","TMA_OSIJEK",0,"Current"
"15:50","TMA_ZAGREB",9,"Current"
"15:50","TMA_PULA",5,"Current"
"15:50","TMA_DUBROVNIK",11,"Current"
"15:50","TMA_SPLIT",18,"Current"
"15:50","TMA_ZADAR",4,"Current"
"15:50","TMA_OSIJEK",0,"Current"
"16:00","TMA_ZAGREB",7,"Current"
"16:00","TMA_PULA",5,"Current"
"16:00","TMA_DUBROVNIK",7,"Current"
"16:00","TMA_SPLIT",21,"Current"
"16:00","TMA_ZADAR",2,"Current"
"16:00","TMA_OSIJEK",0,"Current"
"16:10","TMA_ZAGREB",5,"Current"
"16:10","TMA_PULA",6,"Current"
"16:10","TMA_DUBROVNIK",8,"Current"
"16:10","TMA_SPLIT",19,"Current"
"16:10","TMA_ZADAR",1,"Current"
"16:10","TMA_OSIJEK",0,"Current"
"16:20","TMA_ZAGREB",3,"Current"
"16:20","TMA_PULA",5,"Current"
"16:20","TMA_DUBROVNIK",10,"Current"
"16:20","TMA_SPLIT",19,"Current"
"16:20","TMA_ZADAR",2,"Current"
"16:20","TMA_OSIJEK",0,"Current"
"16:30","TMA_ZAGREB",4,"Current"
"16:30","TMA_PULA",5,"Current"
"16:30","TMA_DUBROVNIK",10,"Current"
"16:30","TMA_SPLIT",19,"Current"
"16:30","TMA_ZADAR",3,"Current"
"16:30","TMA_OSIJEK",0,"Current"
"16:40","TMA_ZAGREB",3,"Current"
"16:40","TMA_PULA",6,"Current"
"16:40","TMA_DUBROVNIK",13,"Current"
"16:40","TMA_SPLIT",18,"Current"
"16:40","TMA_ZADAR",2,"Current"
"16:40","TMA_OSIJEK",0,"Current"
"16:50","TMA_ZAGREB",5,"Current"
"16:50","TMA_PULA",9,"Current"
"16:50","TMA_DUBROVNIK",13,"Current"
"16:50","TMA_SPLIT",16,"Current"
"16:50","TMA_ZADAR",2,"Current"
"16:50","TMA_OSIJEK",0,"Current"
"17:00","TMA_ZAGREB",5,"Current"
"17:00","TMA_PULA",10,"Current"
"17:00","TMA_DUBROVNIK",12,"Current"
"17:00","TMA_SPLIT",17,"Current"
"17:00","TMA_ZADAR",3,"Current"
"17:00","TMA_OSIJEK",0,"Current"
"17:10","TMA_ZAGREB",8,"Current"
"17:10","TMA_PULA",13,"Current"
"17:10","TMA_DUBROVNIK",10,"Current"
"17:10","TMA_SPLIT",16,"Current"
"17:10","TMA_ZADAR",3,"Current"
"17:10","TMA_OSIJEK",0,"Current"
"17:20","TMA_ZAGREB",8,"Current"
"17:20","TMA_PULA",12,"Current"
"17:20","TMA_DUBROVNIK",12,"Current"
"17:20","TMA_SPLIT",17,"Current"
"17:20","TMA_ZADAR",2,"Current"
"17:20","TMA_OSIJEK",0,"Current"
"17:30","TMA_ZAGREB",7,"Current"
"17:30","TMA_PULA",10,"Current"
"17:30","TMA_DUBROVNIK",12,"Current"
"17:30","TMA_SPLIT",15,"Current"
"17:30","TMA_ZADAR",3,"Current"
"17:30","TMA_OSIJEK",0,"Current"
"17:40","TMA_ZAGREB",8,"Current"
"17:40","TMA_PULA",10,"Current"
"17:40","TMA_DUBROVNIK",9,"Current"
"17:40","TMA_SPLIT",13,"Current"
"17:40","TMA_ZADAR",3,"Current"
"17:40","TMA_OSIJEK",0,"Current"
"17:50","TMA_ZAGREB",7,"Current"
"17:50","TMA_PULA",11,"Current"
"17:50","TMA_DUBROVNIK",10,"Current"
"17:50","TMA_SPLIT",18,"Current"
"17:50","TMA_ZADAR",4,"Current"
"17:50","TMA_OSIJEK",0,"Current"
"18:00","TMA_ZAGREB",8,"Current"
"18:00","TMA_PULA",10,"Current"
"18:00","TMA_DUBROVNIK",10,"Current"
"18:00","TMA_SPLIT",17,"Current"
"18:00","TMA_ZADAR",5,"Current"
"18:00","TMA_OSIJEK",0,"Current"
"18:10","TMA_ZAGREB",4,"Current"
"18:10","TMA_PULA",6,"Current"
"18:10","TMA_DUBROVNIK",11,"Current"
"18:10","TMA_SPLIT",19,"Current"
"18:10","TMA_ZADAR",7,"Current"
"18:10","TMA_OSIJEK",0,"Current"
"18:20","TMA_ZAGREB",5,"Current"
"18:20","TMA_PULA",6,"Current"
"18:20","TMA_DUBROVNIK",10,"Current"
"18:20","TMA_SPLIT",17,"Current"
"18:20","TMA_ZADAR",8,"Current"
"18:20","TMA_OSIJEK",0,"Current"
"18:30","TMA_ZAGREB",5,"Current"
"18:30","TMA_PULA",10,"Current"
"18:30","TMA_DUBROVNIK",15,"Current"
"18:30","TMA_SPLIT",18,"Current"
"18:30","TMA_ZADAR",8,"Current"
"18:30","TMA_OSIJEK",0,"Current"
"18:40","TMA_ZAGREB",4,"Current"
"18:40","TMA_PULA",14,"Current"
"18:40","TMA_DUBROVNIK",14,"Current"
"18:40","TMA_SPLIT",21,"Current"
"18:40","TMA_ZADAR",9,"Current"
"18:40","TMA_OSIJEK",0,"Current"
"18:50","TMA_ZAGREB",4,"Current"
"18:50","TMA_PULA",11,"Current"
"18:50","TMA_DUBROVNIK",16,"Current"
"18:50","TMA_SPLIT",18,"Current"
"18:50","TMA_ZADAR",9,"Current"
"18:50","TMA_OSIJEK",1,"Current"
"19:00","TMA_ZAGREB",6,"Current"
"19:00","TMA_PULA",13,"Current"
"19:00","TMA_DUBROVNIK",14,"Current"
"19:00","TMA_SPLIT",16,"Current"
"19:00","TMA_ZADAR",7,"Current"
"19:00","TMA_OSIJEK",1,"Current"
"19:10","TMA_ZAGREB",7,"Current"
"19:10","TMA_PULA",13,"Current"
"19:10","TMA_DUBROVNIK",13,"Current"
"19:10","TMA_SPLIT",18,"Current"
"19:10","TMA_ZADAR",7,"Current"
"19:10","TMA_OSIJEK",1,"Current"
"19:20","TMA_ZAGREB",6,"Current"
"19:20","TMA_PULA",14,"Current"
"19:20","TMA_DUBROVNIK",11,"Current"
"19:20","TMA_SPLIT",17,"Current"
"19:20","TMA_ZADAR",7,"Current"
"19:20","TMA_OSIJEK",2,"Current"
"19:30","TMA_ZAGREB",7,"Current"
"19:30","TMA_PULA",11,"Current"
"19:30","TMA_DUBROVNIK",10,"Current"
"19:30","TMA_SPLIT",17,"Current"
"19:30","TMA_ZADAR",6,"Current"
"19:30","TMA_OSIJEK",2,"Current"
"19:40","TMA_ZAGREB",9,"Current"
"19:40","TMA_PULA",7,"Current"
"19:40","TMA_DUBROVNIK",12,"Current"
"19:40","TMA_SPLIT",17,"Current"
"19:40","TMA_ZADAR",7,"Current"
"19:40","TMA_OSIJEK",2,"Current"
"19:50","TMA_ZAGREB",8,"Current"
"19:50","TMA_PULA",6,"Current"
"19:50","TMA_DUBROVNIK",11,"Current"
"19:50","TMA_SPLIT",16,"Current"
"19:50","TMA_ZADAR",6,"Current"
"19:50","TMA_OSIJEK",1,"Current"
"20:00","TMA_ZAGREB",9,"Current"
"20:00","TMA_PULA",5,"Current"
"20:00","TMA_DUBROVNIK",12,"Current"
"20:00","TMA_SPLIT",16,"Current"
"20:00","TMA_ZADAR",6,"Current"
"20:00","TMA_OSIJEK",1,"Current"
"20:10","TMA_ZAGREB",9,"Current"
"20:10","TMA_PULA",4,"Current"
"20:10","TMA_DUBROVNIK",13,"Current"
"20:10","TMA_SPLIT",14,"Current"
"20:10","TMA_ZADAR",4,"Current"
"20:10","TMA_OSIJEK",2,"Current"
"20:20","TMA_ZAGREB",11,"Current"
"20:20","TMA_PULA",4,"Current"
"20:20","TMA_DUBROVNIK",13,"Current"
"20:20","TMA_SPLIT",14,"Current"
"20:20","TMA_ZADAR",4,"Current"
"20:20","TMA_OSIJEK",1,"Current"
"20:30","TMA_ZAGREB",10,"Current"
"20:30","TMA_PULA",4,"Current"
"20:30","TMA_DUBROVNIK",10,"Current"
"20:30","TMA_SPLIT",14,"Current"
"20:30","TMA_ZADAR",4,"Current"
"20:30","TMA_OSIJEK",1,"Current"
"20:40","TMA_ZAGREB",10,"Current"
"20:40","TMA_PULA",4,"Current"
"20:40","TMA_DUBROVNIK",9,"Current"
"20:40","TMA_SPLIT",12,"Current"
"20:40","TMA_ZADAR",2,"Current"
"20:40","TMA_OSIJEK",1,"Current"
"20:50","TMA_ZAGREB",12,"Current"
"20:50","TMA_PULA",4,"Current"
"20:50","TMA_DUBROVNIK",7,"Current"
"20:50","TMA_SPLIT",13,"Current"
"20:50","TMA_ZADAR",4,"Current"
"20:50","TMA_OSIJEK",1,"Current"
"21:00","TMA_ZAGREB",9,"Current"
"21:00","TMA_PULA",3,"Current"
"21:00","TMA_DUBROVNIK",6,"Current"
"21:00","TMA_SPLIT",14,"Current"
"21:00","TMA_ZADAR",5,"Current"
"21:00","TMA_OSIJEK",1,"Current"
"21:10","TMA_ZAGREB",9,"Current"
"21:10","TMA_PULA",3,"Current"
"21:10","TMA_DUBROVNIK",5,"Current"
"21:10","TMA_SPLIT",11,"Current"
"21:10","TMA_ZADAR",7,"Current"
"21:10","TMA_OSIJEK",0,"Current"
"21:20","TMA_ZAGREB",8,"Current"
"21:20","TMA_PULA",2,"Current"
"21:20","TMA_DUBROVNIK",5,"Current"
"21:20","TMA_SPLIT",11,"Current"
"21:20","TMA_ZADAR",6,"Current"
"21:20","TMA_OSIJEK",0,"Current"
"21:30","TMA_ZAGREB",7,"Current"
"21:30","TMA_PULA",1,"Current"
"21:30","TMA_DUBROVNIK",4,"Current"
"21:30","TMA_SPLIT",10,"Current"
"21:30","TMA_ZADAR",5,"Current"
"21:30","TMA_OSIJEK",0,"Current"
"21:40","TMA_ZAGREB",5,"Current"
"21:40","TMA_PULA",1,"Current"
"21:40","TMA_DUBROVNIK",5,"Current"
"21:40","TMA_SPLIT",9,"Current"
"21:40","TMA_ZADAR",6,"Current"
"21:40","TMA_OSIJEK",0,"Current"
"21:50","TMA_ZAGREB",3,"Current"
"21:50","TMA_PULA",2,"Current"
"21:50","TMA_DUBROVNIK",4,"Current"
"21:50","TMA_SPLIT",7,"Current"
"21:50","TMA_ZADAR",4,"Current"
"21:50","TMA_OSIJEK",0,"Current"
"22:00","TMA_ZAGREB",2,"Current"
"22:00","TMA_PULA",2,"Current"
"22:00","TMA_DUBROVNIK",4,"Current"
"22:00","TMA_SPLIT",5,"Current"
"22:00","TMA_ZADAR",3,"Current"
"22:00","TMA_OSIJEK",0,"Current"
"22:10","TMA_ZAGREB",1,"Current"
"22:10","TMA_PULA",2,"Current"
"22:10","TMA_DUBROVNIK",3,"Current"
"22:10","TMA_SPLIT",5,"Current"
"22:10","TMA_ZADAR",1,"Current"
"22:10","TMA_OSIJEK",0,"Current"
"22:20","TMA_ZAGREB",0,"Current"
"22:20","TMA_PULA",2,"Current"
"22:20","TMA_DUBROVNIK",3,"Current"
"22:20","TMA_SPLIT",6,"Current"
"22:20","TMA_ZADAR",1,"Current"
"22:20","TMA_OSIJEK",0,"Current"
"22:30","TMA_ZAGREB",0,"Current"
"22:30","TMA_PULA",2,"Current"
"22:30","TMA_DUBROVNIK",3,"Current"
"22:30","TMA_SPLIT",5,"Current"
"22:30","TMA_ZADAR",1,"Current"
"22:30","TMA_OSIJEK",0,"Current"
"22:40","TMA_ZAGREB",0,"Current"
"22:40","TMA_PULA",1,"Current"
"22:40","TMA_DUBROVNIK",1,"Current"
"22:40","TMA_SPLIT",4,"Current"
"22:40","TMA_ZADAR",0,"Current"
"22:40","TMA_OSIJEK",0,"Current"
"22:50","TMA_ZAGREB",0,"Current"
"22:50","TMA_PULA",0,"Current"
"22:50","TMA_DUBROVNIK",1,"Current"
"22:50","TMA_SPLIT",3,"Current"
"22:50","TMA_ZADAR",0,"Current"
"22:50","TMA_OSIJEK",0,"Current"
"23:00","TMA_ZAGREB",0,"Current"
"23:00","TMA_PULA",0,"Current"
"23:00","TMA_DUBROVNIK",1,"Current"
"23:00","TMA_SPLIT",3,"Current"
"23:00","TMA_ZADAR",0,"Current"
"23:00","TMA_OSIJEK",0,"Current"
"23:10","TMA_ZAGREB",1,"Current"
"23:10","TMA_PULA",0,"Current"
"23:10","TMA_DUBROVNIK",1,"Current"
"23:10","TMA_SPLIT",3,"Current"
"23:10","TMA_ZADAR",0,"Current"
"23:10","TMA_OSIJEK",0,"Current"
"23:20","TMA_ZAGREB",1,"Current"
"23:20","TMA_PULA",0,"Current"
"23:20","TMA_DUBROVNIK",0,"Current"
"23:20","TMA_SPLIT",1,"Current"
"23:20","TMA_ZADAR",0,"Current"
"23:20","TMA_OSIJEK",0,"Current"
"23:30","TMA_ZAGREB",1,"Current"
"23:30","TMA_PULA",0,"Current"
"23:30","TMA_DUBROVNIK",0,"Current"
"23:30","TMA_SPLIT",1,"Current"
"23:30","TMA_ZADAR",0,"Current"
"23:30","TMA_OSIJEK",0,"Current"
"23:40","TMA_ZAGREB",2,"Current"
"23:40","TMA_PULA",0,"Current"
"23:40","TMA_DUBROVNIK",0,"Current"
"23:40","TMA_SPLIT",1,"Current"
"23:40","TMA_ZADAR",1,"Current"
"23:40","TMA_OSIJEK",0,"Current"
"23:50","TMA_ZAGREB",2,"Current"
"23:50","TMA_PULA",0,"Current"
"23:50","TMA_DUBROVNIK",0,"Current"
"23:50","TMA_SPLIT",1,"Current"
"23:50","TMA_ZADAR",1,"Current"
"23:50","TMA_OSIJEK",0,"Current"
"00:10","TMA_ZAGREB",0,"PBN"
"00:10","TMA_PULA",0,"PBN"
"00:10","TMA_DUBROVNIK",0,"PBN"
"00:10","TMA_SPLIT",0,"PBN"
"00:10","TMA_ZADAR",0,"PBN"
"00:10","TMA_OSIJEK",0,"PBN"
"00:20","TMA_ZAGREB",0,"PBN"
"00:20","TMA_PULA",3,"PBN"
"00:20","TMA_DUBROVNIK",0,"PBN"
"00:20","TMA_SPLIT",0,"PBN"
"00:20","TMA_ZADAR",0,"PBN"
"00:20","TMA_OSIJEK",0,"PBN"
"00:30","TMA_ZAGREB",0,"PBN"
"00:30","TMA_PULA",2,"PBN"
"00:30","TMA_DUBROVNIK",0,"PBN"
"00:30","TMA_SPLIT",0,"PBN"
"00:30","TMA_ZADAR",0,"PBN"
"00:30","TMA_OSIJEK",0,"PBN"
"00:40","TMA_ZAGREB",1,"PBN"
"00:40","TMA_PULA",1,"PBN"
"00:40","TMA_DUBROVNIK",0,"PBN"
"00:40","TMA_SPLIT",0,"PBN"
"00:40","TMA_ZADAR",0,"PBN"
"00:40","TMA_OSIJEK",0,"PBN"
"00:50","TMA_ZAGREB",1,"PBN"
"00:50","TMA_PULA",1,"PBN"
"00:50","TMA_DUBROVNIK",0,"PBN"
"00:50","TMA_SPLIT",0,"PBN"
"00:50","TMA_ZADAR",0,"PBN"
"00:50","TMA_OSIJEK",0,"PBN"
"01:00","TMA_ZAGREB",1,"PBN"
"01:00","TMA_PULA",1,"PBN"
"01:00","TMA_DUBROVNIK",0,"PBN"
"01:00","TMA_SPLIT",0,"PBN"
"01:00","TMA_ZADAR",0,"PBN"
"01:00","TMA_OSIJEK",0,"PBN"
"01:10","TMA_ZAGREB",1,"PBN"
"01:10","TMA_PULA",1,"PBN"
"01:10","TMA_DUBROVNIK",0,"PBN"
"01:10","TMA_SPLIT",0,"PBN"
"01:10","TMA_ZADAR",0,"PBN"
"01:10","TMA_OSIJEK",0,"PBN"
"01:20","TMA_ZAGREB",1,"PBN"
"01:20","TMA_PULA",0,"PBN"
"01:20","TMA_DUBROVNIK",0,"PBN"
"01:20","TMA_SPLIT",0,"PBN"
"01:20","TMA_ZADAR",0,"PBN"
"01:20","TMA_OSIJEK",0,"PBN"
"01:30","TMA_ZAGREB",1,"PBN"
"01:30","TMA_PULA",0,"PBN"
"01:30","TMA_DUBROVNIK",0,"PBN"
"01:30","TMA_SPLIT",0,"PBN"
"01:30","TMA_ZADAR",0,"PBN"
"01:30","TMA_OSIJEK",0,"PBN"
"01:40","TMA_ZAGREB",0,"PBN"
"01:40","TMA_PULA",0,"PBN"
"01:40","TMA_DUBROVNIK",0,"PBN"
"01:40","TMA_SPLIT",0,"PBN"
"01:40","TMA_ZADAR",0,"PBN"
"01:40","TMA_OSIJEK",0,"PBN"
"01:50","TMA_ZAGREB",0,"PBN"
"01:50","TMA_PULA",0,"PBN"
"01:50","TMA_DUBROVNIK",0,"PBN"
"01:50","TMA_SPLIT",0,"PBN"
"01:50","TMA_ZADAR",0,"PBN"
"01:50","TMA_OSIJEK",0,"PBN"
"02:00","TMA_ZAGREB",0,"PBN"
"02:00","TMA_PULA",0,"PBN"
"02:00","TMA_DUBROVNIK",0,"PBN"
"02:00","TMA_SPLIT",0,"PBN"
"02:00","TMA_ZADAR",0,"PBN"
"02:00","TMA_OSIJEK",0,"PBN"
"02:10","TMA_ZAGREB",0,"PBN"
"02:10","TMA_PULA",0,"PBN"
"02:10","TMA_DUBROVNIK",0,"PBN"
"02:10","TMA_SPLIT",0,"PBN"
"02:10","TMA_ZADAR",0,"PBN"
"02:10","TMA_OSIJEK",0,"PBN"
"02:20","TMA_ZAGREB",0,"PBN"
"02:20","TMA_PULA",0,"PBN"
"02:20","TMA_DUBROVNIK",0,"PBN"
"02:20","TMA_SPLIT",0,"PBN"
"02:20","TMA_ZADAR",0,"PBN"
"02:20","TMA_OSIJEK",0,"PBN"
"02:30","TMA_ZAGREB",0,"PBN"
"02:30","TMA_PULA",0,"PBN"
"02:30","TMA_DUBROVNIK",0,"PBN"
"02:30","TMA_SPLIT",0,"PBN"
"02:30","TMA_ZADAR",0,"PBN"
"02:30","TMA_OSIJEK",0,"PBN"
"02:40","TMA_ZAGREB",0,"PBN"
"02:40","TMA_PULA",0,"PBN"
"02:40","TMA_DUBROVNIK",0,"PBN"
"02:40","TMA_SPLIT",0,"PBN"
"02:40","TMA_ZADAR",0,"PBN"
"02:40","TMA_OSIJEK",0,"PBN"
"02:50","TMA_ZAGREB",0,"PBN"
"02:50","TMA_PULA",0,"PBN"
"02:50","TMA_DUBROVNIK",0,"PBN"
"02:50","TMA_SPLIT",0,"PBN"
"02:50","TMA_ZADAR",0,"PBN"
"02:50","TMA_OSIJEK",0,"PBN"
"03:00","TMA_ZAGREB",0,"PBN"
"03:00","TMA_PULA",0,"PBN"
"03:00","TMA_DUBROVNIK",0,"PBN"
"03:00","TMA_SPLIT",0,"PBN"
"03:00","TMA_ZADAR",0,"PBN"
"03:00","TMA_OSIJEK",0,"PBN"
"03:10","TMA_ZAGREB",0,"PBN"
"03:10","TMA_PULA",0,"PBN"
"03:10","TMA_DUBROVNIK",0,"PBN"
"03:10","TMA_SPLIT",0,"PBN"
"03:10","TMA_ZADAR",0,"PBN"
"03:10","TMA_OSIJEK",0,"PBN"
"03:20","TMA_ZAGREB",1,"PBN"
"03:20","TMA_PULA",0,"PBN"
"03:20","TMA_DUBROVNIK",0,"PBN"
"03:20","TMA_SPLIT",0,"PBN"
"03:20","TMA_ZADAR",0,"PBN"
"03:20","TMA_OSIJEK",0,"PBN"
"03:30","TMA_ZAGREB",1,"PBN"
"03:30","TMA_PULA",0,"PBN"
"03:30","TMA_DUBROVNIK",0,"PBN"
"03:30","TMA_SPLIT",0,"PBN"
"03:30","TMA_ZADAR",0,"PBN"
"03:30","TMA_OSIJEK",0,"PBN"
"03:40","TMA_ZAGREB",1,"PBN"
"03:40","TMA_PULA",0,"PBN"
"03:40","TMA_DUBROVNIK",0,"PBN"
"03:40","TMA_SPLIT",0,"PBN"
"03:40","TMA_ZADAR",0,"PBN"
"03:40","TMA_OSIJEK",0,"PBN"
"03:50","TMA_ZAGREB",1,"PBN"
"03:50","TMA_PULA",0,"PBN"
"03:50","TMA_DUBROVNIK",0,"PBN"
"03:50","TMA_SPLIT",1,"PBN"
"03:50","TMA_ZADAR",0,"PBN"
"03:50","TMA_OSIJEK",0,"PBN"
"04:00","TMA_ZAGREB",1,"PBN"
"04:00","TMA_PULA",0,"PBN"
"04:00","TMA_DUBROVNIK",0,"PBN"
"04:00","TMA_SPLIT",1,"PBN"
"04:00","TMA_ZADAR",1,"PBN"
"04:00","TMA_OSIJEK",0,"PBN"
"04:10","TMA_ZAGREB",1,"PBN"
"04:10","TMA_PULA",0,"PBN"
"04:10","TMA_DUBROVNIK",0,"PBN"
"04:10","TMA_SPLIT",1,"PBN"
"04:10","TMA_ZADAR",1,"PBN"
"04:10","TMA_OSIJEK",0,"PBN"
"04:20","TMA_ZAGREB",1,"PBN"
"04:20","TMA_PULA",0,"PBN"
"04:20","TMA_DUBROVNIK",0,"PBN"
"04:20","TMA_SPLIT",1,"PBN"
"04:20","TMA_ZADAR",1,"PBN"
"04:20","TMA_OSIJEK",1,"PBN"
"04:30","TMA_ZAGREB",1,"PBN"
"04:30","TMA_PULA",1,"PBN"
"04:30","TMA_DUBROVNIK",0,"PBN"
"04:30","TMA_SPLIT",1,"PBN"
"04:30","TMA_ZADAR",2,"PBN"
"04:30","TMA_OSIJEK",1,"PBN"
"04:40","TMA_ZAGREB",2,"PBN"
"04:40","TMA_PULA",1,"PBN"
"04:40","TMA_DUBROVNIK",1,"PBN"
"04:40","TMA_SPLIT",2,"PBN"
"04:40","TMA_ZADAR",2,"PBN"
"04:40","TMA_OSIJEK",1,"PBN"
"04:50","TMA_ZAGREB",2,"PBN"
"04:50","TMA_PULA",1,"PBN"
"04:50","TMA_DUBROVNIK",1,"PBN"
"04:50","TMA_SPLIT",4,"PBN"
"04:50","TMA_ZADAR",3,"PBN"
"04:50","TMA_OSIJEK",1,"PBN"
"05:00","TMA_ZAGREB",5,"PBN"
"05:00","TMA_PULA",1,"PBN"
"05:00","TMA_DUBROVNIK",1,"PBN"
"05:00","TMA_SPLIT",5,"PBN"
"05:00","TMA_ZADAR",3,"PBN"
"05:00","TMA_OSIJEK",1,"PBN"
"05:10","TMA_ZAGREB",6,"PBN"
"05:10","TMA_PULA",3,"PBN"
"05:10","TMA_DUBROVNIK",2,"PBN"
"05:10","TMA_SPLIT",6,"PBN"
"05:10","TMA_ZADAR",3,"PBN"
"05:10","TMA_OSIJEK",1,"PBN"
"05:20","TMA_ZAGREB",7,"PBN"
"05:20","TMA_PULA",4,"PBN"
"05:20","TMA_DUBROVNIK",4,"PBN"
"05:20","TMA_SPLIT",8,"PBN"
"05:20","TMA_ZADAR",5,"PBN"
"05:20","TMA_OSIJEK",0,"PBN"
"05:30","TMA_ZAGREB",9,"PBN"
"05:30","TMA_PULA",4,"PBN"
"05:30","TMA_DUBROVNIK",5,"PBN"
"05:30","TMA_SPLIT",9,"PBN"
"05:30","TMA_ZADAR",6,"PBN"
"05:30","TMA_OSIJEK",0,"PBN"
"05:40","TMA_ZAGREB",11,"PBN"
"05:40","TMA_PULA",5,"PBN"
"05:40","TMA_DUBROVNIK",4,"PBN"
"05:40","TMA_SPLIT",10,"PBN"
"05:40","TMA_ZADAR",8,"PBN"
"05:40","TMA_OSIJEK",0,"PBN"
"05:50","TMA_ZAGREB",13,"PBN"
"05:50","TMA_PULA",6,"PBN"
"05:50","TMA_DUBROVNIK",6,"PBN"
"05:50","TMA_SPLIT",8,"PBN"
"05:50","TMA_ZADAR",8,"PBN"
"05:50","TMA_OSIJEK",0,"PBN"
"06:00","TMA_ZAGREB",10,"PBN"
"06:00","TMA_PULA",6,"PBN"
"06:00","TMA_DUBROVNIK",7,"PBN"
"06:00","TMA_SPLIT",8,"PBN"
"06:00","TMA_ZADAR",9,"PBN"
"06:00","TMA_OSIJEK",0,"PBN"
"06:10","TMA_ZAGREB",13,"PBN"
"06:10","TMA_PULA",5,"PBN"
"06:10","TMA_DUBROVNIK",9,"PBN"
"06:10","TMA_SPLIT",11,"PBN"
"06:10","TMA_ZADAR",9,"PBN"
"06:10","TMA_OSIJEK",0,"PBN"
"06:20","TMA_ZAGREB",12,"PBN"
"06:20","TMA_PULA",5,"PBN"
"06:20","TMA_DUBROVNIK",9,"PBN"
"06:20","TMA_SPLIT",12,"PBN"
"06:20","TMA_ZADAR",8,"PBN"
"06:20","TMA_OSIJEK",0,"PBN"
"06:30","TMA_ZAGREB",13,"PBN"
"06:30","TMA_PULA",5,"PBN"
"06:30","TMA_DUBROVNIK",8,"PBN"
"06:30","TMA_SPLIT",16,"PBN"
"06:30","TMA_ZADAR",8,"PBN"
"06:30","TMA_OSIJEK",0,"PBN"
"06:40","TMA_ZAGREB",11,"PBN"
"06:40","TMA_PULA",6,"PBN"
"06:40","TMA_DUBROVNIK",10,"PBN"
"06:40","TMA_SPLIT",18,"PBN"
"06:40","TMA_ZADAR",7,"PBN"
"06:40","TMA_OSIJEK",1,"PBN"
"06:50","TMA_ZAGREB",10,"PBN"
"06:50","TMA_PULA",7,"PBN"
"06:50","TMA_DUBROVNIK",9,"PBN"
"06:50","TMA_SPLIT",18,"PBN"
"06:50","TMA_ZADAR",6,"PBN"
"06:50","TMA_OSIJEK",1,"PBN"
"07:00","TMA_ZAGREB",16,"PBN"
"07:00","TMA_PULA",8,"PBN"
"07:00","TMA_DUBROVNIK",11,"PBN"
"07:00","TMA_SPLIT",21,"PBN"
"07:00","TMA_ZADAR",7,"PBN"
"07:00","TMA_OSIJEK",1,"PBN"
"07:10","TMA_ZAGREB",13,"PBN"
"07:10","TMA_PULA",8,"PBN"
"07:10","TMA_DUBROVNIK",10,"PBN"
"07:10","TMA_SPLIT",18,"PBN"
"07:10","TMA_ZADAR",9,"PBN"
"07:10","TMA_OSIJEK",1,"PBN"
"07:20","TMA_ZAGREB",12,"PBN"
"07:20","TMA_PULA",13,"PBN"
"07:20","TMA_DUBROVNIK",9,"PBN"
"07:20","TMA_SPLIT",17,"PBN"
"07:20","TMA_ZADAR",9,"PBN"
"07:20","TMA_OSIJEK",1,"PBN"
"07:30","TMA_ZAGREB",11,"PBN"
"07:30","TMA_PULA",14,"PBN"
"07:30","TMA_DUBROVNIK",13,"PBN"
"07:30","TMA_SPLIT",15,"PBN"
"07:30","TMA_ZADAR",9,"PBN"
"07:30","TMA_OSIJEK",1,"PBN"
"07:40","TMA_ZAGREB",15,"PBN"
"07:40","TMA_PULA",17,"PBN"
"07:40","TMA_DUBROVNIK",13,"PBN"
"07:40","TMA_SPLIT",16,"PBN"
"07:40","TMA_ZADAR",8,"PBN"
"07:40","TMA_OSIJEK",1,"PBN"
"07:50","TMA_ZAGREB",14,"PBN"
"07:50","TMA_PULA",16,"PBN"
"07:50","TMA_DUBROVNIK",13,"PBN"
"07:50","TMA_SPLIT",18,"PBN"
"07:50","TMA_ZADAR",9,"PBN"
"07:50","TMA_OSIJEK",2,"PBN"
"08:00","TMA_ZAGREB",10,"PBN"
"08:00","TMA_PULA",17,"PBN"
"08:00","TMA_DUBROVNIK",16,"PBN"
"08:00","TMA_SPLIT",17,"PBN"
"08:00","TMA_ZADAR",9,"PBN"
"08:00","TMA_OSIJEK",2,"PBN"
"08:10","TMA_ZAGREB",14,"PBN"
"08:10","TMA_PULA",17,"PBN"
"08:10","TMA_DUBROVNIK",16,"PBN"
"08:10","TMA_SPLIT",19,"PBN"
"08:10","TMA_ZADAR",7,"PBN"
"08:10","TMA_OSIJEK",2,"PBN"
"08:20","TMA_ZAGREB",15,"PBN"
"08:20","TMA_PULA",12,"PBN"
"08:20","TMA_DUBROVNIK",15,"PBN"
"08:20","TMA_SPLIT",19,"PBN"
"08:20","TMA_ZADAR",7,"PBN"
"08:20","TMA_OSIJEK",2,"PBN"
"08:30","TMA_ZAGREB",19,"PBN"
"08:30","TMA_PULA",12,"PBN"
"08:30","TMA_DUBROVNIK",15,"PBN"
"08:30","TMA_SPLIT",20,"PBN"
"08:30","TMA_ZADAR",5,"PBN"
"08:30","TMA_OSIJEK",3,"PBN"
"08:40","TMA_ZAGREB",16,"PBN"
"08:40","TMA_PULA",10,"PBN"
"08:40","TMA_DUBROVNIK",15,"PBN"
"08:40","TMA_SPLIT",20,"PBN"
"08:40","TMA_ZADAR",6,"PBN"
"08:40","TMA_OSIJEK",2,"PBN"
"08:50","TMA_ZAGREB",17,"PBN"
"08:50","TMA_PULA",14,"PBN"
"08:50","TMA_DUBROVNIK",16,"PBN"
"08:50","TMA_SPLIT",18,"PBN"
"08:50","TMA_ZADAR",5,"PBN"
"08:50","TMA_OSIJEK",1,"PBN"
"09:00","TMA_ZAGREB",20,"PBN"
"09:00","TMA_PULA",16,"PBN"
"09:00","TMA_DUBROVNIK",13,"PBN"
"09:00","TMA_SPLIT",18,"PBN"
"09:00","TMA_ZADAR",4,"PBN"
"09:00","TMA_OSIJEK",2,"PBN"
"09:10","TMA_ZAGREB",16,"PBN"
"09:10","TMA_PULA",22,"PBN"
"09:10","TMA_DUBROVNIK",15,"PBN"
"09:10","TMA_SPLIT",18,"PBN"
"09:10","TMA_ZADAR",6,"PBN"
"09:10","TMA_OSIJEK",4,"PBN"
"09:20","TMA_ZAGREB",17,"PBN"
"09:20","TMA_PULA",24,"PBN"
"09:20","TMA_DUBROVNIK",20,"PBN"
"09:20","TMA_SPLIT",19,"PBN"
"09:20","TMA_ZADAR",9,"PBN"
"09:20","TMA_OSIJEK",4,"PBN"
"09:30","TMA_ZAGREB",12,"PBN"
"09:30","TMA_PULA",25,"PBN"
"09:30","TMA_DUBROVNIK",19,"PBN"
"09:30","TMA_SPLIT",19,"PBN"
"09:30","TMA_ZADAR",11,"PBN"
"09:30","TMA_OSIJEK",4,"PBN"
"09:40","TMA_ZAGREB",11,"PBN"
"09:40","TMA_PULA",24,"PBN"
"09:40","TMA_DUBROVNIK",18,"PBN"
"09:40","TMA_SPLIT",17,"PBN"
"09:40","TMA_ZADAR",13,"PBN"
"09:40","TMA_OSIJEK",5,"PBN"
"09:50","TMA_ZAGREB",12,"PBN"
"09:50","TMA_PULA",23,"PBN"
"09:50","TMA_DUBROVNIK",21,"PBN"
"09:50","TMA_SPLIT",19,"PBN"
"09:50","TMA_ZADAR",13,"PBN"
"09:50","TMA_OSIJEK",5,"PBN"
"10:00","TMA_ZAGREB",8,"PBN"
"10:00","TMA_PULA",21,"PBN"
"10:00","TMA_DUBROVNIK",19,"PBN"
"10:00","TMA_SPLIT",22,"PBN"
"10:00","TMA_ZADAR",14,"PBN"
"10:00","TMA_OSIJEK",4,"PBN"
"10:10","TMA_ZAGREB",9,"PBN"
"10:10","TMA_PULA",18,"PBN"
"10:10","TMA_DUBROVNIK",19,"PBN"
"10:10","TMA_SPLIT",20,"PBN"
"10:10","TMA_ZADAR",13,"PBN"
"10:10","TMA_OSIJEK",4,"PBN"
"10:20","TMA_ZAGREB",9,"PBN"
"10:20","TMA_PULA",16,"PBN"
"10:20","TMA_DUBROVNIK",15,"PBN"
"10:20","TMA_SPLIT",20,"PBN"
"10:20","TMA_ZADAR",12,"PBN"
"10:20","TMA_OSIJEK",4,"PBN"
"10:30","TMA_ZAGREB",11,"PBN"
"10:30","TMA_PULA",14,"PBN"
"10:30","TMA_DUBROVNIK",12,"PBN"
"10:30","TMA_SPLIT",20,"PBN"
"10:30","TMA_ZADAR",11,"PBN"
"10:30","TMA_OSIJEK",3,"PBN"
"10:40","TMA_ZAGREB",13,"PBN"
"10:40","TMA_PULA",15,"PBN"
"10:40","TMA_DUBROVNIK",11,"PBN"
"10:40","TMA_SPLIT",20,"PBN"
"10:40","TMA_ZADAR",8,"PBN"
"10:40","TMA_OSIJEK",2,"PBN"
"10:50","TMA_ZAGREB",16,"PBN"
"10:50","TMA_PULA",15,"PBN"
"10:50","TMA_DUBROVNIK",8,"PBN"
"10:50","TMA_SPLIT",20,"PBN"
"10:50","TMA_ZADAR",12,"PBN"
"10:50","TMA_OSIJEK",2,"PBN"
"11:00","TMA_ZAGREB",19,"PBN"
"11:00","TMA_PULA",15,"PBN"
"11:00","TMA_DUBROVNIK",8,"PBN"
"11:00","TMA_SPLIT",19,"PBN"
"11:00","TMA_ZADAR",11,"PBN"
"11:00","TMA_OSIJEK",2,"PBN"
"11:10","TMA_ZAGREB",21,"PBN"
"11:10","TMA_PULA",14,"PBN"
"11:10","TMA_DUBROVNIK",10,"PBN"
"11:10","TMA_SPLIT",23,"PBN"
"11:10","TMA_ZADAR",11,"PBN"
"11:10","TMA_OSIJEK",2,"PBN"
"11:20","TMA_ZAGREB",20,"PBN"
"11:20","TMA_PULA",15,"PBN"
"11:20","TMA_DUBROVNIK",10,"PBN"
"11:20","TMA_SPLIT",22,"PBN"
"11:20","TMA_ZADAR",11,"PBN"
"11:20","TMA_OSIJEK",2,"PBN"
"11:30","TMA_ZAGREB",17,"PBN"
"11:30","TMA_PULA",17,"PBN"
"11:30","TMA_DUBROVNIK",12,"PBN"
"11:30","TMA_SPLIT",22,"PBN"
"11:30","TMA_ZADAR",12,"PBN"
"11:30","TMA_OSIJEK",2,"PBN"
"11:40","TMA_ZAGREB",18,"PBN"
"11:40","TMA_PULA",20,"PBN"
"11:40","TMA_DUBROVNIK",15,"PBN"
"11:40","TMA_SPLIT",21,"PBN"
"11:40","TMA_ZADAR",13,"PBN"
"11:40","TMA_OSIJEK",3,"PBN"
"11:50","TMA_ZAGREB",14,"PBN"
"11:50","TMA_PULA",20,"PBN"
"11:50","TMA_DUBROVNIK",14,"PBN"
"11:50","TMA_SPLIT",21,"PBN"
"11:50","TMA_ZADAR",14,"PBN"
"11:50","TMA_OSIJEK",3,"PBN"
"12:00","TMA_ZAGREB",15,"PBN"
"12:00","TMA_PULA",19,"PBN"
"12:00","TMA_DUBROVNIK",16,"PBN"
"12:00","TMA_SPLIT",19,"PBN"
"12:00","TMA_ZADAR",13,"PBN"
"12:00","TMA_OSIJEK",3,"PBN"
"12:10","TMA_ZAGREB",13,"PBN"
"12:10","TMA_PULA",18,"PBN"
"12:10","TMA_DUBROVNIK",12,"PBN"
"12:10","TMA_SPLIT",15,"PBN"
"12:10","TMA_ZADAR",12,"PBN"
"12:10","TMA_OSIJEK",1,"PBN"
"12:20","TMA_ZAGREB",12,"PBN"
"12:20","TMA_PULA",16,"PBN"
"12:20","TMA_DUBROVNIK",13,"PBN"
"12:20","TMA_SPLIT",18,"PBN"
"12:20","TMA_ZADAR",9,"PBN"
"12:20","TMA_OSIJEK",1,"PBN"
"12:30","TMA_ZAGREB",14,"PBN"
"12:30","TMA_PULA",14,"PBN"
"12:30","TMA_DUBROVNIK",16,"PBN"
"12:30","TMA_SPLIT",17,"PBN"
"12:30","TMA_ZADAR",7,"PBN"
"12:30","TMA_OSIJEK",1,"PBN"
"12:40","TMA_ZAGREB",12,"PBN"
"12:40","TMA_PULA",9,"PBN"
"12:40","TMA_DUBROVNIK",15,"PBN"
"12:40","TMA_SPLIT",20,"PBN"
"12:40","TMA_ZADAR",8,"PBN"
"12:40","TMA_OSIJEK",0,"PBN"
"12:50","TMA_ZAGREB",14,"PBN"
"12:50","TMA_PULA",8,"PBN"
"12:50","TMA_DUBROVNIK",16,"PBN"
"12:50","TMA_SPLIT",20,"PBN"
"12:50","TMA_ZADAR",3,"PBN"
"12:50","TMA_OSIJEK",0,"PBN"
"13:00","TMA_ZAGREB",12,"PBN"
"13:00","TMA_PULA",7,"PBN"
"13:00","TMA_DUBROVNIK",13,"PBN"
"13:00","TMA_SPLIT",18,"PBN"
"13:00","TMA_ZADAR",4,"PBN"
"13:00","TMA_OSIJEK",0,"PBN"
"13:10","TMA_ZAGREB",10,"PBN"
"13:10","TMA_PULA",8,"PBN"
"13:10","TMA_DUBROVNIK",16,"PBN"
"13:10","TMA_SPLIT",19,"PBN"
"13:10","TMA_ZADAR",7,"PBN"
"13:10","TMA_OSIJEK",0,"PBN"
"13:20","TMA_ZAGREB",12,"PBN"
"13:20","TMA_PULA",10,"PBN"
"13:20","TMA_DUBROVNIK",16,"PBN"
"13:20","TMA_SPLIT",18,"PBN"
"13:20","TMA_ZADAR",7,"PBN"
"13:20","TMA_OSIJEK",0,"PBN"
"13:30","TMA_ZAGREB",12,"PBN"
"13:30","TMA_PULA",11,"PBN"
"13:30","TMA_DUBROVNIK",11,"PBN"
"13:30","TMA_SPLIT",17,"PBN"
"13:30","TMA_ZADAR",9,"PBN"
"13:30","TMA_OSIJEK",0,"PBN"
"13:40","TMA_ZAGREB",15,"PBN"
"13:40","TMA_PULA",10,"PBN"
"13:40","TMA_DUBROVNIK",10,"PBN"
"13:40","TMA_SPLIT",13,"PBN"
"13:40","TMA_ZADAR",7,"PBN"
"13:40","TMA_OSIJEK",0,"PBN"
"13:50","TMA_ZAGREB",13,"PBN"
"13:50","TMA_PULA",8,"PBN"
"13:50","TMA_DUBROVNIK",12,"PBN"
"13:50","TMA_SPLIT",14,"PBN"
"13:50","TMA_ZADAR",7,"PBN"
"13:50","TMA_OSIJEK",0,"PBN"
"14:00","TMA_ZAGREB",14,"PBN"
"14:00","TMA_PULA",8,"PBN"
"14:00","TMA_DUBROVNIK",15,"PBN"
"14:00","TMA_SPLIT",16,"PBN"
"14:00","TMA_ZADAR",6,"PBN"
"14:00","TMA_OSIJEK",1,"PBN"
"14:10","TMA_ZAGREB",17,"PBN"
"14:10","TMA_PULA",8,"PBN"
"14:10","TMA_DUBROVNIK",10,"PBN"
"14:10","TMA_SPLIT",17,"PBN"
"14:10","TMA_ZADAR",5,"PBN"
"14:10","TMA_OSIJEK",1,"PBN"
"14:20","TMA_ZAGREB",18,"PBN"
"14:20","TMA_PULA",8,"PBN"
"14:20","TMA_DUBROVNIK",12,"PBN"
"14:20","TMA_SPLIT",19,"PBN"
"14:20","TMA_ZADAR",7,"PBN"
"14:20","TMA_OSIJEK",1,"PBN"
"14:30","TMA_ZAGREB",17,"PBN"
"14:30","TMA_PULA",8,"PBN"
"14:30","TMA_DUBROVNIK",16,"PBN"
"14:30","TMA_SPLIT",21,"PBN"
"14:30","TMA_ZADAR",5,"PBN"
"14:30","TMA_OSIJEK",1,"PBN"
"14:40","TMA_ZAGREB",13,"PBN"
"14:40","TMA_PULA",9,"PBN"
"14:40","TMA_DUBROVNIK",16,"PBN"
"14:40","TMA_SPLIT",22,"PBN"
"14:40","TMA_ZADAR",7,"PBN"
"14:40","TMA_OSIJEK",2,"PBN"
"14:50","TMA_ZAGREB",13,"PBN"
"14:50","TMA_PULA",9,"PBN"
"14:50","TMA_DUBROVNIK",14,"PBN"
"14:50","TMA_SPLIT",20,"PBN"
"14:50","TMA_ZADAR",8,"PBN"
"14:50","TMA_OSIJEK",2,"PBN"
"15:00","TMA_ZAGREB",13,"PBN"
"15:00","TMA_PULA",9,"PBN"
"15:00","TMA_DUBROVNIK",17,"PBN"
"15:00","TMA_SPLIT",19,"PBN"
"15:00","TMA_ZADAR",9,"PBN"
"15:00","TMA_OSIJEK",1,"PBN"
"15:10","TMA_ZAGREB",12,"PBN"
"15:10","TMA_PULA",7,"PBN"
"15:10","TMA_DUBROVNIK",20,"PBN"
"15:10","TMA_SPLIT",20,"PBN"
"15:10","TMA_ZADAR",8,"PBN"
"15:10","TMA_OSIJEK",1,"PBN"
"15:20","TMA_ZAGREB",11,"PBN"
"15:20","TMA_PULA",6,"PBN"
"15:20","TMA_DUBROVNIK",16,"PBN"
"15:20","TMA_SPLIT",17,"PBN"
"15:20","TMA_ZADAR",6,"PBN"
"15:20","TMA_OSIJEK",1,"PBN"
"15:30","TMA_ZAGREB",11,"PBN"
"15:30","TMA_PULA",7,"PBN"
"15:30","TMA_DUBROVNIK",12,"PBN"
"15:30","TMA_SPLIT",16,"PBN"
"15:30","TMA_ZADAR",6,"PBN"
"15:30","TMA_OSIJEK",1,"PBN"
"15:40","TMA_ZAGREB",11,"PBN"
"15:40","TMA_PULA",6,"PBN"
"15:40","TMA_DUBROVNIK",12,"PBN"
"15:40","TMA_SPLIT",18,"PBN"
"15:40","TMA_ZADAR",5,"PBN"
"15:40","TMA_OSIJEK",0,"PBN"
"15:50","TMA_ZAGREB",10,"PBN"
"15:50","TMA_PULA",5,"PBN"
"15:50","TMA_DUBROVNIK",11,"PBN"
"15:50","TMA_SPLIT",19,"PBN"
"15:50","TMA_ZADAR",4,"PBN"
"15:50","TMA_OSIJEK",0,"PBN"
"16:00","TMA_ZAGREB",6,"PBN"
"16:00","TMA_PULA",5,"PBN"
"16:00","TMA_DUBROVNIK",8,"PBN"
"16:00","TMA_SPLIT",21,"PBN"
"16:00","TMA_ZADAR",2,"PBN"
"16:00","TMA_OSIJEK",0,"PBN"
"16:10","TMA_ZAGREB",5,"PBN"
"16:10","TMA_PULA",6,"PBN"
"16:10","TMA_DUBROVNIK",8,"PBN"
"16:10","TMA_SPLIT",19,"PBN"
"16:10","TMA_ZADAR",1,"PBN"
"16:10","TMA_OSIJEK",0,"PBN"
"16:20","TMA_ZAGREB",3,"PBN"
"16:20","TMA_PULA",6,"PBN"
"16:20","TMA_DUBROVNIK",10,"PBN"
"16:20","TMA_SPLIT",19,"PBN"
"16:20","TMA_ZADAR",2,"PBN"
"16:20","TMA_OSIJEK",0,"PBN"
"16:30","TMA_ZAGREB",4,"PBN"
"16:30","TMA_PULA",5,"PBN"
"16:30","TMA_DUBROVNIK",10,"PBN"
"16:30","TMA_SPLIT",18,"PBN"
"16:30","TMA_ZADAR",3,"PBN"
"16:30","TMA_OSIJEK",0,"PBN"
"16:40","TMA_ZAGREB",3,"PBN"
"16:40","TMA_PULA",6,"PBN"
"16:40","TMA_DUBROVNIK",12,"PBN"
"16:40","TMA_SPLIT",18,"PBN"
"16:40","TMA_ZADAR",2,"PBN"
"16:40","TMA_OSIJEK",0,"PBN"
"16:50","TMA_ZAGREB",5,"PBN"
"16:50","TMA_PULA",9,"PBN"
"16:50","TMA_DUBROVNIK",13,"PBN"
"16:50","TMA_SPLIT",16,"PBN"
"16:50","TMA_ZADAR",2,"PBN"
"16:50","TMA_OSIJEK",0,"PBN"
"17:00","TMA_ZAGREB",5,"PBN"
"17:00","TMA_PULA",10,"PBN"
"17:00","TMA_DUBROVNIK",12,"PBN"
"17:00","TMA_SPLIT",17,"PBN"
"17:00","TMA_ZADAR",3,"PBN"
"17:00","TMA_OSIJEK",0,"PBN"
"17:10","TMA_ZAGREB",7,"PBN"
"17:10","TMA_PULA",13,"PBN"
"17:10","TMA_DUBROVNIK",9,"PBN"
"17:10","TMA_SPLIT",16,"PBN"
"17:10","TMA_ZADAR",3,"PBN"
"17:10","TMA_OSIJEK",0,"PBN"
"17:20","TMA_ZAGREB",8,"PBN"
"17:20","TMA_PULA",12,"PBN"
"17:20","TMA_DUBROVNIK",11,"PBN"
"17:20","TMA_SPLIT",17,"PBN"
"17:20","TMA_ZADAR",2,"PBN"
"17:20","TMA_OSIJEK",0,"PBN"
"17:30","TMA_ZAGREB",7,"PBN"
"17:30","TMA_PULA",10,"PBN"
"17:30","TMA_DUBROVNIK",11,"PBN"
"17:30","TMA_SPLIT",16,"PBN"
"17:30","TMA_ZADAR",3,"PBN"
"17:30","TMA_OSIJEK",0,"PBN"
"17:40","TMA_ZAGREB",8,"PBN"
"17:40","TMA_PULA",9,"PBN"
"17:40","TMA_DUBROVNIK",9,"PBN"
"17:40","TMA_SPLIT",13,"PBN"
"17:40","TMA_ZADAR",3,"PBN"
"17:40","TMA_OSIJEK",0,"PBN"
"17:50","TMA_ZAGREB",7,"PBN"
"17:50","TMA_PULA",11,"PBN"
"17:50","TMA_DUBROVNIK",9,"PBN"
"17:50","TMA_SPLIT",18,"PBN"
"17:50","TMA_ZADAR",4,"PBN"
"17:50","TMA_OSIJEK",0,"PBN"
"18:00","TMA_ZAGREB",8,"PBN"
"18:00","TMA_PULA",10,"PBN"
"18:00","TMA_DUBROVNIK",9,"PBN"
"18:00","TMA_SPLIT",16,"PBN"
"18:00","TMA_ZADAR",5,"PBN"
"18:00","TMA_OSIJEK",0,"PBN"
"18:10","TMA_ZAGREB",5,"PBN"
"18:10","TMA_PULA",6,"PBN"
"18:10","TMA_DUBROVNIK",11,"PBN"
"18:10","TMA_SPLIT",19,"PBN"
"18:10","TMA_ZADAR",7,"PBN"
"18:10","TMA_OSIJEK",0,"PBN"
"18:20","TMA_ZAGREB",5,"PBN"
"18:20","TMA_PULA",6,"PBN"
"18:20","TMA_DUBROVNIK",10,"PBN"
"18:20","TMA_SPLIT",17,"PBN"
"18:20","TMA_ZADAR",8,"PBN"
"18:20","TMA_OSIJEK",0,"PBN"
"18:30","TMA_ZAGREB",5,"PBN"
"18:30","TMA_PULA",10,"PBN"
"18:30","TMA_DUBROVNIK",15,"PBN"
"18:30","TMA_SPLIT",18,"PBN"
"18:30","TMA_ZADAR",8,"PBN"
"18:30","TMA_OSIJEK",0,"PBN"
"18:40","TMA_ZAGREB",4,"PBN"
"18:40","TMA_PULA",15,"PBN"
"18:40","TMA_DUBROVNIK",14,"PBN"
"18:40","TMA_SPLIT",21,"PBN"
"18:40","TMA_ZADAR",9,"PBN"
"18:40","TMA_OSIJEK",0,"PBN"
"18:50","TMA_ZAGREB",4,"PBN"
"18:50","TMA_PULA",11,"PBN"
"18:50","TMA_DUBROVNIK",16,"PBN"
"18:50","TMA_SPLIT",18,"PBN"
"18:50","TMA_ZADAR",9,"PBN"
"18:50","TMA_OSIJEK",1,"PBN"
"19:00","TMA_ZAGREB",6,"PBN"
"19:00","TMA_PULA",13,"PBN"
"19:00","TMA_DUBROVNIK",14,"PBN"
"19:00","TMA_SPLIT",17,"PBN"
"19:00","TMA_ZADAR",7,"PBN"
"19:00","TMA_OSIJEK",1,"PBN"
"19:10","TMA_ZAGREB",7,"PBN"
"19:10","TMA_PULA",13,"PBN"
"19:10","TMA_DUBROVNIK",13,"PBN"
"19:10","TMA_SPLIT",18,"PBN"
"19:10","TMA_ZADAR",7,"PBN"
"19:10","TMA_OSIJEK",1,"PBN"
"19:20","TMA_ZAGREB",6,"PBN"
"19:20","TMA_PULA",14,"PBN"
"19:20","TMA_DUBROVNIK",11,"PBN"
"19:20","TMA_SPLIT",17,"PBN"
"19:20","TMA_ZADAR",6,"PBN"
"19:20","TMA_OSIJEK",2,"PBN"
"19:30","TMA_ZAGREB",7,"PBN"
"19:30","TMA_PULA",11,"PBN"
"19:30","TMA_DUBROVNIK",10,"PBN"
"19:30","TMA_SPLIT",18,"PBN"
"19:30","TMA_ZADAR",5,"PBN"
"19:30","TMA_OSIJEK",2,"PBN"
"19:40","TMA_ZAGREB",9,"PBN"
"19:40","TMA_PULA",7,"PBN"
"19:40","TMA_DUBROVNIK",12,"PBN"
"19:40","TMA_SPLIT",18,"PBN"
"19:40","TMA_ZADAR",7,"PBN"
"19:40","TMA_OSIJEK",2,"PBN"
"19:50","TMA_ZAGREB",9,"PBN"
"19:50","TMA_PULA",6,"PBN"
"19:50","TMA_DUBROVNIK",11,"PBN"
"19:50","TMA_SPLIT",16,"PBN"
"19:50","TMA_ZADAR",6,"PBN"
"19:50","TMA_OSIJEK",1,"PBN"
"20:00","TMA_ZAGREB",9,"PBN"
"20:00","TMA_PULA",4,"PBN"
"20:00","TMA_DUBROVNIK",12,"PBN"
"20:00","TMA_SPLIT",16,"PBN"
"20:00","TMA_ZADAR",6,"PBN"
"20:00","TMA_OSIJEK",1,"PBN"
"20:10","TMA_ZAGREB",9,"PBN"
"20:10","TMA_PULA",4,"PBN"
"20:10","TMA_DUBROVNIK",14,"PBN"
"20:10","TMA_SPLIT",14,"PBN"
"20:10","TMA_ZADAR",4,"PBN"
"20:10","TMA_OSIJEK",2,"PBN"
"20:20","TMA_ZAGREB",11,"PBN"
"20:20","TMA_PULA",4,"PBN"
"20:20","TMA_DUBROVNIK",13,"PBN"
"20:20","TMA_SPLIT",14,"PBN"
"20:20","TMA_ZADAR",5,"PBN"
"20:20","TMA_OSIJEK",1,"PBN"
"20:30","TMA_ZAGREB",10,"PBN"
"20:30","TMA_PULA",4,"PBN"
"20:30","TMA_DUBROVNIK",10,"PBN"
"20:30","TMA_SPLIT",13,"PBN"
"20:30","TMA_ZADAR",5,"PBN"
"20:30","TMA_OSIJEK",1,"PBN"
"20:40","TMA_ZAGREB",10,"PBN"
"20:40","TMA_PULA",4,"PBN"
"20:40","TMA_DUBROVNIK",9,"PBN"
"20:40","TMA_SPLIT",11,"PBN"
"20:40","TMA_ZADAR",2,"PBN"
"20:40","TMA_OSIJEK",1,"PBN"
"20:50","TMA_ZAGREB",11,"PBN"
"20:50","TMA_PULA",4,"PBN"
"20:50","TMA_DUBROVNIK",7,"PBN"
"20:50","TMA_SPLIT",13,"PBN"
"20:50","TMA_ZADAR",3,"PBN"
"20:50","TMA_OSIJEK",1,"PBN"
"21:00","TMA_ZAGREB",9,"PBN"
"21:00","TMA_PULA",4,"PBN"
"21:00","TMA_DUBROVNIK",6,"PBN"
"21:00","TMA_SPLIT",12,"PBN"
"21:00","TMA_ZADAR",5,"PBN"
"21:00","TMA_OSIJEK",1,"PBN"
"21:10","TMA_ZAGREB",9,"PBN"
"21:10","TMA_PULA",3,"PBN"
"21:10","TMA_DUBROVNIK",4,"PBN"
"21:10","TMA_SPLIT",12,"PBN"
"21:10","TMA_ZADAR",6,"PBN"
"21:10","TMA_OSIJEK",0,"PBN"
"21:20","TMA_ZAGREB",8,"PBN"
"21:20","TMA_PULA",2,"PBN"
"21:20","TMA_DUBROVNIK",5,"PBN"
"21:20","TMA_SPLIT",11,"PBN"
"21:20","TMA_ZADAR",6,"PBN"
"21:20","TMA_OSIJEK",0,"PBN"
"21:30","TMA_ZAGREB",7,"PBN"
"21:30","TMA_PULA",1,"PBN"
"21:30","TMA_DUBROVNIK",4,"PBN"
"21:30","TMA_SPLIT",10,"PBN"
"21:30","TMA_ZADAR",5,"PBN"
"21:30","TMA_OSIJEK",0,"PBN"
"21:40","TMA_ZAGREB",5,"PBN"
"21:40","TMA_PULA",1,"PBN"
"21:40","TMA_DUBROVNIK",5,"PBN"
"21:40","TMA_SPLIT",9,"PBN"
"21:40","TMA_ZADAR",6,"PBN"
"21:40","TMA_OSIJEK",0,"PBN"
"21:50","TMA_ZAGREB",3,"PBN"
"21:50","TMA_PULA",1,"PBN"
"21:50","TMA_DUBROVNIK",4,"PBN"
"21:50","TMA_SPLIT",7,"PBN"
"21:50","TMA_ZADAR",5,"PBN"
"21:50","TMA_OSIJEK",0,"PBN"
"22:00","TMA_ZAGREB",2,"PBN"
"22:00","TMA_PULA",2,"PBN"
"22:00","TMA_DUBROVNIK",4,"PBN"
"22:00","TMA_SPLIT",7,"PBN"
"22:00","TMA_ZADAR",3,"PBN"
"22:00","TMA_OSIJEK",0,"PBN"
"22:10","TMA_ZAGREB",1,"PBN"
"22:10","TMA_PULA",2,"PBN"
"22:10","TMA_DUBROVNIK",3,"PBN"
"22:10","TMA_SPLIT",5,"PBN"
"22:10","TMA_ZADAR",2,"PBN"
"22:10","TMA_OSIJEK",0,"PBN"
"22:20","TMA_ZAGREB",0,"PBN"
"22:20","TMA_PULA",2,"PBN"
"22:20","TMA_DUBROVNIK",3,"PBN"
"22:20","TMA_SPLIT",6,"PBN"
"22:20","TMA_ZADAR",1,"PBN"
"22:20","TMA_OSIJEK",0,"PBN"
"22:30","TMA_ZAGREB",0,"PBN"
"22:30","TMA_PULA",2,"PBN"
"22:30","TMA_DUBROVNIK",3,"PBN"
"22:30","TMA_SPLIT",5,"PBN"
"22:30","TMA_ZADAR",1,"PBN"
"22:30","TMA_OSIJEK",0,"PBN"
"22:40","TMA_ZAGREB",0,"PBN"
"22:40","TMA_PULA",1,"PBN"
"22:40","TMA_DUBROVNIK",1,"PBN"
"22:40","TMA_SPLIT",4,"PBN"
"22:40","TMA_ZADAR",0,"PBN"
"22:40","TMA_OSIJEK",0,"PBN"
"22:50","TMA_ZAGREB",0,"PBN"
"22:50","TMA_PULA",1,"PBN"
"22:50","TMA_DUBROVNIK",1,"PBN"
"22:50","TMA_SPLIT",3,"PBN"
"22:50","TMA_ZADAR",0,"PBN"
"22:50","TMA_OSIJEK",0,"PBN"
"23:00","TMA_ZAGREB",0,"PBN"
"23:00","TMA_PULA",0,"PBN"
"23:00","TMA_DUBROVNIK",1,"PBN"
"23:00","TMA_SPLIT",3,"PBN"
"23:00","TMA_ZADAR",0,"PBN"
"23:00","TMA_OSIJEK",0,"PBN"
"23:10","TMA_ZAGREB",1,"PBN"
"23:10","TMA_PULA",0,"PBN"
"23:10","TMA_DUBROVNIK",1,"PBN"
"23:10","TMA_SPLIT",2,"PBN"
"23:10","TMA_ZADAR",0,"PBN"
"23:10","TMA_OSIJEK",0,"PBN"
"23:20","TMA_ZAGREB",1,"PBN"
"23:20","TMA_PULA",0,"PBN"
"23:20","TMA_DUBROVNIK",0,"PBN"
"23:20","TMA_SPLIT",1,"PBN"
"23:20","TMA_ZADAR",0,"PBN"
"23:20","TMA_OSIJEK",0,"PBN"
"23:30","TMA_ZAGREB",1,"PBN"
"23:30","TMA_PULA",0,"PBN"
"23:30","TMA_DUBROVNIK",0,"PBN"
"23:30","TMA_SPLIT",1,"PBN"
"23:30","TMA_ZADAR",0,"PBN"
"23:30","TMA_OSIJEK",0,"PBN"
"23:40","TMA_ZAGREB",2,"PBN"
"23:40","TMA_PULA",0,"PBN"
"23:40","TMA_DUBROVNIK",0,"PBN"
"23:40","TMA_SPLIT",1,"PBN"
"23:40","TMA_ZADAR",1,"PBN"
"23:40","TMA_OSIJEK",0,"PBN"
"23:50","TMA_ZAGREB",2,"PBN"
"23:50","TMA_PULA",0,"PBN"
"23:50","TMA_DUBROVNIK",0,"PBN"
"23:50","TMA_SPLIT",1,"PBN"
"23:50","TMA_ZADAR",1,"PBN"
"23:50","TMA_OSIJEK",0,"PBN"
"00:10","All Sectors",0,"Current"
"00:20","All Sectors",3,"Current"
"00:30","All Sectors",2,"Current"
"00:40","All Sectors",1,"Current"
"00:50","All Sectors",1,"Current"
"01:00","All Sectors",1,"Current"
"01:10","All Sectors",1,"Current"
"01:20","All Sectors",0,"Current"
"01:30","All Sectors",0,"Current"
"01:40","All Sectors",0,"Current"
"01:50","All Sectors",0,"Current"
"02:00","All Sectors",0,"Current"
"02:10","All Sectors",0,"Current"
"02:20","All Sectors",0,"Current"
"02:30","All Sectors",0,"Current"
"02:40","All Sectors",0,"Current"
"02:50","All Sectors",0,"Current"
"03:00","All Sectors",0,"Current"
"03:10","All Sectors",0,"Current"
"03:20","All Sectors",1,"Current"
"03:30","All Sectors",1,"Current"
"03:40","All Sectors",1,"Current"
"03:50","All Sectors",2,"Current"
"04:00","All Sectors",3,"Current"
"04:10","All Sectors",3,"Current"
"04:20","All Sectors",4,"Current"
"04:30","All Sectors",6,"Current"
"04:40","All Sectors",9,"Current"
"04:50","All Sectors",13,"Current"
"05:00","All Sectors",16,"Current"
"05:10","All Sectors",21,"Current"
"05:20","All Sectors",28,"Current"
"05:30","All Sectors",34,"Current"
"05:40","All Sectors",41,"Current"
"05:50","All Sectors",42,"Current"
"06:00","All Sectors",41,"Current"
"06:10","All Sectors",47,"Current"
"06:20","All Sectors",46,"Current"
"06:30","All Sectors",48,"Current"
"06:40","All Sectors",49,"Current"
"06:50","All Sectors",50,"Current"
"07:00","All Sectors",63,"Current"
"07:10","All Sectors",61,"Current"
"07:20","All Sectors",64,"Current"
"07:30","All Sectors",64,"Current"
"07:40","All Sectors",70,"Current"
"07:50","All Sectors",71,"Current"
"08:00","All Sectors",71,"Current"
"08:10","All Sectors",72,"Current"
"08:20","All Sectors",67,"Current"
"08:30","All Sectors",73,"Current"
"08:40","All Sectors",68,"Current"
"08:50","All Sectors",71,"Current"
"09:00","All Sectors",73,"Current"
"09:10","All Sectors",83,"Current"
"09:20","All Sectors",95,"Current"
"09:30","All Sectors",93,"Current"
"09:40","All Sectors",94,"Current"
"09:50","All Sectors",96,"Current"
"10:00","All Sectors",90,"Current"
"10:10","All Sectors",84,"Current"
"10:20","All Sectors",76,"Current"
"10:30","All Sectors",72,"Current"
"10:40","All Sectors",67,"Current"
"10:50","All Sectors",73,"Current"
"11:00","All Sectors",75,"Current"
"11:10","All Sectors",82,"Current"
"11:20","All Sectors",80,"Current"
"11:30","All Sectors",82,"Current"
"11:40","All Sectors",92,"Current"
"11:50","All Sectors",87,"Current"
"12:00","All Sectors",86,"Current"
"12:10","All Sectors",72,"Current"
"12:20","All Sectors",71,"Current"
"12:30","All Sectors",69,"Current"
"12:40","All Sectors",62,"Current"
"12:50","All Sectors",60,"Current"
"13:00","All Sectors",56,"Current"
"13:10","All Sectors",60,"Current"
"13:20","All Sectors",65,"Current"
"13:30","All Sectors",61,"Current"
"13:40","All Sectors",58,"Current"
"13:50","All Sectors",56,"Current"
"14:00","All Sectors",58,"Current"
"14:10","All Sectors",60,"Current"
"14:20","All Sectors",63,"Current"
"14:30","All Sectors",69,"Current"
"14:40","All Sectors",68,"Current"
"14:50","All Sectors",67,"Current"
"15:00","All Sectors",68,"Current"
"15:10","All Sectors",66,"Current"
"15:20","All Sectors",58,"Current"
"15:30","All Sectors",52,"Current"
"15:40","All Sectors",52,"Current"
"15:50","All Sectors",47,"Current"
"16:00","All Sectors",42,"Current"
"16:10","All Sectors",39,"Current"
"16:20","All Sectors",39,"Current"
"16:30","All Sectors",41,"Current"
"16:40","All Sectors",42,"Current"
"16:50","All Sectors",45,"Current"
"17:00","All Sectors",47,"Current"
"17:10","All Sectors",50,"Current"
"17:20","All Sectors",51,"Current"
"17:30","All Sectors",47,"Current"
"17:40","All Sectors",43,"Current"
"17:50","All Sectors",50,"Current"
"18:00","All Sectors",50,"Current"
"18:10","All Sectors",47,"Current"
"18:20","All Sectors",46,"Current"
"18:30","All Sectors",56,"Current"
"18:40","All Sectors",62,"Current"
"18:50","All Sectors",59,"Current"
"19:00","All Sectors",57,"Current"
"19:10","All Sectors",59,"Current"
"19:20","All Sectors",57,"Current"
"19:30","All Sectors",53,"Current"
"19:40","All Sectors",54,"Current"
"19:50","All Sectors",48,"Current"
"20:00","All Sectors",49,"Current"
"20:10","All Sectors",46,"Current"
"20:20","All Sectors",47,"Current"
"20:30","All Sectors",43,"Current"
"20:40","All Sectors",38,"Current"
"20:50","All Sectors",41,"Current"
"21:00","All Sectors",38,"Current"
"21:10","All Sectors",35,"Current"
"21:20","All Sectors",32,"Current"
"21:30","All Sectors",27,"Current"
"21:40","All Sectors",26,"Current"
"21:50","All Sectors",20,"Current"
"22:00","All Sectors",16,"Current"
"22:10","All Sectors",12,"Current"
"22:20","All Sectors",12,"Current"
"22:30","All Sectors",11,"Current"
"22:40","All Sectors",6,"Current"
"22:50","All Sectors",4,"Current"
"23:00","All Sectors",4,"Current"
"23:10","All Sectors",5,"Current"
"23:20","All Sectors",2,"Current"
"23:30","All Sectors",2,"Current"
"23:40","All Sectors",4,"Current"
"23:50","All Sectors",4,"Current"
"00:10","All Sectors",0,"PBN"
"00:20","All Sectors",3,"PBN"
"00:30","All Sectors",2,"PBN"
"00:40","All Sectors",2,"PBN"
"00:50","All Sectors",2,"PBN"
"01:00","All Sectors",2,"PBN"
"01:10","All Sectors",2,"PBN"
"01:20","All Sectors",1,"PBN"
"01:30","All Sectors",1,"PBN"
"01:40","All Sectors",0,"PBN"
"01:50","All Sectors",0,"PBN"
"02:00","All Sectors",0,"PBN"
"02:10","All Sectors",0,"PBN"
"02:20","All Sectors",0,"PBN"
"02:30","All Sectors",0,"PBN"
"02:40","All Sectors",0,"PBN"
"02:50","All Sectors",0,"PBN"
"03:00","All Sectors",0,"PBN"
"03:10","All Sectors",0,"PBN"
"03:20","All Sectors",1,"PBN"
"03:30","All Sectors",1,"PBN"
"03:40","All Sectors",1,"PBN"
"03:50","All Sectors",2,"PBN"
"04:00","All Sectors",3,"PBN"
"04:10","All Sectors",3,"PBN"
"04:20","All Sectors",4,"PBN"
"04:30","All Sectors",6,"PBN"
"04:40","All Sectors",9,"PBN"
"04:50","All Sectors",12,"PBN"
"05:00","All Sectors",16,"PBN"
"05:10","All Sectors",21,"PBN"
"05:20","All Sectors",28,"PBN"
"05:30","All Sectors",33,"PBN"
"05:40","All Sectors",38,"PBN"
"05:50","All Sectors",41,"PBN"
"06:00","All Sectors",40,"PBN"
"06:10","All Sectors",47,"PBN"
"06:20","All Sectors",46,"PBN"
"06:30","All Sectors",50,"PBN"
"06:40","All Sectors",53,"PBN"
"06:50","All Sectors",51,"PBN"
"07:00","All Sectors",64,"PBN"
"07:10","All Sectors",59,"PBN"
"07:20","All Sectors",61,"PBN"
"07:30","All Sectors",63,"PBN"
"07:40","All Sectors",70,"PBN"
"07:50","All Sectors",72,"PBN"
"08:00","All Sectors",71,"PBN"
"08:10","All Sectors",75,"PBN"
"08:20","All Sectors",70,"PBN"
"08:30","All Sectors",74,"PBN"
"08:40","All Sectors",69,"PBN"
"08:50","All Sectors",71,"PBN"
"09:00","All Sectors",73,"PBN"
"09:10","All Sectors",81,"PBN"
"09:20","All Sectors",93,"PBN"
"09:30","All Sectors",90,"PBN"
"09:40","All Sectors",88,"PBN"
"09:50","All Sectors",93,"PBN"
"10:00","All Sectors",88,"PBN"
"10:10","All Sectors",83,"PBN"
"10:20","All Sectors",76,"PBN"
"10:30","All Sectors",71,"PBN"
"10:40","All Sectors",69,"PBN"
"10:50","All Sectors",73,"PBN"
"11:00","All Sectors",74,"PBN"
"11:10","All Sectors",81,"PBN"
"11:20","All Sectors",80,"PBN"
"11:30","All Sectors",82,"PBN"
"11:40","All Sectors",90,"PBN"
"11:50","All Sectors",86,"PBN"
"12:00","All Sectors",85,"PBN"
"12:10","All Sectors",71,"PBN"
"12:20","All Sectors",69,"PBN"
"12:30","All Sectors",69,"PBN"
"12:40","All Sectors",64,"PBN"
"12:50","All Sectors",61,"PBN"
"13:00","All Sectors",54,"PBN"
"13:10","All Sectors",60,"PBN"
"13:20","All Sectors",63,"PBN"
"13:30","All Sectors",60,"PBN"
"13:40","All Sectors",55,"PBN"
"13:50","All Sectors",54,"PBN"
"14:00","All Sectors",60,"PBN"
"14:10","All Sectors",58,"PBN"
"14:20","All Sectors",65,"PBN"
"14:30","All Sectors",68,"PBN"
"14:40","All Sectors",69,"PBN"
"14:50","All Sectors",66,"PBN"
"15:00","All Sectors",68,"PBN"
"15:10","All Sectors",68,"PBN"
"15:20","All Sectors",57,"PBN"
"15:30","All Sectors",53,"PBN"
"15:40","All Sectors",52,"PBN"
"15:50","All Sectors",49,"PBN"
"16:00","All Sectors",42,"PBN"
"16:10","All Sectors",39,"PBN"
"16:20","All Sectors",40,"PBN"
"16:30","All Sectors",40,"PBN"
"16:40","All Sectors",41,"PBN"
"16:50","All Sectors",45,"PBN"
"17:00","All Sectors",47,"PBN"
"17:10","All Sectors",48,"PBN"
"17:20","All Sectors",50,"PBN"
"17:30","All Sectors",47,"PBN"
"17:40","All Sectors",42,"PBN"
"17:50","All Sectors",49,"PBN"
"18:00","All Sectors",48,"PBN"
"18:10","All Sectors",48,"PBN"
"18:20","All Sectors",46,"PBN"
"18:30","All Sectors",56,"PBN"
"18:40","All Sectors",63,"PBN"
"18:50","All Sectors",59,"PBN"
"19:00","All Sectors",58,"PBN"
"19:10","All Sectors",59,"PBN"
"19:20","All Sectors",56,"PBN"
"19:30","All Sectors",53,"PBN"
"19:40","All Sectors",55,"PBN"
"19:50","All Sectors",49,"PBN"
"20:00","All Sectors",48,"PBN"
"20:10","All Sectors",47,"PBN"
"20:20","All Sectors",48,"PBN"
"20:30","All Sectors",43,"PBN"
"20:40","All Sectors",37,"PBN"
"20:50","All Sectors",39,"PBN"
"21:00","All Sectors",37,"PBN"
"21:10","All Sectors",34,"PBN"
"21:20","All Sectors",32,"PBN"
"21:30","All Sectors",27,"PBN"
"21:40","All Sectors",26,"PBN"
"21:50","All Sectors",20,"PBN"
"22:00","All Sectors",18,"PBN"
"22:10","All Sectors",13,"PBN"
"22:20","All Sectors",12,"PBN"
"22:30","All Sectors",11,"PBN"
"22:40","All Sectors",6,"PBN"
"22:50","All Sectors",5,"PBN"
"23:00","All Sectors",4,"PBN"
"23:10","All Sectors",4,"PBN"
"23:20","All Sectors",2,"PBN"
"23:30","All Sectors",2,"PBN"
"23:40","All Sectors",4,"PBN"
"23:50","All Sectors",4,"PBN"
"00:10","All TMA",0,"Current"
"00:20","All TMA",3,"Current"
"00:30","All TMA",2,"Current"
"00:40","All TMA",1,"Current"
"00:50","All TMA",1,"Current"
"01:00","All TMA",1,"Current"
"01:10","All TMA",1,"Current"
"01:20","All TMA",0,"Current"
"01:30","All TMA",0,"Current"
"01:40","All TMA",0,"Current"
"01:50","All TMA",0,"Current"
"02:00","All TMA",0,"Current"
"02:10","All TMA",0,"Current"
"02:20","All TMA",0,"Current"
"02:30","All TMA",0,"Current"
"02:40","All TMA",0,"Current"
"02:50","All TMA",0,"Current"
"03:00","All TMA",0,"Current"
"03:10","All TMA",0,"Current"
"03:20","All TMA",1,"Current"
"03:30","All TMA",1,"Current"
"03:40","All TMA",1,"Current"
"03:50","All TMA",2,"Current"
"04:00","All TMA",3,"Current"
"04:10","All TMA",3,"Current"
"04:20","All TMA",4,"Current"
"04:30","All TMA",6,"Current"
"04:40","All TMA",9,"Current"
"04:50","All TMA",13,"Current"
"05:00","All TMA",16,"Current"
"05:10","All TMA",21,"Current"
"05:20","All TMA",28,"Current"
"05:30","All TMA",34,"Current"
"05:40","All TMA",41,"Current"
"05:50","All TMA",42,"Current"
"06:00","All TMA",41,"Current"
"06:10","All TMA",47,"Current"
"06:20","All TMA",46,"Current"
"06:30","All TMA",48,"Current"
"06:40","All TMA",49,"Current"
"06:50","All TMA",50,"Current"
"07:00","All TMA",63,"Current"
"07:10","All TMA",61,"Current"
"07:20","All TMA",64,"Current"
"07:30","All TMA",64,"Current"
"07:40","All TMA",70,"Current"
"07:50","All TMA",71,"Current"
"08:00","All TMA",71,"Current"
"08:10","All TMA",72,"Current"
"08:20","All TMA",67,"Current"
"08:30","All TMA",73,"Current"
"08:40","All TMA",68,"Current"
"08:50","All TMA",71,"Current"
"09:00","All TMA",73,"Current"
"09:10","All TMA",83,"Current"
"09:20","All TMA",95,"Current"
"09:30","All TMA",93,"Current"
"09:40","All TMA",94,"Current"
"09:50","All TMA",96,"Current"
"10:00","All TMA",90,"Current"
"10:10","All TMA",84,"Current"
"10:20","All TMA",76,"Current"
"10:30","All TMA",72,"Current"
"10:40","All TMA",67,"Current"
"10:50","All TMA",73,"Current"
"11:00","All TMA",75,"Current"
"11:10","All TMA",82,"Current"
"11:20","All TMA",80,"Current"
"11:30","All TMA",82,"Current"
"11:40","All TMA",92,"Current"
"11:50","All TMA",87,"Current"
"12:00","All TMA",86,"Current"
"12:10","All TMA",72,"Current"
"12:20","All TMA",71,"Current"
"12:30","All TMA",69,"Current"
"12:40","All TMA",62,"Current"
"12:50","All TMA",60,"Current"
"13:00","All TMA",56,"Current"
"13:10","All TMA",60,"Current"
"13:20","All TMA",65,"Current"
"13:30","All TMA",61,"Current"
"13:40","All TMA",58,"Current"
"13:50","All TMA",56,"Current"
"14:00","All TMA",58,"Current"
"14:10","All TMA",60,"Current"
"14:20","All TMA",63,"Current"
"14:30","All TMA",69,"Current"
"14:40","All TMA",68,"Current"
"14:50","All TMA",67,"Current"
"15:00","All TMA",68,"Current"
"15:10","All TMA",66,"Current"
"15:20","All TMA",58,"Current"
"15:30","All TMA",52,"Current"
"15:40","All TMA",52,"Current"
"15:50","All TMA",47,"Current"
"16:00","All TMA",42,"Current"
"16:10","All TMA",39,"Current"
"16:20","All TMA",39,"Current"
"16:30","All TMA",41,"Current"
"16:40","All TMA",42,"Current"
"16:50","All TMA",45,"Current"
"17:00","All TMA",47,"Current"
"17:10","All TMA",50,"Current"
"17:20","All TMA",51,"Current"
"17:30","All TMA",47,"Current"
"17:40","All TMA",43,"Current"
"17:50","All TMA",50,"Current"
"18:00","All TMA",50,"Current"
"18:10","All TMA",47,"Current"
"18:20","All TMA",46,"Current"
"18:30","All TMA",56,"Current"
"18:40","All TMA",62,"Current"
"18:50","All TMA",59,"Current"
"19:00","All TMA",57,"Current"
"19:10","All TMA",59,"Current"
"19:20","All TMA",57,"Current"
"19:30","All TMA",53,"Current"
"19:40","All TMA",54,"Current"
"19:50","All TMA",48,"Current"
"20:00","All TMA",49,"Current"
"20:10","All TMA",46,"Current"
"20:20","All TMA",47,"Current"
"20:30","All TMA",43,"Current"
"20:40","All TMA",38,"Current"
"20:50","All TMA",41,"Current"
"21:00","All TMA",38,"Current"
"21:10","All TMA",35,"Current"
"21:20","All TMA",32,"Current"
"21:30","All TMA",27,"Current"
"21:40","All TMA",26,"Current"
"21:50","All TMA",20,"Current"
"22:00","All TMA",16,"Current"
"22:10","All TMA",12,"Current"
"22:20","All TMA",12,"Current"
"22:30","All TMA",11,"Current"
"22:40","All TMA",6,"Current"
"22:50","All TMA",4,"Current"
"23:00","All TMA",4,"Current"
"23:10","All TMA",5,"Current"
"23:20","All TMA",2,"Current"
"23:30","All TMA",2,"Current"
"23:40","All TMA",4,"Current"
"23:50","All TMA",4,"Current"
"00:10","All TMA",0,"PBN"
"00:20","All TMA",3,"PBN"
"00:30","All TMA",2,"PBN"
"00:40","All TMA",2,"PBN"
"00:50","All TMA",2,"PBN"
"01:00","All TMA",2,"PBN"
"01:10","All TMA",2,"PBN"
"01:20","All TMA",1,"PBN"
"01:30","All TMA",1,"PBN"
"01:40","All TMA",0,"PBN"
"01:50","All TMA",0,"PBN"
"02:00","All TMA",0,"PBN"
"02:10","All TMA",0,"PBN"
"02:20","All TMA",0,"PBN"
"02:30","All TMA",0,"PBN"
"02:40","All TMA",0,"PBN"
"02:50","All TMA",0,"PBN"
"03:00","All TMA",0,"PBN"
"03:10","All TMA",0,"PBN"
"03:20","All TMA",1,"PBN"
"03:30","All TMA",1,"PBN"
"03:40","All TMA",1,"PBN"
"03:50","All TMA",2,"PBN"
"04:00","All TMA",3,"PBN"
"04:10","All TMA",3,"PBN"
"04:20","All TMA",4,"PBN"
"04:30","All TMA",6,"PBN"
"04:40","All TMA",9,"PBN"
"04:50","All TMA",12,"PBN"
"05:00","All TMA",16,"PBN"
"05:10","All TMA",21,"PBN"
"05:20","All TMA",28,"PBN"
"05:30","All TMA",33,"PBN"
"05:40","All TMA",38,"PBN"
"05:50","All TMA",41,"PBN"
"06:00","All TMA",40,"PBN"
"06:10","All TMA",47,"PBN"
"06:20","All TMA",46,"PBN"
"06:30","All TMA",50,"PBN"
"06:40","All TMA",53,"PBN"
"06:50","All TMA",51,"PBN"
"07:00","All TMA",64,"PBN"
"07:10","All TMA",59,"PBN"
"07:20","All TMA",61,"PBN"
"07:30","All TMA",63,"PBN"
"07:40","All TMA",70,"PBN"
"07:50","All TMA",72,"PBN"
"08:00","All TMA",71,"PBN"
"08:10","All TMA",75,"PBN"
"08:20","All TMA",70,"PBN"
"08:30","All TMA",74,"PBN"
"08:40","All TMA",69,"PBN"
"08:50","All TMA",71,"PBN"
"09:00","All TMA",73,"PBN"
"09:10","All TMA",81,"PBN"
"09:20","All TMA",93,"PBN"
"09:30","All TMA",90,"PBN"
"09:40","All TMA",88,"PBN"
"09:50","All TMA",93,"PBN"
"10:00","All TMA",88,"PBN"
"10:10","All TMA",83,"PBN"
"10:20","All TMA",76,"PBN"
"10:30","All TMA",71,"PBN"
"10:40","All TMA",69,"PBN"
"10:50","All TMA",73,"PBN"
"11:00","All TMA",74,"PBN"
"11:10","All TMA",81,"PBN"
"11:20","All TMA",80,"PBN"
"11:30","All TMA",82,"PBN"
"11:40","All TMA",90,"PBN"
"11:50","All TMA",86,"PBN"
"12:00","All TMA",85,"PBN"
"12:10","All TMA",71,"PBN"
"12:20","All TMA",69,"PBN"
"12:30","All TMA",69,"PBN"
"12:40","All TMA",64,"PBN"
"12:50","All TMA",61,"PBN"
"13:00","All TMA",54,"PBN"
"13:10","All TMA",60,"PBN"
"13:20","All TMA",63,"PBN"
"13:30","All TMA",60,"PBN"
"13:40","All TMA",55,"PBN"
"13:50","All TMA",54,"PBN"
"14:00","All TMA",60,"PBN"
"14:10","All TMA",58,"PBN"
"14:20","All TMA",65,"PBN"
"14:30","All TMA",68,"PBN"
"14:40","All TMA",69,"PBN"
"14:50","All TMA",66,"PBN"
"15:00","All TMA",68,"PBN"
"15:10","All TMA",68,"PBN"
"15:20","All TMA",57,"PBN"
"15:30","All TMA",53,"PBN"
"15:40","All TMA",52,"PBN"
"15:50","All TMA",49,"PBN"
"16:00","All TMA",42,"PBN"
"16:10","All TMA",39,"PBN"
"16:20","All TMA",40,"PBN"
"16:30","All TMA",40,"PBN"
"16:40","All TMA",41,"PBN"
"16:50","All TMA",45,"PBN"
"17:00","All TMA",47,"PBN"
"17:10","All TMA",48,"PBN"
"17:20","All TMA",50,"PBN"
"17:30","All TMA",47,"PBN"
"17:40","All TMA",42,"PBN"
"17:50","All TMA",49,"PBN"
"18:00","All TMA",48,"PBN"
"18:10","All TMA",48,"PBN"
"18:20","All TMA",46,"PBN"
"18:30","All TMA",56,"PBN"
"18:40","All TMA",63,"PBN"
"18:50","All TMA",59,"PBN"
"19:00","All TMA",58,"PBN"
"19:10","All TMA",59,"PBN"
"19:20","All TMA",56,"PBN"
"19:30","All TMA",53,"PBN"
"19:40","All TMA",55,"PBN"
"19:50","All TMA",49,"PBN"
"20:00","All TMA",48,"PBN"
"20:10","All TMA",47,"PBN"
"20:20","All TMA",48,"PBN"
"20:30","All TMA",43,"PBN"
"20:40","All TMA",37,"PBN"
"20:50","All TMA",39,"PBN"
"21:00","All TMA",37,"PBN"
"21:10","All TMA",34,"PBN"
"21:20","All TMA",32,"PBN"
"21:30","All TMA",27,"PBN"
"21:40","All TMA",26,"PBN"
"21:50","All TMA",20,"PBN"
"22:00","All TMA",18,"PBN"
"22:10","All TMA",13,"PBN"
"22:20","All TMA",12,"PBN"
"22:30","All TMA",11,"PBN"
"22:40","All TMA",6,"PBN"
"22:50","All TMA",5,"PBN"
"23:00","All TMA",4,"PBN"
"23:10","All TMA",4,"PBN"
"23:20","All TMA",2,"PBN"
"23:30","All TMA",2,"PBN"
"23:40","All TMA",4,"PBN"
"23:50","All TMA",4,"PBN"
