"Airport","TrackMiles","RoutingType","Waypoint","Scenario","Runway"
"LDDU",123.8,"Arrival","AIOSA","Current","1"
"LDSP",168.5,"Arrival","AIOSA","Current","1"
"LDZA",294.89999,"Arrival","AIOSA","Current","1"
"LDZD",468.8,"Arrival","AIOSA","Current","1"
"LDDU",148.5,"Arrival","AIOSA","PBN","1"
"LDSP",180.3,"Arrival","AIOSA","PBN","1"
"LDZA",298.10001,"Arrival","AIOSA","PBN","1"
"LDZD",472.7,"Arrival","AIOSA","PBN","1"
"LDDU",123.8,"Arrival","AIOSA","Current","2"
"LDSP",168.5,"Arrival","AIOSA","Current","2"
"LDZA",294.89999,"Arrival","AIOSA","Current","2"
"LDZD",468.8,"Arrival","AIOSA","Current","2"
"LDDU",148.5,"Arrival","AIOSA","PBN","2"
"LDSP",180.3,"Arrival","AIOSA","PBN","2"
"LDZA",298.10001,"Arrival","AIOSA","PBN","2"
"LDZD",472.7,"Arrival","AIOSA","PBN","2"
"LDDU",117.2,"Departure","AIOSA","Current","1"
"LDDU",117.8,"Departure","AIOSA","PBN","1"
"LDDU",117.2,"Departure","AIOSA","Current","2"
"LDDU",117.8,"Departure","AIOSA","PBN","2"
"LDDU",327.5,"Departure","ALIVO","Current","1"
"LDPL",620.8,"Departure","ALIVO","Current","1"
"LDRI",988.5,"Departure","ALIVO","Current","1"
"LDSP",681.90002,"Departure","ALIVO","Current","1"
"LDDU",330.10001,"Departure","ALIVO","PBN","1"
"LDPL",618.6,"Departure","ALIVO","PBN","1"
"LDRI",1034.1,"Departure","ALIVO","PBN","1"
"LDSP",716.79999,"Departure","ALIVO","PBN","1"
"LDDU",327.5,"Departure","ALIVO","Current","2"
"LDPL",620.8,"Departure","ALIVO","Current","2"
"LDRI",988.5,"Departure","ALIVO","Current","2"
"LDSP",681.90002,"Departure","ALIVO","Current","2"
"LDDU",330.10001,"Departure","ALIVO","PBN","2"
"LDPL",618.6,"Departure","ALIVO","PBN","2"
"LDRI",1034.1,"Departure","ALIVO","PBN","2"
"LDSP",716.79999,"Departure","ALIVO","PBN","2"
"LDZA",2008.6,"Arrival","ARGOM","Current","1"
"LDZA",2034.7,"Arrival","ARGOM","PBN","1"
"LDZA",2008.6,"Arrival","ARGOM","Current","2"
"LDZA",2034.7,"Arrival","ARGOM","PBN","2"
"LDDU",312.39999,"Arrival","ARMIX","Current","1"
"LDRI",862.89999,"Arrival","ARMIX","Current","1"
"LDSP",224.2,"Arrival","ARMIX","Current","1"
"LDDU",313,"Arrival","ARMIX","PBN","1"
"LDRI",897.5,"Arrival","ARMIX","PBN","1"
"LDSP",229.2,"Arrival","ARMIX","PBN","1"
"LDDU",312.39999,"Arrival","ARMIX","Current","2"
"LDRI",862.89999,"Arrival","ARMIX","Current","2"
"LDSP",224.2,"Arrival","ARMIX","Current","2"
"LDDU",313,"Arrival","ARMIX","PBN","2"
"LDRI",897.5,"Arrival","ARMIX","PBN","2"
"LDSP",229.2,"Arrival","ARMIX","PBN","2"
"LDDU",508.89999,"Arrival","BAREB","Current","1"
"LDSP",255.60001,"Arrival","BAREB","Current","1"
"LDDU",506.79998,"Arrival","BAREB","PBN","1"
"LDSP",260.89999,"Arrival","BAREB","PBN","1"
"LDDU",508.89999,"Arrival","BAREB","Current","2"
"LDSP",255.60001,"Arrival","BAREB","Current","2"
"LDDU",506.79998,"Arrival","BAREB","PBN","2"
"LDSP",260.89999,"Arrival","BAREB","PBN","2"
"LDDU",930.60001,"Departure","BAXON","Current","1"
"LDSP",1261.8,"Departure","BAXON","Current","1"
"LDDU",934.80002,"Departure","BAXON","PBN","1"
"LDSP",1293.69998,"Departure","BAXON","PBN","1"
"LDDU",930.60001,"Departure","BAXON","Current","2"
"LDSP",1261.8,"Departure","BAXON","Current","2"
"LDDU",934.80002,"Departure","BAXON","PBN","2"
"LDSP",1293.69998,"Departure","BAXON","PBN","2"
"LDDU",1584.89995,"Arrival","BUSET","Current","1"
"LDSP",471.90001,"Arrival","BUSET","Current","1"
"LDZD",484.19997,"Arrival","BUSET","Current","1"
"LDDU",1593.20002,"Arrival","BUSET","PBN","1"
"LDSP",477.1,"Arrival","BUSET","PBN","1"
"LDZD",521.10001,"Arrival","BUSET","PBN","1"
"LDDU",1584.89995,"Arrival","BUSET","Current","2"
"LDSP",471.90001,"Arrival","BUSET","Current","2"
"LDZD",484.19997,"Arrival","BUSET","Current","2"
"LDDU",1593.20002,"Arrival","BUSET","PBN","2"
"LDSP",477.1,"Arrival","BUSET","PBN","2"
"LDZD",521.10001,"Arrival","BUSET","PBN","2"
"LDDU",340.89999,"Departure","BUSET","Current","1"
"LDSP",1669.50002,"Departure","BUSET","Current","1"
"LDZD",840.4,"Departure","BUSET","Current","1"
"LDDU",342.70001,"Departure","BUSET","PBN","1"
"LDSP",1697.1,"Departure","BUSET","PBN","1"
"LDZD",843.60001,"Departure","BUSET","PBN","1"
"LDDU",340.89999,"Departure","BUSET","Current","2"
"LDSP",1669.50002,"Departure","BUSET","Current","2"
"LDZD",840.4,"Departure","BUSET","Current","2"
"LDDU",342.70001,"Departure","BUSET","PBN","2"
"LDSP",1697.1,"Departure","BUSET","PBN","2"
"LDZD",843.60001,"Departure","BUSET","PBN","2"
"LDDU",300.10001,"Arrival","DARZA","Current","1"
"LDSB",218.2,"Arrival","DARZA","Current","1"
"LDSP",2974.90009,"Arrival","DARZA","Current","1"
"LDZD",307.6,"Arrival","DARZA","Current","1"
"LDDU",300.10001,"Arrival","DARZA","PBN","1"
"LDSB",218.2,"Arrival","DARZA","PBN","1"
"LDSP",3012.60011,"Arrival","DARZA","PBN","1"
"LDZD",310,"Arrival","DARZA","PBN","1"
"LDDU",300.10001,"Arrival","DARZA","Current","2"
"LDSB",218.2,"Arrival","DARZA","Current","2"
"LDSP",2974.90009,"Arrival","DARZA","Current","2"
"LDZD",307.6,"Arrival","DARZA","Current","2"
"LDDU",300.10001,"Arrival","DARZA","PBN","2"
"LDSB",218.2,"Arrival","DARZA","PBN","2"
"LDSP",3012.60011,"Arrival","DARZA","PBN","2"
"LDZD",310,"Arrival","DARZA","PBN","2"
"LDDU",1936.29999,"Departure","DARZA","Current","1"
"LDSP",1603.50001,"Departure","DARZA","Current","1"
"LDZD",320.09999,"Departure","DARZA","Current","1"
"LDDU",1978.90003,"Departure","DARZA","PBN","1"
"LDSP",1581.8,"Departure","DARZA","PBN","1"
"LDZD",324.09999,"Departure","DARZA","PBN","1"
"LDDU",1936.29999,"Departure","DARZA","Current","2"
"LDSP",1603.50001,"Departure","DARZA","Current","2"
"LDZD",320.09999,"Departure","DARZA","Current","2"
"LDDU",1978.90003,"Departure","DARZA","PBN","2"
"LDSP",1581.8,"Departure","DARZA","PBN","2"
"LDZD",324.09999,"Departure","DARZA","PBN","2"
"LDDU",274.89999,"Departure","EDUGI","Current","1"
"LDDU",276.70001,"Departure","EDUGI","PBN","1"
"LDDU",274.89999,"Departure","EDUGI","Current","2"
"LDDU",276.70001,"Departure","EDUGI","PBN","2"
"LDZD",321.4,"Arrival","GEMKA","Current","1"
"LDZD",349.2,"Arrival","GEMKA","PBN","1"
"LDZD",321.4,"Arrival","GEMKA","Current","2"
"LDZD",349.2,"Arrival","GEMKA","PBN","2"
"LDSB",253.5,"Departure","GEMKA","Current","1"
"LDSB",253.5,"Departure","GEMKA","PBN","1"
"LDSB",253.5,"Departure","GEMKA","Current","2"
"LDSB",253.5,"Departure","GEMKA","PBN","2"
"LDZD",663.39998,"Arrival","GIRDA","Current","1"
"LDZD",711.60002,"Arrival","GIRDA","PBN","1"
"LDZD",663.39998,"Arrival","GIRDA","Current","2"
"LDZD",711.60002,"Arrival","GIRDA","PBN","2"
"LDPL",1482.7,"Departure","GIRDA","Current","1"
"LDZD",170.3,"Departure","GIRDA","Current","1"
"LDPL",1473.7,"Departure","GIRDA","PBN","1"
"LDZD",170.7,"Departure","GIRDA","PBN","1"
"LDPL",1482.7,"Departure","GIRDA","Current","2"
"LDZD",170.3,"Departure","GIRDA","Current","2"
"LDPL",1473.7,"Departure","GIRDA","PBN","2"
"LDZD",170.7,"Departure","GIRDA","PBN","2"
"LDDU",1873.89998,"Arrival","KATTI","Current","1"
"LDDU",1954.7,"Arrival","KATTI","PBN","1"
"LDDU",1873.89998,"Arrival","KATTI","Current","2"
"LDDU",1954.7,"Arrival","KATTI","PBN","2"
"LDDU",1520.89994,"Departure","KATTI","Current","1"
"LDDU",1548.40005,"Departure","KATTI","PBN","1"
"LDDU",1520.89994,"Departure","KATTI","Current","2"
"LDDU",1548.40005,"Departure","KATTI","PBN","2"
"LDDU",538,"Arrival","KOPRY","Current","1"
"LDPL",640.19999,"Arrival","KOPRY","Current","1"
"LDSB",214.5,"Arrival","KOPRY","Current","1"
"LDSP",4688.5999,"Arrival","KOPRY","Current","1"
"LDZA",589.6,"Arrival","KOPRY","Current","1"
"LDZD",388,"Arrival","KOPRY","Current","1"
"LDDU",568.20001,"Arrival","KOPRY","PBN","1"
"LDPL",682.8,"Arrival","KOPRY","PBN","1"
"LDSB",214.5,"Arrival","KOPRY","PBN","1"
"LDSP",4877.89996,"Arrival","KOPRY","PBN","1"
"LDZA",589.99999,"Arrival","KOPRY","PBN","1"
"LDZD",393.79998,"Arrival","KOPRY","PBN","1"
"LDDU",538,"Arrival","KOPRY","Current","2"
"LDPL",640.19999,"Arrival","KOPRY","Current","2"
"LDSB",214.5,"Arrival","KOPRY","Current","2"
"LDSP",4688.5999,"Arrival","KOPRY","Current","2"
"LDZA",589.6,"Arrival","KOPRY","Current","2"
"LDZD",388,"Arrival","KOPRY","Current","2"
"LDDU",568.20001,"Arrival","KOPRY","PBN","2"
"LDPL",682.8,"Arrival","KOPRY","PBN","2"
"LDSB",214.5,"Arrival","KOPRY","PBN","2"
"LDSP",4877.89996,"Arrival","KOPRY","PBN","2"
"LDZA",589.99999,"Arrival","KOPRY","PBN","2"
"LDZD",393.79998,"Arrival","KOPRY","PBN","2"
"LDPL",184.3,"Departure","KOPRY","Current","1"
"LDRI",165.3,"Departure","KOPRY","Current","1"
"LDZA",239.6,"Departure","KOPRY","Current","1"
"LDPL",184,"Departure","KOPRY","PBN","1"
"LDRI",162.2,"Departure","KOPRY","PBN","1"
"LDZA",239.3,"Departure","KOPRY","PBN","1"
"LDPL",184.3,"Departure","KOPRY","Current","2"
"LDRI",165.3,"Departure","KOPRY","Current","2"
"LDZA",239.6,"Departure","KOPRY","Current","2"
"LDPL",184,"Departure","KOPRY","PBN","2"
"LDRI",162.2,"Departure","KOPRY","PBN","2"
"LDZA",239.3,"Departure","KOPRY","PBN","2"
"LDDU",2613.60006,"Arrival","LABIN","Current","1"
"LDSB",255.39999,"Arrival","LABIN","Current","1"
"LDSP",2487.30004,"Arrival","LABIN","Current","1"
"LDZA",573.9,"Arrival","LABIN","Current","1"
"LDZD",831.5,"Arrival","LABIN","Current","1"
"LDDU",2608.80002,"Arrival","LABIN","PBN","1"
"LDSB",255.39999,"Arrival","LABIN","PBN","1"
"LDSP",2601.79995,"Arrival","LABIN","PBN","1"
"LDZA",573.9,"Arrival","LABIN","PBN","1"
"LDZD",851.80003,"Arrival","LABIN","PBN","1"
"LDDU",2613.60006,"Arrival","LABIN","Current","2"
"LDSB",255.39999,"Arrival","LABIN","Current","2"
"LDSP",2487.30004,"Arrival","LABIN","Current","2"
"LDZA",573.9,"Arrival","LABIN","Current","2"
"LDZD",831.5,"Arrival","LABIN","Current","2"
"LDDU",2608.80002,"Arrival","LABIN","PBN","2"
"LDSB",255.39999,"Arrival","LABIN","PBN","2"
"LDSP",2601.79995,"Arrival","LABIN","PBN","2"
"LDZA",573.9,"Arrival","LABIN","PBN","2"
"LDZD",851.80003,"Arrival","LABIN","PBN","2"
"LDDU",686.29999,"Departure","LABIN","Current","1"
"LDRI",258.6,"Departure","LABIN","Current","1"
"LDDU",689.5,"Departure","LABIN","PBN","1"
"LDRI",246.5,"Departure","LABIN","PBN","1"
"LDDU",686.29999,"Departure","LABIN","Current","2"
"LDRI",258.6,"Departure","LABIN","Current","2"
"LDDU",689.5,"Departure","LABIN","PBN","2"
"LDRI",246.5,"Departure","LABIN","PBN","2"
"LDZA",315.79998,"Departure","LAKIK","Current","1"
"LDZA",313.79998,"Departure","LAKIK","PBN","1"
"LDZA",315.79998,"Departure","LAKIK","Current","2"
"LDZA",313.79998,"Departure","LAKIK","PBN","2"
"LDZA",1199.6,"Arrival","LDDU","Current","1"
"LDZA",1224.29999,"Arrival","LDDU","PBN","1"
"LDZA",1199.6,"Arrival","LDDU","Current","2"
"LDZA",1224.29999,"Arrival","LDDU","PBN","2"
"LDSP",107.5,"Departure","LDDU","Current","1"
"LDZA",892.79999,"Departure","LDDU","Current","1"
"LDZD",161.8,"Departure","LDDU","Current","1"
"LDSP",123.9,"Departure","LDDU","PBN","1"
"LDZA",919.69997,"Departure","LDDU","PBN","1"
"LDZD",169.2,"Departure","LDDU","PBN","1"
"LDSP",107.5,"Departure","LDDU","Current","2"
"LDZA",892.79999,"Departure","LDDU","Current","2"
"LDZD",161.8,"Departure","LDDU","Current","2"
"LDSP",123.9,"Departure","LDDU","PBN","2"
"LDZA",919.69997,"Departure","LDDU","PBN","2"
"LDZD",169.2,"Departure","LDDU","PBN","2"
"LDZA",99.9,"Arrival","LDLO","Current","1"
"LDZA",99.9,"Arrival","LDLO","PBN","1"
"LDZA",99.9,"Arrival","LDLO","Current","2"
"LDZA",99.9,"Arrival","LDLO","PBN","2"
"LDZA",116.4,"Departure","LDLO","Current","1"
"LDZA",116.3,"Departure","LDLO","PBN","1"
"LDZA",116.4,"Departure","LDLO","Current","2"
"LDZA",116.3,"Departure","LDLO","PBN","2"
"LDPL",239.8,"Arrival","LDOS","Current","1"
"LDSP",197.5,"Arrival","LDOS","Current","1"
"LDZA",277.79998,"Arrival","LDOS","Current","1"
"LDPL",250.3,"Arrival","LDOS","PBN","1"
"LDSP",202.7,"Arrival","LDOS","PBN","1"
"LDZA",282.89999,"Arrival","LDOS","PBN","1"
"LDPL",239.8,"Arrival","LDOS","Current","2"
"LDSP",197.5,"Arrival","LDOS","Current","2"
"LDZA",277.79998,"Arrival","LDOS","Current","2"
"LDPL",250.3,"Arrival","LDOS","PBN","2"
"LDSP",202.7,"Arrival","LDOS","PBN","2"
"LDZA",282.89999,"Arrival","LDOS","PBN","2"
"LDPL",217.39999,"Departure","LDOS","Current","1"
"LDSP",188,"Departure","LDOS","Current","1"
"LDZA",238,"Departure","LDOS","Current","1"
"LDPL",217.2,"Departure","LDOS","PBN","1"
"LDSP",192.2,"Departure","LDOS","PBN","1"
"LDZA",236,"Departure","LDOS","PBN","1"
"LDPL",217.39999,"Departure","LDOS","Current","2"
"LDSP",188,"Departure","LDOS","Current","2"
"LDZA",238,"Departure","LDOS","Current","2"
"LDPL",217.2,"Departure","LDOS","PBN","2"
"LDSP",192.2,"Departure","LDOS","PBN","2"
"LDZA",236,"Departure","LDOS","PBN","2"
"LDOS",217.39999,"Arrival","LDPL","Current","1"
"LDSP",141.2,"Arrival","LDPL","Current","1"
"LDZD",77.6,"Arrival","LDPL","Current","1"
"LDOS",217.2,"Arrival","LDPL","PBN","1"
"LDSP",150.2,"Arrival","LDPL","PBN","1"
"LDZD",79,"Arrival","LDPL","PBN","1"
"LDOS",217.39999,"Arrival","LDPL","Current","2"
"LDSP",141.2,"Arrival","LDPL","Current","2"
"LDZD",77.6,"Arrival","LDPL","Current","2"
"LDOS",217.2,"Arrival","LDPL","PBN","2"
"LDSP",150.2,"Arrival","LDPL","PBN","2"
"LDZD",79,"Arrival","LDPL","PBN","2"
"LDOS",239.8,"Departure","LDPL","Current","1"
"LDSP",165.5,"Departure","LDPL","Current","1"
"LDZD",93.4,"Departure","LDPL","Current","1"
"LDOS",250.3,"Departure","LDPL","PBN","1"
"LDSP",176.7,"Departure","LDPL","PBN","1"
"LDZD",102.8,"Departure","LDPL","PBN","1"
"LDOS",239.8,"Departure","LDPL","Current","2"
"LDSP",165.5,"Departure","LDPL","Current","2"
"LDZD",93.4,"Departure","LDPL","Current","2"
"LDOS",250.3,"Departure","LDPL","PBN","2"
"LDSP",176.7,"Departure","LDPL","PBN","2"
"LDZD",102.8,"Departure","LDPL","PBN","2"
"LDZA",161.8,"Arrival","LDSB","Current","1"
"LDZA",168.2,"Arrival","LDSB","PBN","1"
"LDZA",161.8,"Arrival","LDSB","Current","2"
"LDZA",168.2,"Arrival","LDSB","PBN","2"
"LDZA",158.8,"Departure","LDSB","Current","1"
"LDZD",178.4,"Departure","LDSB","Current","1"
"LDZA",163.5,"Departure","LDSB","PBN","1"
"LDZD",197.4,"Departure","LDSB","PBN","1"
"LDZA",158.8,"Departure","LDSB","Current","2"
"LDZD",178.4,"Departure","LDSB","Current","2"
"LDZA",163.5,"Departure","LDSB","PBN","2"
"LDZD",197.4,"Departure","LDSB","PBN","2"
"LDDU",107.5,"Arrival","LDSP","Current","1"
"LDOS",188,"Arrival","LDSP","Current","1"
"LDPL",165.5,"Arrival","LDSP","Current","1"
"LDZA",637.49998,"Arrival","LDSP","Current","1"
"LDDU",123.9,"Arrival","LDSP","PBN","1"
"LDOS",192.2,"Arrival","LDSP","PBN","1"
"LDPL",176.7,"Arrival","LDSP","PBN","1"
"LDZA",654.00001,"Arrival","LDSP","PBN","1"
"LDDU",107.5,"Arrival","LDSP","Current","2"
"LDOS",188,"Arrival","LDSP","Current","2"
"LDPL",165.5,"Arrival","LDSP","Current","2"
"LDZA",637.49998,"Arrival","LDSP","Current","2"
"LDDU",123.9,"Arrival","LDSP","PBN","2"
"LDOS",192.2,"Arrival","LDSP","PBN","2"
"LDPL",176.7,"Arrival","LDSP","PBN","2"
"LDZA",654.00001,"Arrival","LDSP","PBN","2"
"LDOS",197.5,"Departure","LDSP","Current","1"
"LDPL",141.2,"Departure","LDSP","Current","1"
"LDZA",796.59999,"Departure","LDSP","Current","1"
"LDOS",202.7,"Departure","LDSP","PBN","1"
"LDPL",150.2,"Departure","LDSP","PBN","1"
"LDZA",862.4,"Departure","LDSP","PBN","1"
"LDOS",197.5,"Departure","LDSP","Current","2"
"LDPL",141.2,"Departure","LDSP","Current","2"
"LDZA",796.59999,"Departure","LDSP","Current","2"
"LDOS",202.7,"Departure","LDSP","PBN","2"
"LDPL",150.2,"Departure","LDSP","PBN","2"
"LDZA",862.4,"Departure","LDSP","PBN","2"
"LDDU",892.79999,"Arrival","LDZA","Current","1"
"LDLO",116.4,"Arrival","LDZA","Current","1"
"LDOS",238,"Arrival","LDZA","Current","1"
"LDSB",158.8,"Arrival","LDZA","Current","1"
"LDSP",796.59999,"Arrival","LDZA","Current","1"
"LDZD",527.8,"Arrival","LDZA","Current","1"
"LDDU",919.69997,"Arrival","LDZA","PBN","1"
"LDLO",116.3,"Arrival","LDZA","PBN","1"
"LDOS",236,"Arrival","LDZA","PBN","1"
"LDSB",163.5,"Arrival","LDZA","PBN","1"
"LDSP",862.4,"Arrival","LDZA","PBN","1"
"LDZD",528.1,"Arrival","LDZA","PBN","1"
"LDDU",892.79999,"Arrival","LDZA","Current","2"
"LDLO",116.4,"Arrival","LDZA","Current","2"
"LDOS",238,"Arrival","LDZA","Current","2"
"LDSB",158.8,"Arrival","LDZA","Current","2"
"LDSP",796.59999,"Arrival","LDZA","Current","2"
"LDZD",527.8,"Arrival","LDZA","Current","2"
"LDDU",919.69997,"Arrival","LDZA","PBN","2"
"LDLO",116.3,"Arrival","LDZA","PBN","2"
"LDOS",236,"Arrival","LDZA","PBN","2"
"LDSB",163.5,"Arrival","LDZA","PBN","2"
"LDSP",862.4,"Arrival","LDZA","PBN","2"
"LDZD",528.1,"Arrival","LDZA","PBN","2"
"LDDU",1199.6,"Departure","LDZA","Current","1"
"LDLO",99.9,"Departure","LDZA","Current","1"
"LDOS",277.79998,"Departure","LDZA","Current","1"
"LDSB",161.8,"Departure","LDZA","Current","1"
"LDSP",637.49998,"Departure","LDZA","Current","1"
"LDZD",437.7,"Departure","LDZA","Current","1"
"LDDU",1224.29999,"Departure","LDZA","PBN","1"
"LDLO",99.9,"Departure","LDZA","PBN","1"
"LDOS",282.89999,"Departure","LDZA","PBN","1"
"LDSB",168.2,"Departure","LDZA","PBN","1"
"LDSP",654.00001,"Departure","LDZA","PBN","1"
"LDZD",453.6,"Departure","LDZA","PBN","1"
"LDDU",1199.6,"Departure","LDZA","Current","2"
"LDLO",99.9,"Departure","LDZA","Current","2"
"LDOS",277.79998,"Departure","LDZA","Current","2"
"LDSB",161.8,"Departure","LDZA","Current","2"
"LDSP",637.49998,"Departure","LDZA","Current","2"
"LDZD",437.7,"Departure","LDZA","Current","2"
"LDDU",1224.29999,"Departure","LDZA","PBN","2"
"LDLO",99.9,"Departure","LDZA","PBN","2"
"LDOS",282.89999,"Departure","LDZA","PBN","2"
"LDSB",168.2,"Departure","LDZA","PBN","2"
"LDSP",654.00001,"Departure","LDZA","PBN","2"
"LDZD",453.6,"Departure","LDZA","PBN","2"
"LDDU",161.8,"Arrival","LDZD","Current","1"
"LDPL",93.4,"Arrival","LDZD","Current","1"
"LDSB",178.4,"Arrival","LDZD","Current","1"
"LDZA",437.7,"Arrival","LDZD","Current","1"
"LDDU",169.2,"Arrival","LDZD","PBN","1"
"LDPL",102.8,"Arrival","LDZD","PBN","1"
"LDSB",197.4,"Arrival","LDZD","PBN","1"
"LDZA",453.6,"Arrival","LDZD","PBN","1"
"LDDU",161.8,"Arrival","LDZD","Current","2"
"LDPL",93.4,"Arrival","LDZD","Current","2"
"LDSB",178.4,"Arrival","LDZD","Current","2"
"LDZA",437.7,"Arrival","LDZD","Current","2"
"LDDU",169.2,"Arrival","LDZD","PBN","2"
"LDPL",102.8,"Arrival","LDZD","PBN","2"
"LDSB",197.4,"Arrival","LDZD","PBN","2"
"LDZA",453.6,"Arrival","LDZD","PBN","2"
"LDPL",77.6,"Departure","LDZD","Current","1"
"LDZA",527.8,"Departure","LDZD","Current","1"
"LDPL",79,"Departure","LDZD","PBN","1"
"LDZA",528.1,"Departure","LDZD","PBN","1"
"LDPL",77.6,"Departure","LDZD","Current","2"
"LDZA",527.8,"Departure","LDZD","Current","2"
"LDPL",79,"Departure","LDZD","PBN","2"
"LDZA",528.1,"Departure","LDZD","PBN","2"
"LDSB",216.7,"Departure","LJLJ","Current","1"
"LDSB",216.7,"Departure","LJLJ","PBN","1"
"LDSB",216.7,"Departure","LJLJ","Current","2"
"LDSB",216.7,"Departure","LJLJ","PBN","2"
"LDSB",244.60001,"Arrival","LOWG","Current","1"
"LDZA",108.4,"Arrival","LOWG","Current","1"
"LDSB",244.60001,"Arrival","LOWG","PBN","1"
"LDZA",110.1,"Arrival","LOWG","PBN","1"
"LDSB",244.60001,"Arrival","LOWG","Current","2"
"LDZA",108.4,"Arrival","LOWG","Current","2"
"LDSB",244.60001,"Arrival","LOWG","PBN","2"
"LDZA",110.1,"Arrival","LOWG","PBN","2"
"LDSB",245,"Departure","LOWG","Current","1"
"LDZA",91.1,"Departure","LOWG","Current","1"
"LDSB",245,"Departure","LOWG","PBN","1"
"LDZA",91.7,"Departure","LOWG","PBN","1"
"LDSB",245,"Departure","LOWG","Current","2"
"LDZA",91.1,"Departure","LOWG","Current","2"
"LDSB",245,"Departure","LOWG","PBN","2"
"LDZA",91.7,"Departure","LOWG","PBN","2"
"LDZA",171.7,"Arrival","LQSA","Current","1"
"LDZA",164.7,"Arrival","LQSA","PBN","1"
"LDZA",171.7,"Arrival","LQSA","Current","2"
"LDZA",164.7,"Arrival","LQSA","PBN","2"
"LDZA",155.8,"Departure","LQSA","Current","1"
"LDZA",155.60001,"Departure","LQSA","PBN","1"
"LDZA",155.8,"Departure","LQSA","Current","2"
"LDZA",155.60001,"Departure","LQSA","PBN","2"
"LDDU",83.2,"Arrival","LYPG","Current","1"
"LDDU",83.1,"Arrival","LYPG","PBN","1"
"LDDU",83.2,"Arrival","LYPG","Current","2"
"LDDU",83.1,"Arrival","LYPG","PBN","2"
"LDDU",54.7,"Departure","LYPG","Current","1"
"LDDU",56.7,"Departure","LYPG","PBN","1"
"LDDU",54.7,"Departure","LYPG","Current","2"
"LDDU",56.7,"Departure","LYPG","PBN","2"
"LDDU",28.5,"Departure","LYTV","Current","1"
"LDDU",30.5,"Departure","LYTV","PBN","1"
"LDDU",28.5,"Departure","LYTV","Current","2"
"LDDU",30.5,"Departure","LYTV","PBN","2"
"LDZA",232.89999,"Departure","MITNO","Current","1"
"LDZA",234.5,"Departure","MITNO","PBN","1"
"LDZA",232.89999,"Departure","MITNO","Current","2"
"LDZA",234.5,"Departure","MITNO","PBN","2"
"LDDU",742.4,"Arrival","MOKUN","Current","1"
"LDDU",752.3,"Arrival","MOKUN","PBN","1"
"LDDU",742.4,"Arrival","MOKUN","Current","2"
"LDDU",752.3,"Arrival","MOKUN","PBN","2"
"LDDU",1002.5,"Departure","MOKUN","Current","1"
"LDDU",1037,"Departure","MOKUN","PBN","1"
"LDDU",1002.5,"Departure","MOKUN","Current","2"
"LDDU",1037,"Departure","MOKUN","PBN","2"
"LDSP",412.59999,"Arrival","NEMEK","Current","1"
"LDSP",420.6,"Arrival","NEMEK","PBN","1"
"LDSP",412.59999,"Arrival","NEMEK","Current","2"
"LDSP",420.6,"Arrival","NEMEK","PBN","2"
"LDDU",286.10001,"Arrival","NIKOL","Current","1"
"LDZD",146,"Arrival","NIKOL","Current","1"
"LDDU",286.10001,"Arrival","NIKOL","PBN","1"
"LDZD",145.60001,"Arrival","NIKOL","PBN","1"
"LDDU",286.10001,"Arrival","NIKOL","Current","2"
"LDZD",146,"Arrival","NIKOL","Current","2"
"LDDU",286.10001,"Arrival","NIKOL","PBN","2"
"LDZD",145.60001,"Arrival","NIKOL","PBN","2"
"LDZA",241.60001,"Departure","NILKU","Current","1"
"LDZA",241.39999,"Departure","NILKU","PBN","1"
"LDZA",241.60001,"Departure","NILKU","Current","2"
"LDZA",241.39999,"Departure","NILKU","PBN","2"
"LDDU",2899.20004,"Departure","OBUTI","Current","1"
"LDSB",235.7,"Departure","OBUTI","Current","1"
"LDSP",923.7,"Departure","OBUTI","Current","1"
"LDZA",1218,"Departure","OBUTI","Current","1"
"LDDU",2869.80002,"Departure","OBUTI","PBN","1"
"LDSB",235.7,"Departure","OBUTI","PBN","1"
"LDSP",923.60003,"Departure","OBUTI","PBN","1"
"LDZA",1230.4,"Departure","OBUTI","PBN","1"
"LDDU",2899.20004,"Departure","OBUTI","Current","2"
"LDSB",235.7,"Departure","OBUTI","Current","2"
"LDSP",923.7,"Departure","OBUTI","Current","2"
"LDZA",1218,"Departure","OBUTI","Current","2"
"LDDU",2869.80002,"Departure","OBUTI","PBN","2"
"LDSB",235.7,"Departure","OBUTI","PBN","2"
"LDSP",923.60003,"Departure","OBUTI","PBN","2"
"LDZA",1230.4,"Departure","OBUTI","PBN","2"
"LDZA",245.5,"Arrival","OSLUD","Current","1"
"LDZA",247,"Arrival","OSLUD","PBN","1"
"LDZA",245.5,"Arrival","OSLUD","Current","2"
"LDZA",247,"Arrival","OSLUD","PBN","2"
"LDZA",472.09999,"Departure","OSLUD","Current","1"
"LDZA",474.89999,"Departure","OSLUD","PBN","1"
"LDZA",472.09999,"Departure","OSLUD","Current","2"
"LDZA",474.89999,"Departure","OSLUD","PBN","2"
"LDZA",949.19997,"Arrival","OUTSIDE.FIR.E","Current","1"
"LDZA",979.59996,"Arrival","OUTSIDE.FIR.E","PBN","1"
"LDZA",949.19997,"Arrival","OUTSIDE.FIR.E","Current","2"
"LDZA",979.59996,"Arrival","OUTSIDE.FIR.E","PBN","2"
"LDZD",252.9,"Departure","OUTSIDE.FIR.N","Current","1"
"LDZD",256.00001,"Departure","OUTSIDE.FIR.N","PBN","1"
"LDZD",252.9,"Departure","OUTSIDE.FIR.N","Current","2"
"LDZD",256.00001,"Departure","OUTSIDE.FIR.N","PBN","2"
"LDPL",1659.29993,"Arrival","OUTSIDE.FIR.NE","Current","1"
"LDSP",484.6,"Arrival","OUTSIDE.FIR.NE","Current","1"
"LDZD",409.20002,"Arrival","OUTSIDE.FIR.NE","Current","1"
"LDPL",1714.09999,"Arrival","OUTSIDE.FIR.NE","PBN","1"
"LDSP",500.20002,"Arrival","OUTSIDE.FIR.NE","PBN","1"
"LDZD",410.69999,"Arrival","OUTSIDE.FIR.NE","PBN","1"
"LDPL",1659.29993,"Arrival","OUTSIDE.FIR.NE","Current","2"
"LDSP",484.6,"Arrival","OUTSIDE.FIR.NE","Current","2"
"LDZD",409.20002,"Arrival","OUTSIDE.FIR.NE","Current","2"
"LDPL",1714.09999,"Arrival","OUTSIDE.FIR.NE","PBN","2"
"LDSP",500.20002,"Arrival","OUTSIDE.FIR.NE","PBN","2"
"LDZD",410.69999,"Arrival","OUTSIDE.FIR.NE","PBN","2"
"LDZD",193.10001,"Departure","OUTSIDE.FIR.NE","Current","1"
"LDZD",196.2,"Departure","OUTSIDE.FIR.NE","PBN","1"
"LDZD",193.10001,"Departure","OUTSIDE.FIR.NE","Current","2"
"LDZD",196.2,"Departure","OUTSIDE.FIR.NE","PBN","2"
"LDDU",701.20002,"Arrival","OUTSIDE.FIR.NW","Current","1"
"LDPL",1206.50005,"Arrival","OUTSIDE.FIR.NW","Current","1"
"LDSP",2311.50004,"Arrival","OUTSIDE.FIR.NW","Current","1"
"LDZD",191.3,"Arrival","OUTSIDE.FIR.NW","Current","1"
"LDDU",703.4,"Arrival","OUTSIDE.FIR.NW","PBN","1"
"LDPL",1343.20006,"Arrival","OUTSIDE.FIR.NW","PBN","1"
"LDSP",2355.60006,"Arrival","OUTSIDE.FIR.NW","PBN","1"
"LDZD",197.89999,"Arrival","OUTSIDE.FIR.NW","PBN","1"
"LDDU",701.20002,"Arrival","OUTSIDE.FIR.NW","Current","2"
"LDPL",1206.50005,"Arrival","OUTSIDE.FIR.NW","Current","2"
"LDSP",2311.50004,"Arrival","OUTSIDE.FIR.NW","Current","2"
"LDZD",191.3,"Arrival","OUTSIDE.FIR.NW","Current","2"
"LDDU",703.4,"Arrival","OUTSIDE.FIR.NW","PBN","2"
"LDPL",1343.20006,"Arrival","OUTSIDE.FIR.NW","PBN","2"
"LDSP",2355.60006,"Arrival","OUTSIDE.FIR.NW","PBN","2"
"LDZD",197.89999,"Arrival","OUTSIDE.FIR.NW","PBN","2"
"LDZD",190.8,"Departure","OUTSIDE.FIR.NW","Current","1"
"LDZD",191.3,"Departure","OUTSIDE.FIR.NW","PBN","1"
"LDZD",190.8,"Departure","OUTSIDE.FIR.NW","Current","2"
"LDZD",191.3,"Departure","OUTSIDE.FIR.NW","PBN","2"
"LDZA",525.20001,"Arrival","PERAN","Current","1"
"LDZA",530.40002,"Arrival","PERAN","PBN","1"
"LDZA",525.20001,"Arrival","PERAN","Current","2"
"LDZA",530.40002,"Arrival","PERAN","PBN","2"
"LDZA",194.60001,"Arrival","PEROT","Current","1"
"LDZA",198.60001,"Arrival","PEROT","PBN","1"
"LDZA",194.60001,"Arrival","PEROT","Current","2"
"LDZA",198.60001,"Arrival","PEROT","PBN","2"
"LDZA",177.3,"Departure","PEROT","Current","1"
"LDZA",176.3,"Departure","PEROT","PBN","1"
"LDZA",177.3,"Departure","PEROT","Current","2"
"LDZA",176.3,"Departure","PEROT","PBN","2"
"LDSP",171.3,"Departure","PETAK","Current","1"
"LDZD",238,"Departure","PETAK","Current","1"
"LDSP",189.60001,"Departure","PETAK","PBN","1"
"LDZD",247.89999,"Departure","PETAK","PBN","1"
"LDSP",171.3,"Departure","PETAK","Current","2"
"LDZD",238,"Departure","PETAK","Current","2"
"LDSP",189.60001,"Departure","PETAK","PBN","2"
"LDZD",247.89999,"Departure","PETAK","PBN","2"
"LDDU",2201.89994,"Arrival","PETOV","Current","1"
"LDPL",200.8,"Arrival","PETOV","Current","1"
"LDZA",495,"Arrival","PETOV","Current","1"
"LDDU",2211.89994,"Arrival","PETOV","PBN","1"
"LDPL",211.7,"Arrival","PETOV","PBN","1"
"LDZA",520.4,"Arrival","PETOV","PBN","1"
"LDDU",2201.89994,"Arrival","PETOV","Current","2"
"LDPL",200.8,"Arrival","PETOV","Current","2"
"LDZA",495,"Arrival","PETOV","Current","2"
"LDDU",2211.89994,"Arrival","PETOV","PBN","2"
"LDPL",211.7,"Arrival","PETOV","PBN","2"
"LDZA",520.4,"Arrival","PETOV","PBN","2"
"LDSB",234.3,"Departure","PETOV","Current","1"
"LDSP",4763.20003,"Departure","PETOV","Current","1"
"LDSB",234.3,"Departure","PETOV","PBN","1"
"LDSP",4755.69989,"Departure","PETOV","PBN","1"
"LDSB",234.3,"Departure","PETOV","Current","2"
"LDSP",4763.20003,"Departure","PETOV","Current","2"
"LDSB",234.3,"Departure","PETOV","PBN","2"
"LDSP",4755.69989,"Departure","PETOV","PBN","2"
"LDDU",2602.69992,"Arrival","PEVAL","Current","1"
"LDSB",1036.9,"Arrival","PEVAL","Current","1"
"LDSP",690.30003,"Arrival","PEVAL","Current","1"
"LDZD",1006.4,"Arrival","PEVAL","Current","1"
"LDDU",2603.59992,"Arrival","PEVAL","PBN","1"
"LDSB",1036.9,"Arrival","PEVAL","PBN","1"
"LDSP",717.9,"Arrival","PEVAL","PBN","1"
"LDZD",1021.80004,"Arrival","PEVAL","PBN","1"
"LDDU",2602.69992,"Arrival","PEVAL","Current","2"
"LDSB",1036.9,"Arrival","PEVAL","Current","2"
"LDSP",690.30003,"Arrival","PEVAL","Current","2"
"LDZD",1006.4,"Arrival","PEVAL","Current","2"
"LDDU",2603.59992,"Arrival","PEVAL","PBN","2"
"LDSB",1036.9,"Arrival","PEVAL","PBN","2"
"LDSP",717.9,"Arrival","PEVAL","PBN","2"
"LDZD",1021.80004,"Arrival","PEVAL","PBN","2"
"LDDU",3098.49997,"Departure","PEVAL","Current","1"
"LDPL",1764.3,"Departure","PEVAL","Current","1"
"LDSB",768.09997,"Departure","PEVAL","Current","1"
"LDSP",4362.09993,"Departure","PEVAL","Current","1"
"LDDU",3124.59998,"Departure","PEVAL","PBN","1"
"LDPL",1761.8,"Departure","PEVAL","PBN","1"
"LDSB",768.09997,"Departure","PEVAL","PBN","1"
"LDSP",4429.39999,"Departure","PEVAL","PBN","1"
"LDDU",3098.49997,"Departure","PEVAL","Current","2"
"LDPL",1764.3,"Departure","PEVAL","Current","2"
"LDSB",768.09997,"Departure","PEVAL","Current","2"
"LDSP",4362.09993,"Departure","PEVAL","Current","2"
"LDDU",3124.59998,"Departure","PEVAL","PBN","2"
"LDPL",1761.8,"Departure","PEVAL","PBN","2"
"LDSB",768.09997,"Departure","PEVAL","PBN","2"
"LDSP",4429.39999,"Departure","PEVAL","PBN","2"
"LDZD",2032.29999,"Departure","PEVAL.1","Current","1"
"LDZD",2042.10003,"Departure","PEVAL.1","PBN","1"
"LDZD",2032.29999,"Departure","PEVAL.1","Current","2"
"LDZD",2042.10003,"Departure","PEVAL.1","PBN","2"
"LDZA",1486.6,"Departure","PODET","Current","1"
"LDZA",1499.8,"Departure","PODET","PBN","1"
"LDZA",1486.6,"Departure","PODET","Current","2"
"LDZA",1499.8,"Departure","PODET","PBN","2"
"LDZA",237.2,"Departure","PODOB","Current","1"
"LDZA",235,"Departure","PODOB","PBN","1"
"LDZA",237.2,"Departure","PODOB","Current","2"
"LDZA",235,"Departure","PODOB","PBN","2"
"LDSB",159.10001,"Arrival","RODON","Current","1"
"LDSP",210.10001,"Arrival","RODON","Current","1"
"LDSB",159.10001,"Arrival","RODON","PBN","1"
"LDSP",229.10001,"Arrival","RODON","PBN","1"
"LDSB",159.10001,"Arrival","RODON","Current","2"
"LDSP",210.10001,"Arrival","RODON","Current","2"
"LDSB",159.10001,"Arrival","RODON","PBN","2"
"LDSP",229.10001,"Arrival","RODON","PBN","2"
"LDDU",672.30002,"Arrival","ROTAR","Current","1"
"LDPL",1443.4,"Arrival","ROTAR","Current","1"
"LDSP",239.39999,"Arrival","ROTAR","Current","1"
"LDDU",672.20002,"Arrival","ROTAR","PBN","1"
"LDPL",1443.4,"Arrival","ROTAR","PBN","1"
"LDSP",248.60001,"Arrival","ROTAR","PBN","1"
"LDDU",672.30002,"Arrival","ROTAR","Current","2"
"LDPL",1443.4,"Arrival","ROTAR","Current","2"
"LDSP",239.39999,"Arrival","ROTAR","Current","2"
"LDDU",672.20002,"Arrival","ROTAR","PBN","2"
"LDPL",1443.4,"Arrival","ROTAR","PBN","2"
"LDSP",248.60001,"Arrival","ROTAR","PBN","2"
"LDDU",3524.8,"Departure","ROTAR","Current","1"
"LDSB",524.60001,"Departure","ROTAR","Current","1"
"LDSP",1749.2,"Departure","ROTAR","Current","1"
"LDZA",625.7,"Departure","ROTAR","Current","1"
"LDDU",3571.59996,"Departure","ROTAR","PBN","1"
"LDSB",524.60001,"Departure","ROTAR","PBN","1"
"LDSP",1780.60001,"Departure","ROTAR","PBN","1"
"LDZA",625.40002,"Departure","ROTAR","PBN","1"
"LDDU",3524.8,"Departure","ROTAR","Current","2"
"LDSB",524.60001,"Departure","ROTAR","Current","2"
"LDSP",1749.2,"Departure","ROTAR","Current","2"
"LDZA",625.7,"Departure","ROTAR","Current","2"
"LDDU",3571.59996,"Departure","ROTAR","PBN","2"
"LDSB",524.60001,"Departure","ROTAR","PBN","2"
"LDSP",1780.60001,"Departure","ROTAR","PBN","2"
"LDZA",625.40002,"Departure","ROTAR","PBN","2"
"LDDU",1805.99998,"Arrival","SABAD","Current","1"
"LDSB",221.7,"Arrival","SABAD","Current","1"
"LDSP",4289.20006,"Arrival","SABAD","Current","1"
"LDZD",154.2,"Arrival","SABAD","Current","1"
"LDDU",1810.39994,"Arrival","SABAD","PBN","1"
"LDSB",221.7,"Arrival","SABAD","PBN","1"
"LDSP",4407.00002,"Arrival","SABAD","PBN","1"
"LDZD",154.89999,"Arrival","SABAD","PBN","1"
"LDDU",1805.99998,"Arrival","SABAD","Current","2"
"LDSB",221.7,"Arrival","SABAD","Current","2"
"LDSP",4289.20006,"Arrival","SABAD","Current","2"
"LDZD",154.2,"Arrival","SABAD","Current","2"
"LDDU",1810.39994,"Arrival","SABAD","PBN","2"
"LDSB",221.7,"Arrival","SABAD","PBN","2"
"LDSP",4407.00002,"Arrival","SABAD","PBN","2"
"LDZD",154.89999,"Arrival","SABAD","PBN","2"
"LDDU",1611.59996,"Departure","SABAD","Current","1"
"LDSP",687.4,"Departure","SABAD","Current","1"
"LDDU",1626.79998,"Departure","SABAD","PBN","1"
"LDSP",676.49999,"Departure","SABAD","PBN","1"
"LDDU",1611.59996,"Departure","SABAD","Current","2"
"LDSP",687.4,"Departure","SABAD","Current","2"
"LDDU",1626.79998,"Departure","SABAD","PBN","2"
"LDSP",676.49999,"Departure","SABAD","PBN","2"
"LDPL",275.79999,"Departure","SOMUN","Current","1"
"LDSP",192.2,"Departure","SOMUN","Current","1"
"LDPL",275.79999,"Departure","SOMUN","PBN","1"
"LDSP",204.5,"Departure","SOMUN","PBN","1"
"LDPL",275.79999,"Departure","SOMUN","Current","2"
"LDSP",192.2,"Departure","SOMUN","Current","2"
"LDPL",275.79999,"Departure","SOMUN","PBN","2"
"LDSP",204.5,"Departure","SOMUN","PBN","2"
"LDDU",1513.39995,"Arrival","TORPO","Current","1"
"LDSB",362.20002,"Arrival","TORPO","Current","1"
"LDSP",769.49995,"Arrival","TORPO","Current","1"
"LDZD",129.60001,"Arrival","TORPO","Current","1"
"LDDU",1533,"Arrival","TORPO","PBN","1"
"LDSB",362.20002,"Arrival","TORPO","PBN","1"
"LDSP",794.5,"Arrival","TORPO","PBN","1"
"LDZD",129.7,"Arrival","TORPO","PBN","1"
"LDDU",1513.39995,"Arrival","TORPO","Current","2"
"LDSB",362.20002,"Arrival","TORPO","Current","2"
"LDSP",769.49995,"Arrival","TORPO","Current","2"
"LDZD",129.60001,"Arrival","TORPO","Current","2"
"LDDU",1533,"Arrival","TORPO","PBN","2"
"LDSB",362.20002,"Arrival","TORPO","PBN","2"
"LDSP",794.5,"Arrival","TORPO","PBN","2"
"LDZD",129.7,"Arrival","TORPO","PBN","2"
"LDSB",351.59999,"Departure","TORPO","Current","1"
"LDSP",328.5,"Departure","TORPO","Current","1"
"LDZD",361.6,"Departure","TORPO","Current","1"
"LDSB",351.59999,"Departure","TORPO","PBN","1"
"LDSP",333,"Departure","TORPO","PBN","1"
"LDZD",394.3,"Departure","TORPO","PBN","1"
"LDSB",351.59999,"Departure","TORPO","Current","2"
"LDSP",328.5,"Departure","TORPO","Current","2"
"LDZD",361.6,"Departure","TORPO","Current","2"
"LDSB",351.59999,"Departure","TORPO","PBN","2"
"LDSP",333,"Departure","TORPO","PBN","2"
"LDZD",394.3,"Departure","TORPO","PBN","2"
"LDZA",398.4,"Arrival","TUVAR","Current","1"
"LDZA",413.5,"Arrival","TUVAR","PBN","1"
"LDZA",398.4,"Arrival","TUVAR","Current","2"
"LDZA",413.5,"Arrival","TUVAR","PBN","2"
"LDZA",732.79999,"Departure","TUVAR","Current","1"
"LDZA",735.19997,"Departure","TUVAR","PBN","1"
"LDZA",732.79999,"Departure","TUVAR","Current","2"
"LDZA",735.19997,"Departure","TUVAR","PBN","2"
"LDZA",319.79999,"Arrival","VAKSU","Current","1"
"LDZA",326.10001,"Arrival","VAKSU","PBN","1"
"LDZA",319.79999,"Arrival","VAKSU","Current","2"
"LDZA",326.10001,"Arrival","VAKSU","PBN","2"
"LDDU",426.20002,"Arrival","VAPUP","Current","1"
"LDSP",260.80001,"Arrival","VAPUP","Current","1"
"LDDU",438.30001,"Arrival","VAPUP","PBN","1"
"LDSP",262.89999,"Arrival","VAPUP","PBN","1"
"LDDU",426.20002,"Arrival","VAPUP","Current","2"
"LDSP",260.80001,"Arrival","VAPUP","Current","2"
"LDDU",438.30001,"Arrival","VAPUP","PBN","2"
"LDSP",262.89999,"Arrival","VAPUP","PBN","2"
"LDDU",577.89999,"Arrival","VEBAL","Current","1"
"LDDU",578,"Arrival","VEBAL","PBN","1"
"LDDU",577.89999,"Arrival","VEBAL","Current","2"
"LDDU",578,"Arrival","VEBAL","PBN","2"
"LDSB",206.60001,"Departure","VEBAL","Current","1"
"LDSP",3092.70002,"Departure","VEBAL","Current","1"
"LDSB",202.8,"Departure","VEBAL","PBN","1"
"LDSP",3096.69998,"Departure","VEBAL","PBN","1"
"LDSB",206.60001,"Departure","VEBAL","Current","2"
"LDSP",3092.70002,"Departure","VEBAL","Current","2"
"LDSB",202.8,"Departure","VEBAL","PBN","2"
"LDSP",3096.69998,"Departure","VEBAL","PBN","2"
"LDPL",321.70001,"Arrival","VEBAR","Current","1"
"LDSP",219.2,"Arrival","VEBAR","Current","1"
"LDPL",321.89999,"Arrival","VEBAR","PBN","1"
"LDSP",240,"Arrival","VEBAR","PBN","1"
"LDPL",321.70001,"Arrival","VEBAR","Current","2"
"LDSP",219.2,"Arrival","VEBAR","Current","2"
"LDPL",321.89999,"Arrival","VEBAR","PBN","2"
"LDSP",240,"Arrival","VEBAR","PBN","2"
"LDDU",182.7,"Departure","VEBAR","Current","1"
"LDDU",187.10001,"Departure","VEBAR","PBN","1"
"LDDU",182.7,"Departure","VEBAR","Current","2"
"LDDU",187.10001,"Departure","VEBAR","PBN","2"
"LDDU",610.30001,"Departure","VELUG","Current","1"
"LDSP",517.80001,"Departure","VELUG","Current","1"
"LDDU",622.29999,"Departure","VELUG","PBN","1"
"LDSP",516.49999,"Departure","VELUG","PBN","1"
"LDDU",610.30001,"Departure","VELUG","Current","2"
"LDSP",517.80001,"Departure","VELUG","Current","2"
"LDDU",622.29999,"Departure","VELUG","PBN","2"
"LDSP",516.49999,"Departure","VELUG","PBN","2"
"LDDU",472.5,"Departure","XAMIT","Current","1"
"LDZD",255,"Departure","XAMIT","Current","1"
"LDDU",488.69999,"Departure","XAMIT","PBN","1"
"LDZD",260.5,"Departure","XAMIT","PBN","1"
"LDDU",472.5,"Departure","XAMIT","Current","2"
"LDZD",255,"Departure","XAMIT","Current","2"
"LDDU",488.69999,"Departure","XAMIT","PBN","2"
"LDZD",260.5,"Departure","XAMIT","PBN","2"
"LDZA",252,"Arrival","XOLTA","Current","1"
"LDZA",251.89999,"Arrival","XOLTA","PBN","1"
"LDZA",252,"Arrival","XOLTA","Current","2"
"LDZA",251.89999,"Arrival","XOLTA","PBN","2"
"LDDU",190.3,"Departure","XOLTA","Current","1"
"LDDU",196.2,"Departure","XOLTA","PBN","1"
"LDDU",190.3,"Departure","XOLTA","Current","2"
"LDDU",196.2,"Departure","XOLTA","PBN","2"
"LDDU",241,"Arrivals and Departures","AIOSA","Current","1"
"LDSP",168.5,"Arrivals and Departures","AIOSA","Current","1"
"LDZA",294.89999,"Arrivals and Departures","AIOSA","Current","1"
"LDZD",468.8,"Arrivals and Departures","AIOSA","Current","1"
"LDDU",266.3,"Arrivals and Departures","AIOSA","PBN","1"
"LDSP",180.3,"Arrivals and Departures","AIOSA","PBN","1"
"LDZA",298.10001,"Arrivals and Departures","AIOSA","PBN","1"
"LDZD",472.7,"Arrivals and Departures","AIOSA","PBN","1"
"LDDU",241,"Arrivals and Departures","AIOSA","Current","2"
"LDSP",168.5,"Arrivals and Departures","AIOSA","Current","2"
"LDZA",294.89999,"Arrivals and Departures","AIOSA","Current","2"
"LDZD",468.8,"Arrivals and Departures","AIOSA","Current","2"
"LDDU",266.3,"Arrivals and Departures","AIOSA","PBN","2"
"LDSP",180.3,"Arrivals and Departures","AIOSA","PBN","2"
"LDZA",298.10001,"Arrivals and Departures","AIOSA","PBN","2"
"LDZD",472.7,"Arrivals and Departures","AIOSA","PBN","2"
"LDDU",327.5,"Arrivals and Departures","ALIVO","Current","1"
"LDPL",620.8,"Arrivals and Departures","ALIVO","Current","1"
"LDRI",988.5,"Arrivals and Departures","ALIVO","Current","1"
"LDSP",681.90002,"Arrivals and Departures","ALIVO","Current","1"
"LDDU",330.10001,"Arrivals and Departures","ALIVO","PBN","1"
"LDPL",618.6,"Arrivals and Departures","ALIVO","PBN","1"
"LDRI",1034.1,"Arrivals and Departures","ALIVO","PBN","1"
"LDSP",716.79999,"Arrivals and Departures","ALIVO","PBN","1"
"LDDU",327.5,"Arrivals and Departures","ALIVO","Current","2"
"LDPL",620.8,"Arrivals and Departures","ALIVO","Current","2"
"LDRI",988.5,"Arrivals and Departures","ALIVO","Current","2"
"LDSP",681.90002,"Arrivals and Departures","ALIVO","Current","2"
"LDDU",330.10001,"Arrivals and Departures","ALIVO","PBN","2"
"LDPL",618.6,"Arrivals and Departures","ALIVO","PBN","2"
"LDRI",1034.1,"Arrivals and Departures","ALIVO","PBN","2"
"LDSP",716.79999,"Arrivals and Departures","ALIVO","PBN","2"
"LDZA",2008.6,"Arrivals and Departures","ARGOM","Current","1"
"LDZA",2034.7,"Arrivals and Departures","ARGOM","PBN","1"
"LDZA",2008.6,"Arrivals and Departures","ARGOM","Current","2"
"LDZA",2034.7,"Arrivals and Departures","ARGOM","PBN","2"
"LDDU",312.39999,"Arrivals and Departures","ARMIX","Current","1"
"LDRI",862.89999,"Arrivals and Departures","ARMIX","Current","1"
"LDSP",224.2,"Arrivals and Departures","ARMIX","Current","1"
"LDDU",313,"Arrivals and Departures","ARMIX","PBN","1"
"LDRI",897.5,"Arrivals and Departures","ARMIX","PBN","1"
"LDSP",229.2,"Arrivals and Departures","ARMIX","PBN","1"
"LDDU",312.39999,"Arrivals and Departures","ARMIX","Current","2"
"LDRI",862.89999,"Arrivals and Departures","ARMIX","Current","2"
"LDSP",224.2,"Arrivals and Departures","ARMIX","Current","2"
"LDDU",313,"Arrivals and Departures","ARMIX","PBN","2"
"LDRI",897.5,"Arrivals and Departures","ARMIX","PBN","2"
"LDSP",229.2,"Arrivals and Departures","ARMIX","PBN","2"
"LDDU",508.89999,"Arrivals and Departures","BAREB","Current","1"
"LDSP",255.60001,"Arrivals and Departures","BAREB","Current","1"
"LDDU",506.79998,"Arrivals and Departures","BAREB","PBN","1"
"LDSP",260.89999,"Arrivals and Departures","BAREB","PBN","1"
"LDDU",508.89999,"Arrivals and Departures","BAREB","Current","2"
"LDSP",255.60001,"Arrivals and Departures","BAREB","Current","2"
"LDDU",506.79998,"Arrivals and Departures","BAREB","PBN","2"
"LDSP",260.89999,"Arrivals and Departures","BAREB","PBN","2"
"LDDU",930.60001,"Arrivals and Departures","BAXON","Current","1"
"LDSP",1261.8,"Arrivals and Departures","BAXON","Current","1"
"LDDU",934.80002,"Arrivals and Departures","BAXON","PBN","1"
"LDSP",1293.69998,"Arrivals and Departures","BAXON","PBN","1"
"LDDU",930.60001,"Arrivals and Departures","BAXON","Current","2"
"LDSP",1261.8,"Arrivals and Departures","BAXON","Current","2"
"LDDU",934.80002,"Arrivals and Departures","BAXON","PBN","2"
"LDSP",1293.69998,"Arrivals and Departures","BAXON","PBN","2"
"LDDU",1925.79994,"Arrivals and Departures","BUSET","Current","1"
"LDSP",2141.40003,"Arrivals and Departures","BUSET","Current","1"
"LDZD",1324.59997,"Arrivals and Departures","BUSET","Current","1"
"LDDU",1935.90003,"Arrivals and Departures","BUSET","PBN","1"
"LDSP",2174.2,"Arrivals and Departures","BUSET","PBN","1"
"LDZD",1364.70002,"Arrivals and Departures","BUSET","PBN","1"
"LDDU",1925.79994,"Arrivals and Departures","BUSET","Current","2"
"LDSP",2141.40003,"Arrivals and Departures","BUSET","Current","2"
"LDZD",1324.59997,"Arrivals and Departures","BUSET","Current","2"
"LDDU",1935.90003,"Arrivals and Departures","BUSET","PBN","2"
"LDSP",2174.2,"Arrivals and Departures","BUSET","PBN","2"
"LDZD",1364.70002,"Arrivals and Departures","BUSET","PBN","2"
"LDDU",2236.4,"Arrivals and Departures","DARZA","Current","1"
"LDSB",218.2,"Arrivals and Departures","DARZA","Current","1"
"LDSP",4578.4001,"Arrivals and Departures","DARZA","Current","1"
"LDZD",627.69999,"Arrivals and Departures","DARZA","Current","1"
"LDDU",2279.00004,"Arrivals and Departures","DARZA","PBN","1"
"LDSB",218.2,"Arrivals and Departures","DARZA","PBN","1"
"LDSP",4594.40011,"Arrivals and Departures","DARZA","PBN","1"
"LDZD",634.09999,"Arrivals and Departures","DARZA","PBN","1"
"LDDU",2236.4,"Arrivals and Departures","DARZA","Current","2"
"LDSB",218.2,"Arrivals and Departures","DARZA","Current","2"
"LDSP",4578.4001,"Arrivals and Departures","DARZA","Current","2"
"LDZD",627.69999,"Arrivals and Departures","DARZA","Current","2"
"LDDU",2279.00004,"Arrivals and Departures","DARZA","PBN","2"
"LDSB",218.2,"Arrivals and Departures","DARZA","PBN","2"
"LDSP",4594.40011,"Arrivals and Departures","DARZA","PBN","2"
"LDZD",634.09999,"Arrivals and Departures","DARZA","PBN","2"
"LDDU",274.89999,"Arrivals and Departures","EDUGI","Current","1"
"LDDU",276.70001,"Arrivals and Departures","EDUGI","PBN","1"
"LDDU",274.89999,"Arrivals and Departures","EDUGI","Current","2"
"LDDU",276.70001,"Arrivals and Departures","EDUGI","PBN","2"
"LDSB",253.5,"Arrivals and Departures","GEMKA","Current","1"
"LDZD",321.4,"Arrivals and Departures","GEMKA","Current","1"
"LDSB",253.5,"Arrivals and Departures","GEMKA","PBN","1"
"LDZD",349.2,"Arrivals and Departures","GEMKA","PBN","1"
"LDSB",253.5,"Arrivals and Departures","GEMKA","Current","2"
"LDZD",321.4,"Arrivals and Departures","GEMKA","Current","2"
"LDSB",253.5,"Arrivals and Departures","GEMKA","PBN","2"
"LDZD",349.2,"Arrivals and Departures","GEMKA","PBN","2"
"LDPL",1482.7,"Arrivals and Departures","GIRDA","Current","1"
"LDZD",833.69998,"Arrivals and Departures","GIRDA","Current","1"
"LDPL",1473.7,"Arrivals and Departures","GIRDA","PBN","1"
"LDZD",882.30002,"Arrivals and Departures","GIRDA","PBN","1"
"LDPL",1482.7,"Arrivals and Departures","GIRDA","Current","2"
"LDZD",833.69998,"Arrivals and Departures","GIRDA","Current","2"
"LDPL",1473.7,"Arrivals and Departures","GIRDA","PBN","2"
"LDZD",882.30002,"Arrivals and Departures","GIRDA","PBN","2"
"LDDU",3394.79992,"Arrivals and Departures","KATTI","Current","1"
"LDDU",3503.10005,"Arrivals and Departures","KATTI","PBN","1"
"LDDU",3394.79992,"Arrivals and Departures","KATTI","Current","2"
"LDDU",3503.10005,"Arrivals and Departures","KATTI","PBN","2"
"LDDU",538,"Arrivals and Departures","KOPRY","Current","1"
"LDPL",824.49999,"Arrivals and Departures","KOPRY","Current","1"
"LDRI",165.3,"Arrivals and Departures","KOPRY","Current","1"
"LDSB",214.5,"Arrivals and Departures","KOPRY","Current","1"
"LDSP",4688.5999,"Arrivals and Departures","KOPRY","Current","1"
"LDZA",829.2,"Arrivals and Departures","KOPRY","Current","1"
"LDZD",388,"Arrivals and Departures","KOPRY","Current","1"
"LDDU",568.20001,"Arrivals and Departures","KOPRY","PBN","1"
"LDPL",866.8,"Arrivals and Departures","KOPRY","PBN","1"
"LDRI",162.2,"Arrivals and Departures","KOPRY","PBN","1"
"LDSB",214.5,"Arrivals and Departures","KOPRY","PBN","1"
"LDSP",4877.89996,"Arrivals and Departures","KOPRY","PBN","1"
"LDZA",829.29999,"Arrivals and Departures","KOPRY","PBN","1"
"LDZD",393.79998,"Arrivals and Departures","KOPRY","PBN","1"
"LDDU",538,"Arrivals and Departures","KOPRY","Current","2"
"LDPL",824.49999,"Arrivals and Departures","KOPRY","Current","2"
"LDRI",165.3,"Arrivals and Departures","KOPRY","Current","2"
"LDSB",214.5,"Arrivals and Departures","KOPRY","Current","2"
"LDSP",4688.5999,"Arrivals and Departures","KOPRY","Current","2"
"LDZA",829.2,"Arrivals and Departures","KOPRY","Current","2"
"LDZD",388,"Arrivals and Departures","KOPRY","Current","2"
"LDDU",568.20001,"Arrivals and Departures","KOPRY","PBN","2"
"LDPL",866.8,"Arrivals and Departures","KOPRY","PBN","2"
"LDRI",162.2,"Arrivals and Departures","KOPRY","PBN","2"
"LDSB",214.5,"Arrivals and Departures","KOPRY","PBN","2"
"LDSP",4877.89996,"Arrivals and Departures","KOPRY","PBN","2"
"LDZA",829.29999,"Arrivals and Departures","KOPRY","PBN","2"
"LDZD",393.79998,"Arrivals and Departures","KOPRY","PBN","2"
"LDDU",3299.90005,"Arrivals and Departures","LABIN","Current","1"
"LDRI",258.6,"Arrivals and Departures","LABIN","Current","1"
"LDSB",255.39999,"Arrivals and Departures","LABIN","Current","1"
"LDSP",2487.30004,"Arrivals and Departures","LABIN","Current","1"
"LDZA",573.9,"Arrivals and Departures","LABIN","Current","1"
"LDZD",831.5,"Arrivals and Departures","LABIN","Current","1"
"LDDU",3298.30002,"Arrivals and Departures","LABIN","PBN","1"
"LDRI",246.5,"Arrivals and Departures","LABIN","PBN","1"
"LDSB",255.39999,"Arrivals and Departures","LABIN","PBN","1"
"LDSP",2601.79995,"Arrivals and Departures","LABIN","PBN","1"
"LDZA",573.9,"Arrivals and Departures","LABIN","PBN","1"
"LDZD",851.80003,"Arrivals and Departures","LABIN","PBN","1"
"LDDU",3299.90005,"Arrivals and Departures","LABIN","Current","2"
"LDRI",258.6,"Arrivals and Departures","LABIN","Current","2"
"LDSB",255.39999,"Arrivals and Departures","LABIN","Current","2"
"LDSP",2487.30004,"Arrivals and Departures","LABIN","Current","2"
"LDZA",573.9,"Arrivals and Departures","LABIN","Current","2"
"LDZD",831.5,"Arrivals and Departures","LABIN","Current","2"
"LDDU",3298.30002,"Arrivals and Departures","LABIN","PBN","2"
"LDRI",246.5,"Arrivals and Departures","LABIN","PBN","2"
"LDSB",255.39999,"Arrivals and Departures","LABIN","PBN","2"
"LDSP",2601.79995,"Arrivals and Departures","LABIN","PBN","2"
"LDZA",573.9,"Arrivals and Departures","LABIN","PBN","2"
"LDZD",851.80003,"Arrivals and Departures","LABIN","PBN","2"
"LDZA",315.79998,"Arrivals and Departures","LAKIK","Current","1"
"LDZA",313.79998,"Arrivals and Departures","LAKIK","PBN","1"
"LDZA",315.79998,"Arrivals and Departures","LAKIK","Current","2"
"LDZA",313.79998,"Arrivals and Departures","LAKIK","PBN","2"
"LDSP",107.5,"Arrivals and Departures","LDDU","Current","1"
"LDZA",2092.39999,"Arrivals and Departures","LDDU","Current","1"
"LDZD",161.8,"Arrivals and Departures","LDDU","Current","1"
"LDSP",123.9,"Arrivals and Departures","LDDU","PBN","1"
"LDZA",2143.99996,"Arrivals and Departures","LDDU","PBN","1"
"LDZD",169.2,"Arrivals and Departures","LDDU","PBN","1"
"LDSP",107.5,"Arrivals and Departures","LDDU","Current","2"
"LDZA",2092.39999,"Arrivals and Departures","LDDU","Current","2"
"LDZD",161.8,"Arrivals and Departures","LDDU","Current","2"
"LDSP",123.9,"Arrivals and Departures","LDDU","PBN","2"
"LDZA",2143.99996,"Arrivals and Departures","LDDU","PBN","2"
"LDZD",169.2,"Arrivals and Departures","LDDU","PBN","2"
"LDZA",216.3,"Arrivals and Departures","LDLO","Current","1"
"LDZA",216.2,"Arrivals and Departures","LDLO","PBN","1"
"LDZA",216.3,"Arrivals and Departures","LDLO","Current","2"
"LDZA",216.2,"Arrivals and Departures","LDLO","PBN","2"
"LDPL",457.19999,"Arrivals and Departures","LDOS","Current","1"
"LDSP",385.5,"Arrivals and Departures","LDOS","Current","1"
"LDZA",515.79998,"Arrivals and Departures","LDOS","Current","1"
"LDPL",467.5,"Arrivals and Departures","LDOS","PBN","1"
"LDSP",394.9,"Arrivals and Departures","LDOS","PBN","1"
"LDZA",518.89999,"Arrivals and Departures","LDOS","PBN","1"
"LDPL",457.19999,"Arrivals and Departures","LDOS","Current","2"
"LDSP",385.5,"Arrivals and Departures","LDOS","Current","2"
"LDZA",515.79998,"Arrivals and Departures","LDOS","Current","2"
"LDPL",467.5,"Arrivals and Departures","LDOS","PBN","2"
"LDSP",394.9,"Arrivals and Departures","LDOS","PBN","2"
"LDZA",518.89999,"Arrivals and Departures","LDOS","PBN","2"
"LDOS",457.19999,"Arrivals and Departures","LDPL","Current","1"
"LDSP",306.7,"Arrivals and Departures","LDPL","Current","1"
"LDZD",171,"Arrivals and Departures","LDPL","Current","1"
"LDOS",467.5,"Arrivals and Departures","LDPL","PBN","1"
"LDSP",326.9,"Arrivals and Departures","LDPL","PBN","1"
"LDZD",181.8,"Arrivals and Departures","LDPL","PBN","1"
"LDOS",457.19999,"Arrivals and Departures","LDPL","Current","2"
"LDSP",306.7,"Arrivals and Departures","LDPL","Current","2"
"LDZD",171,"Arrivals and Departures","LDPL","Current","2"
"LDOS",467.5,"Arrivals and Departures","LDPL","PBN","2"
"LDSP",326.9,"Arrivals and Departures","LDPL","PBN","2"
"LDZD",181.8,"Arrivals and Departures","LDPL","PBN","2"
"LDZA",320.6,"Arrivals and Departures","LDSB","Current","1"
"LDZD",178.4,"Arrivals and Departures","LDSB","Current","1"
"LDZA",331.7,"Arrivals and Departures","LDSB","PBN","1"
"LDZD",197.4,"Arrivals and Departures","LDSB","PBN","1"
"LDZA",320.6,"Arrivals and Departures","LDSB","Current","2"
"LDZD",178.4,"Arrivals and Departures","LDSB","Current","2"
"LDZA",331.7,"Arrivals and Departures","LDSB","PBN","2"
"LDZD",197.4,"Arrivals and Departures","LDSB","PBN","2"
"LDDU",107.5,"Arrivals and Departures","LDSP","Current","1"
"LDOS",385.5,"Arrivals and Departures","LDSP","Current","1"
"LDPL",306.7,"Arrivals and Departures","LDSP","Current","1"
"LDZA",1434.09997,"Arrivals and Departures","LDSP","Current","1"
"LDDU",123.9,"Arrivals and Departures","LDSP","PBN","1"
"LDOS",394.9,"Arrivals and Departures","LDSP","PBN","1"
"LDPL",326.9,"Arrivals and Departures","LDSP","PBN","1"
"LDZA",1516.40001,"Arrivals and Departures","LDSP","PBN","1"
"LDDU",107.5,"Arrivals and Departures","LDSP","Current","2"
"LDOS",385.5,"Arrivals and Departures","LDSP","Current","2"
"LDPL",306.7,"Arrivals and Departures","LDSP","Current","2"
"LDZA",1434.09997,"Arrivals and Departures","LDSP","Current","2"
"LDDU",123.9,"Arrivals and Departures","LDSP","PBN","2"
"LDOS",394.9,"Arrivals and Departures","LDSP","PBN","2"
"LDPL",326.9,"Arrivals and Departures","LDSP","PBN","2"
"LDZA",1516.40001,"Arrivals and Departures","LDSP","PBN","2"
"LDDU",2092.39999,"Arrivals and Departures","LDZA","Current","1"
"LDLO",216.3,"Arrivals and Departures","LDZA","Current","1"
"LDOS",515.79998,"Arrivals and Departures","LDZA","Current","1"
"LDSB",320.6,"Arrivals and Departures","LDZA","Current","1"
"LDSP",1434.09997,"Arrivals and Departures","LDZA","Current","1"
"LDZD",965.5,"Arrivals and Departures","LDZA","Current","1"
"LDDU",2143.99996,"Arrivals and Departures","LDZA","PBN","1"
"LDLO",216.2,"Arrivals and Departures","LDZA","PBN","1"
"LDOS",518.89999,"Arrivals and Departures","LDZA","PBN","1"
"LDSB",331.7,"Arrivals and Departures","LDZA","PBN","1"
"LDSP",1516.40001,"Arrivals and Departures","LDZA","PBN","1"
"LDZD",981.7,"Arrivals and Departures","LDZA","PBN","1"
"LDDU",2092.39999,"Arrivals and Departures","LDZA","Current","2"
"LDLO",216.3,"Arrivals and Departures","LDZA","Current","2"
"LDOS",515.79998,"Arrivals and Departures","LDZA","Current","2"
"LDSB",320.6,"Arrivals and Departures","LDZA","Current","2"
"LDSP",1434.09997,"Arrivals and Departures","LDZA","Current","2"
"LDZD",965.5,"Arrivals and Departures","LDZA","Current","2"
"LDDU",2143.99996,"Arrivals and Departures","LDZA","PBN","2"
"LDLO",216.2,"Arrivals and Departures","LDZA","PBN","2"
"LDOS",518.89999,"Arrivals and Departures","LDZA","PBN","2"
"LDSB",331.7,"Arrivals and Departures","LDZA","PBN","2"
"LDSP",1516.40001,"Arrivals and Departures","LDZA","PBN","2"
"LDZD",981.7,"Arrivals and Departures","LDZA","PBN","2"
"LDDU",161.8,"Arrivals and Departures","LDZD","Current","1"
"LDPL",171,"Arrivals and Departures","LDZD","Current","1"
"LDSB",178.4,"Arrivals and Departures","LDZD","Current","1"
"LDZA",965.5,"Arrivals and Departures","LDZD","Current","1"
"LDDU",169.2,"Arrivals and Departures","LDZD","PBN","1"
"LDPL",181.8,"Arrivals and Departures","LDZD","PBN","1"
"LDSB",197.4,"Arrivals and Departures","LDZD","PBN","1"
"LDZA",981.7,"Arrivals and Departures","LDZD","PBN","1"
"LDDU",161.8,"Arrivals and Departures","LDZD","Current","2"
"LDPL",171,"Arrivals and Departures","LDZD","Current","2"
"LDSB",178.4,"Arrivals and Departures","LDZD","Current","2"
"LDZA",965.5,"Arrivals and Departures","LDZD","Current","2"
"LDDU",169.2,"Arrivals and Departures","LDZD","PBN","2"
"LDPL",181.8,"Arrivals and Departures","LDZD","PBN","2"
"LDSB",197.4,"Arrivals and Departures","LDZD","PBN","2"
"LDZA",981.7,"Arrivals and Departures","LDZD","PBN","2"
"LDSB",216.7,"Arrivals and Departures","LJLJ","Current","1"
"LDSB",216.7,"Arrivals and Departures","LJLJ","PBN","1"
"LDSB",216.7,"Arrivals and Departures","LJLJ","Current","2"
"LDSB",216.7,"Arrivals and Departures","LJLJ","PBN","2"
"LDSB",489.60001,"Arrivals and Departures","LOWG","Current","1"
"LDZA",199.5,"Arrivals and Departures","LOWG","Current","1"
"LDSB",489.60001,"Arrivals and Departures","LOWG","PBN","1"
"LDZA",201.8,"Arrivals and Departures","LOWG","PBN","1"
"LDSB",489.60001,"Arrivals and Departures","LOWG","Current","2"
"LDZA",199.5,"Arrivals and Departures","LOWG","Current","2"
"LDSB",489.60001,"Arrivals and Departures","LOWG","PBN","2"
"LDZA",201.8,"Arrivals and Departures","LOWG","PBN","2"
"LDZA",327.5,"Arrivals and Departures","LQSA","Current","1"
"LDZA",320.30001,"Arrivals and Departures","LQSA","PBN","1"
"LDZA",327.5,"Arrivals and Departures","LQSA","Current","2"
"LDZA",320.30001,"Arrivals and Departures","LQSA","PBN","2"
"LDDU",137.9,"Arrivals and Departures","LYPG","Current","1"
"LDDU",139.8,"Arrivals and Departures","LYPG","PBN","1"
"LDDU",137.9,"Arrivals and Departures","LYPG","Current","2"
"LDDU",139.8,"Arrivals and Departures","LYPG","PBN","2"
"LDDU",28.5,"Arrivals and Departures","LYTV","Current","1"
"LDDU",30.5,"Arrivals and Departures","LYTV","PBN","1"
"LDDU",28.5,"Arrivals and Departures","LYTV","Current","2"
"LDDU",30.5,"Arrivals and Departures","LYTV","PBN","2"
"LDZA",232.89999,"Arrivals and Departures","MITNO","Current","1"
"LDZA",234.5,"Arrivals and Departures","MITNO","PBN","1"
"LDZA",232.89999,"Arrivals and Departures","MITNO","Current","2"
"LDZA",234.5,"Arrivals and Departures","MITNO","PBN","2"
"LDDU",1744.9,"Arrivals and Departures","MOKUN","Current","1"
"LDDU",1789.3,"Arrivals and Departures","MOKUN","PBN","1"
"LDDU",1744.9,"Arrivals and Departures","MOKUN","Current","2"
"LDDU",1789.3,"Arrivals and Departures","MOKUN","PBN","2"
"LDSP",412.59999,"Arrivals and Departures","NEMEK","Current","1"
"LDSP",420.6,"Arrivals and Departures","NEMEK","PBN","1"
"LDSP",412.59999,"Arrivals and Departures","NEMEK","Current","2"
"LDSP",420.6,"Arrivals and Departures","NEMEK","PBN","2"
"LDDU",286.10001,"Arrivals and Departures","NIKOL","Current","1"
"LDZD",146,"Arrivals and Departures","NIKOL","Current","1"
"LDDU",286.10001,"Arrivals and Departures","NIKOL","PBN","1"
"LDZD",145.60001,"Arrivals and Departures","NIKOL","PBN","1"
"LDDU",286.10001,"Arrivals and Departures","NIKOL","Current","2"
"LDZD",146,"Arrivals and Departures","NIKOL","Current","2"
"LDDU",286.10001,"Arrivals and Departures","NIKOL","PBN","2"
"LDZD",145.60001,"Arrivals and Departures","NIKOL","PBN","2"
"LDZA",241.60001,"Arrivals and Departures","NILKU","Current","1"
"LDZA",241.39999,"Arrivals and Departures","NILKU","PBN","1"
"LDZA",241.60001,"Arrivals and Departures","NILKU","Current","2"
"LDZA",241.39999,"Arrivals and Departures","NILKU","PBN","2"
"LDDU",2899.20004,"Arrivals and Departures","OBUTI","Current","1"
"LDSB",235.7,"Arrivals and Departures","OBUTI","Current","1"
"LDSP",923.7,"Arrivals and Departures","OBUTI","Current","1"
"LDZA",1218,"Arrivals and Departures","OBUTI","Current","1"
"LDDU",2869.80002,"Arrivals and Departures","OBUTI","PBN","1"
"LDSB",235.7,"Arrivals and Departures","OBUTI","PBN","1"
"LDSP",923.60003,"Arrivals and Departures","OBUTI","PBN","1"
"LDZA",1230.4,"Arrivals and Departures","OBUTI","PBN","1"
"LDDU",2899.20004,"Arrivals and Departures","OBUTI","Current","2"
"LDSB",235.7,"Arrivals and Departures","OBUTI","Current","2"
"LDSP",923.7,"Arrivals and Departures","OBUTI","Current","2"
"LDZA",1218,"Arrivals and Departures","OBUTI","Current","2"
"LDDU",2869.80002,"Arrivals and Departures","OBUTI","PBN","2"
"LDSB",235.7,"Arrivals and Departures","OBUTI","PBN","2"
"LDSP",923.60003,"Arrivals and Departures","OBUTI","PBN","2"
"LDZA",1230.4,"Arrivals and Departures","OBUTI","PBN","2"
"LDZA",717.59999,"Arrivals and Departures","OSLUD","Current","1"
"LDZA",721.89999,"Arrivals and Departures","OSLUD","PBN","1"
"LDZA",717.59999,"Arrivals and Departures","OSLUD","Current","2"
"LDZA",721.89999,"Arrivals and Departures","OSLUD","PBN","2"
"LDZA",949.19997,"Arrivals and Departures","OUTSIDE.FIR.E","Current","1"
"LDZA",979.59996,"Arrivals and Departures","OUTSIDE.FIR.E","PBN","1"
"LDZA",949.19997,"Arrivals and Departures","OUTSIDE.FIR.E","Current","2"
"LDZA",979.59996,"Arrivals and Departures","OUTSIDE.FIR.E","PBN","2"
"LDZD",252.9,"Arrivals and Departures","OUTSIDE.FIR.N","Current","1"
"LDZD",256.00001,"Arrivals and Departures","OUTSIDE.FIR.N","PBN","1"
"LDZD",252.9,"Arrivals and Departures","OUTSIDE.FIR.N","Current","2"
"LDZD",256.00001,"Arrivals and Departures","OUTSIDE.FIR.N","PBN","2"
"LDPL",1659.29993,"Arrivals and Departures","OUTSIDE.FIR.NE","Current","1"
"LDSP",484.6,"Arrivals and Departures","OUTSIDE.FIR.NE","Current","1"
"LDZD",602.30003,"Arrivals and Departures","OUTSIDE.FIR.NE","Current","1"
"LDPL",1714.09999,"Arrivals and Departures","OUTSIDE.FIR.NE","PBN","1"
"LDSP",500.20002,"Arrivals and Departures","OUTSIDE.FIR.NE","PBN","1"
"LDZD",606.89999,"Arrivals and Departures","OUTSIDE.FIR.NE","PBN","1"
"LDPL",1659.29993,"Arrivals and Departures","OUTSIDE.FIR.NE","Current","2"
"LDSP",484.6,"Arrivals and Departures","OUTSIDE.FIR.NE","Current","2"
"LDZD",602.30003,"Arrivals and Departures","OUTSIDE.FIR.NE","Current","2"
"LDPL",1714.09999,"Arrivals and Departures","OUTSIDE.FIR.NE","PBN","2"
"LDSP",500.20002,"Arrivals and Departures","OUTSIDE.FIR.NE","PBN","2"
"LDZD",606.89999,"Arrivals and Departures","OUTSIDE.FIR.NE","PBN","2"
"LDDU",701.20002,"Arrivals and Departures","OUTSIDE.FIR.NW","Current","1"
"LDPL",1206.50005,"Arrivals and Departures","OUTSIDE.FIR.NW","Current","1"
"LDSP",2311.50004,"Arrivals and Departures","OUTSIDE.FIR.NW","Current","1"
"LDZD",382.1,"Arrivals and Departures","OUTSIDE.FIR.NW","Current","1"
"LDDU",703.4,"Arrivals and Departures","OUTSIDE.FIR.NW","PBN","1"
"LDPL",1343.20006,"Arrivals and Departures","OUTSIDE.FIR.NW","PBN","1"
"LDSP",2355.60006,"Arrivals and Departures","OUTSIDE.FIR.NW","PBN","1"
"LDZD",389.19999,"Arrivals and Departures","OUTSIDE.FIR.NW","PBN","1"
"LDDU",701.20002,"Arrivals and Departures","OUTSIDE.FIR.NW","Current","2"
"LDPL",1206.50005,"Arrivals and Departures","OUTSIDE.FIR.NW","Current","2"
"LDSP",2311.50004,"Arrivals and Departures","OUTSIDE.FIR.NW","Current","2"
"LDZD",382.1,"Arrivals and Departures","OUTSIDE.FIR.NW","Current","2"
"LDDU",703.4,"Arrivals and Departures","OUTSIDE.FIR.NW","PBN","2"
"LDPL",1343.20006,"Arrivals and Departures","OUTSIDE.FIR.NW","PBN","2"
"LDSP",2355.60006,"Arrivals and Departures","OUTSIDE.FIR.NW","PBN","2"
"LDZD",389.19999,"Arrivals and Departures","OUTSIDE.FIR.NW","PBN","2"
"LDZA",525.20001,"Arrivals and Departures","PERAN","Current","1"
"LDZA",530.40002,"Arrivals and Departures","PERAN","PBN","1"
"LDZA",525.20001,"Arrivals and Departures","PERAN","Current","2"
"LDZA",530.40002,"Arrivals and Departures","PERAN","PBN","2"
"LDZA",371.90001,"Arrivals and Departures","PEROT","Current","1"
"LDZA",374.90001,"Arrivals and Departures","PEROT","PBN","1"
"LDZA",371.90001,"Arrivals and Departures","PEROT","Current","2"
"LDZA",374.90001,"Arrivals and Departures","PEROT","PBN","2"
"LDSP",171.3,"Arrivals and Departures","PETAK","Current","1"
"LDZD",238,"Arrivals and Departures","PETAK","Current","1"
"LDSP",189.60001,"Arrivals and Departures","PETAK","PBN","1"
"LDZD",247.89999,"Arrivals and Departures","PETAK","PBN","1"
"LDSP",171.3,"Arrivals and Departures","PETAK","Current","2"
"LDZD",238,"Arrivals and Departures","PETAK","Current","2"
"LDSP",189.60001,"Arrivals and Departures","PETAK","PBN","2"
"LDZD",247.89999,"Arrivals and Departures","PETAK","PBN","2"
"LDDU",2201.89994,"Arrivals and Departures","PETOV","Current","1"
"LDPL",200.8,"Arrivals and Departures","PETOV","Current","1"
"LDSB",234.3,"Arrivals and Departures","PETOV","Current","1"
"LDSP",4763.20003,"Arrivals and Departures","PETOV","Current","1"
"LDZA",495,"Arrivals and Departures","PETOV","Current","1"
"LDDU",2211.89994,"Arrivals and Departures","PETOV","PBN","1"
"LDPL",211.7,"Arrivals and Departures","PETOV","PBN","1"
"LDSB",234.3,"Arrivals and Departures","PETOV","PBN","1"
"LDSP",4755.69989,"Arrivals and Departures","PETOV","PBN","1"
"LDZA",520.4,"Arrivals and Departures","PETOV","PBN","1"
"LDDU",2201.89994,"Arrivals and Departures","PETOV","Current","2"
"LDPL",200.8,"Arrivals and Departures","PETOV","Current","2"
"LDSB",234.3,"Arrivals and Departures","PETOV","Current","2"
"LDSP",4763.20003,"Arrivals and Departures","PETOV","Current","2"
"LDZA",495,"Arrivals and Departures","PETOV","Current","2"
"LDDU",2211.89994,"Arrivals and Departures","PETOV","PBN","2"
"LDPL",211.7,"Arrivals and Departures","PETOV","PBN","2"
"LDSB",234.3,"Arrivals and Departures","PETOV","PBN","2"
"LDSP",4755.69989,"Arrivals and Departures","PETOV","PBN","2"
"LDZA",520.4,"Arrivals and Departures","PETOV","PBN","2"
"LDDU",5701.19989,"Arrivals and Departures","PEVAL","Current","1"
"LDPL",1764.3,"Arrivals and Departures","PEVAL","Current","1"
"LDSB",1804.99997,"Arrivals and Departures","PEVAL","Current","1"
"LDSP",5052.39996,"Arrivals and Departures","PEVAL","Current","1"
"LDZD",1006.4,"Arrivals and Departures","PEVAL","Current","1"
"LDDU",5728.1999,"Arrivals and Departures","PEVAL","PBN","1"
"LDPL",1761.8,"Arrivals and Departures","PEVAL","PBN","1"
"LDSB",1804.99997,"Arrivals and Departures","PEVAL","PBN","1"
"LDSP",5147.29999,"Arrivals and Departures","PEVAL","PBN","1"
"LDZD",1021.80004,"Arrivals and Departures","PEVAL","PBN","1"
"LDDU",5701.19989,"Arrivals and Departures","PEVAL","Current","2"
"LDPL",1764.3,"Arrivals and Departures","PEVAL","Current","2"
"LDSB",1804.99997,"Arrivals and Departures","PEVAL","Current","2"
"LDSP",5052.39996,"Arrivals and Departures","PEVAL","Current","2"
"LDZD",1006.4,"Arrivals and Departures","PEVAL","Current","2"
"LDDU",5728.1999,"Arrivals and Departures","PEVAL","PBN","2"
"LDPL",1761.8,"Arrivals and Departures","PEVAL","PBN","2"
"LDSB",1804.99997,"Arrivals and Departures","PEVAL","PBN","2"
"LDSP",5147.29999,"Arrivals and Departures","PEVAL","PBN","2"
"LDZD",1021.80004,"Arrivals and Departures","PEVAL","PBN","2"
"LDZD",2032.29999,"Arrivals and Departures","PEVAL.1","Current","1"
"LDZD",2042.10003,"Arrivals and Departures","PEVAL.1","PBN","1"
"LDZD",2032.29999,"Arrivals and Departures","PEVAL.1","Current","2"
"LDZD",2042.10003,"Arrivals and Departures","PEVAL.1","PBN","2"
"LDZA",1486.6,"Arrivals and Departures","PODET","Current","1"
"LDZA",1499.8,"Arrivals and Departures","PODET","PBN","1"
"LDZA",1486.6,"Arrivals and Departures","PODET","Current","2"
"LDZA",1499.8,"Arrivals and Departures","PODET","PBN","2"
"LDZA",237.2,"Arrivals and Departures","PODOB","Current","1"
"LDZA",235,"Arrivals and Departures","PODOB","PBN","1"
"LDZA",237.2,"Arrivals and Departures","PODOB","Current","2"
"LDZA",235,"Arrivals and Departures","PODOB","PBN","2"
"LDSB",159.10001,"Arrivals and Departures","RODON","Current","1"
"LDSP",210.10001,"Arrivals and Departures","RODON","Current","1"
"LDSB",159.10001,"Arrivals and Departures","RODON","PBN","1"
"LDSP",229.10001,"Arrivals and Departures","RODON","PBN","1"
"LDSB",159.10001,"Arrivals and Departures","RODON","Current","2"
"LDSP",210.10001,"Arrivals and Departures","RODON","Current","2"
"LDSB",159.10001,"Arrivals and Departures","RODON","PBN","2"
"LDSP",229.10001,"Arrivals and Departures","RODON","PBN","2"
"LDDU",4197.10002,"Arrivals and Departures","ROTAR","Current","1"
"LDPL",1443.4,"Arrivals and Departures","ROTAR","Current","1"
"LDSB",524.60001,"Arrivals and Departures","ROTAR","Current","1"
"LDSP",1988.59999,"Arrivals and Departures","ROTAR","Current","1"
"LDZA",625.7,"Arrivals and Departures","ROTAR","Current","1"
"LDDU",4243.79998,"Arrivals and Departures","ROTAR","PBN","1"
"LDPL",1443.4,"Arrivals and Departures","ROTAR","PBN","1"
"LDSB",524.60001,"Arrivals and Departures","ROTAR","PBN","1"
"LDSP",2029.20002,"Arrivals and Departures","ROTAR","PBN","1"
"LDZA",625.40002,"Arrivals and Departures","ROTAR","PBN","1"
"LDDU",4197.10002,"Arrivals and Departures","ROTAR","Current","2"
"LDPL",1443.4,"Arrivals and Departures","ROTAR","Current","2"
"LDSB",524.60001,"Arrivals and Departures","ROTAR","Current","2"
"LDSP",1988.59999,"Arrivals and Departures","ROTAR","Current","2"
"LDZA",625.7,"Arrivals and Departures","ROTAR","Current","2"
"LDDU",4243.79998,"Arrivals and Departures","ROTAR","PBN","2"
"LDPL",1443.4,"Arrivals and Departures","ROTAR","PBN","2"
"LDSB",524.60001,"Arrivals and Departures","ROTAR","PBN","2"
"LDSP",2029.20002,"Arrivals and Departures","ROTAR","PBN","2"
"LDZA",625.40002,"Arrivals and Departures","ROTAR","PBN","2"
"LDDU",3417.59994,"Arrivals and Departures","SABAD","Current","1"
"LDSB",221.7,"Arrivals and Departures","SABAD","Current","1"
"LDSP",4976.60006,"Arrivals and Departures","SABAD","Current","1"
"LDZD",154.2,"Arrivals and Departures","SABAD","Current","1"
"LDDU",3437.19992,"Arrivals and Departures","SABAD","PBN","1"
"LDSB",221.7,"Arrivals and Departures","SABAD","PBN","1"
"LDSP",5083.50001,"Arrivals and Departures","SABAD","PBN","1"
"LDZD",154.89999,"Arrivals and Departures","SABAD","PBN","1"
"LDDU",3417.59994,"Arrivals and Departures","SABAD","Current","2"
"LDSB",221.7,"Arrivals and Departures","SABAD","Current","2"
"LDSP",4976.60006,"Arrivals and Departures","SABAD","Current","2"
"LDZD",154.2,"Arrivals and Departures","SABAD","Current","2"
"LDDU",3437.19992,"Arrivals and Departures","SABAD","PBN","2"
"LDSB",221.7,"Arrivals and Departures","SABAD","PBN","2"
"LDSP",5083.50001,"Arrivals and Departures","SABAD","PBN","2"
"LDZD",154.89999,"Arrivals and Departures","SABAD","PBN","2"
"LDPL",275.79999,"Arrivals and Departures","SOMUN","Current","1"
"LDSP",192.2,"Arrivals and Departures","SOMUN","Current","1"
"LDPL",275.79999,"Arrivals and Departures","SOMUN","PBN","1"
"LDSP",204.5,"Arrivals and Departures","SOMUN","PBN","1"
"LDPL",275.79999,"Arrivals and Departures","SOMUN","Current","2"
"LDSP",192.2,"Arrivals and Departures","SOMUN","Current","2"
"LDPL",275.79999,"Arrivals and Departures","SOMUN","PBN","2"
"LDSP",204.5,"Arrivals and Departures","SOMUN","PBN","2"
"LDDU",1513.39995,"Arrivals and Departures","TORPO","Current","1"
"LDSB",713.80001,"Arrivals and Departures","TORPO","Current","1"
"LDSP",1097.99995,"Arrivals and Departures","TORPO","Current","1"
"LDZD",491.20001,"Arrivals and Departures","TORPO","Current","1"
"LDDU",1533,"Arrivals and Departures","TORPO","PBN","1"
"LDSB",713.80001,"Arrivals and Departures","TORPO","PBN","1"
"LDSP",1127.5,"Arrivals and Departures","TORPO","PBN","1"
"LDZD",524,"Arrivals and Departures","TORPO","PBN","1"
"LDDU",1513.39995,"Arrivals and Departures","TORPO","Current","2"
"LDSB",713.80001,"Arrivals and Departures","TORPO","Current","2"
"LDSP",1097.99995,"Arrivals and Departures","TORPO","Current","2"
"LDZD",491.20001,"Arrivals and Departures","TORPO","Current","2"
"LDDU",1533,"Arrivals and Departures","TORPO","PBN","2"
"LDSB",713.80001,"Arrivals and Departures","TORPO","PBN","2"
"LDSP",1127.5,"Arrivals and Departures","TORPO","PBN","2"
"LDZD",524,"Arrivals and Departures","TORPO","PBN","2"
"LDZA",1131.19999,"Arrivals and Departures","TUVAR","Current","1"
"LDZA",1148.69997,"Arrivals and Departures","TUVAR","PBN","1"
"LDZA",1131.19999,"Arrivals and Departures","TUVAR","Current","2"
"LDZA",1148.69997,"Arrivals and Departures","TUVAR","PBN","2"
"LDZA",319.79999,"Arrivals and Departures","VAKSU","Current","1"
"LDZA",326.10001,"Arrivals and Departures","VAKSU","PBN","1"
"LDZA",319.79999,"Arrivals and Departures","VAKSU","Current","2"
"LDZA",326.10001,"Arrivals and Departures","VAKSU","PBN","2"
"LDDU",426.20002,"Arrivals and Departures","VAPUP","Current","1"
"LDSP",260.80001,"Arrivals and Departures","VAPUP","Current","1"
"LDDU",438.30001,"Arrivals and Departures","VAPUP","PBN","1"
"LDSP",262.89999,"Arrivals and Departures","VAPUP","PBN","1"
"LDDU",426.20002,"Arrivals and Departures","VAPUP","Current","2"
"LDSP",260.80001,"Arrivals and Departures","VAPUP","Current","2"
"LDDU",438.30001,"Arrivals and Departures","VAPUP","PBN","2"
"LDSP",262.89999,"Arrivals and Departures","VAPUP","PBN","2"
"LDDU",577.89999,"Arrivals and Departures","VEBAL","Current","1"
"LDSB",206.60001,"Arrivals and Departures","VEBAL","Current","1"
"LDSP",3092.70002,"Arrivals and Departures","VEBAL","Current","1"
"LDDU",578,"Arrivals and Departures","VEBAL","PBN","1"
"LDSB",202.8,"Arrivals and Departures","VEBAL","PBN","1"
"LDSP",3096.69998,"Arrivals and Departures","VEBAL","PBN","1"
"LDDU",577.89999,"Arrivals and Departures","VEBAL","Current","2"
"LDSB",206.60001,"Arrivals and Departures","VEBAL","Current","2"
"LDSP",3092.70002,"Arrivals and Departures","VEBAL","Current","2"
"LDDU",578,"Arrivals and Departures","VEBAL","PBN","2"
"LDSB",202.8,"Arrivals and Departures","VEBAL","PBN","2"
"LDSP",3096.69998,"Arrivals and Departures","VEBAL","PBN","2"
"LDDU",182.7,"Arrivals and Departures","VEBAR","Current","1"
"LDPL",321.70001,"Arrivals and Departures","VEBAR","Current","1"
"LDSP",219.2,"Arrivals and Departures","VEBAR","Current","1"
"LDDU",187.10001,"Arrivals and Departures","VEBAR","PBN","1"
"LDPL",321.89999,"Arrivals and Departures","VEBAR","PBN","1"
"LDSP",240,"Arrivals and Departures","VEBAR","PBN","1"
"LDDU",182.7,"Arrivals and Departures","VEBAR","Current","2"
"LDPL",321.70001,"Arrivals and Departures","VEBAR","Current","2"
"LDSP",219.2,"Arrivals and Departures","VEBAR","Current","2"
"LDDU",187.10001,"Arrivals and Departures","VEBAR","PBN","2"
"LDPL",321.89999,"Arrivals and Departures","VEBAR","PBN","2"
"LDSP",240,"Arrivals and Departures","VEBAR","PBN","2"
"LDDU",610.30001,"Arrivals and Departures","VELUG","Current","1"
"LDSP",517.80001,"Arrivals and Departures","VELUG","Current","1"
"LDDU",622.29999,"Arrivals and Departures","VELUG","PBN","1"
"LDSP",516.49999,"Arrivals and Departures","VELUG","PBN","1"
"LDDU",610.30001,"Arrivals and Departures","VELUG","Current","2"
"LDSP",517.80001,"Arrivals and Departures","VELUG","Current","2"
"LDDU",622.29999,"Arrivals and Departures","VELUG","PBN","2"
"LDSP",516.49999,"Arrivals and Departures","VELUG","PBN","2"
"LDDU",472.5,"Arrivals and Departures","XAMIT","Current","1"
"LDZD",255,"Arrivals and Departures","XAMIT","Current","1"
"LDDU",488.69999,"Arrivals and Departures","XAMIT","PBN","1"
"LDZD",260.5,"Arrivals and Departures","XAMIT","PBN","1"
"LDDU",472.5,"Arrivals and Departures","XAMIT","Current","2"
"LDZD",255,"Arrivals and Departures","XAMIT","Current","2"
"LDDU",488.69999,"Arrivals and Departures","XAMIT","PBN","2"
"LDZD",260.5,"Arrivals and Departures","XAMIT","PBN","2"
"LDDU",190.3,"Arrivals and Departures","XOLTA","Current","1"
"LDZA",252,"Arrivals and Departures","XOLTA","Current","1"
"LDDU",196.2,"Arrivals and Departures","XOLTA","PBN","1"
"LDZA",251.89999,"Arrivals and Departures","XOLTA","PBN","1"
"LDDU",190.3,"Arrivals and Departures","XOLTA","Current","2"
"LDZA",252,"Arrivals and Departures","XOLTA","Current","2"
"LDDU",196.2,"Arrivals and Departures","XOLTA","PBN","2"
"LDZA",251.89999,"Arrivals and Departures","XOLTA","PBN","2"
"LDDU",20630.99982,"Arrival","All Routes","Current","1"
"LDLO",116.4,"Arrival","All Routes","Current","1"
"LDOS",643.39999,"Arrival","All Routes","Current","1"
"LDPL",5970.59998,"Arrival","All Routes","Current","1"
"LDRI",862.89999,"Arrival","All Routes","Current","1"
"LDSB",3049.80003,"Arrival","All Routes","Current","1"
"LDSP",22293.50012,"Arrival","All Routes","Current","1"
"LDZA",9941.09993,"Arrival","All Routes","Current","1"
"LDZD",6106.99998,"Arrival","All Routes","Current","1"
"LDDU",20878.39985,"Arrival","All Routes","PBN","1"
"LDLO",116.3,"Arrival","All Routes","PBN","1"
"LDOS",645.4,"Arrival","All Routes","PBN","1"
"LDPL",6246.90004,"Arrival","All Routes","PBN","1"
"LDRI",897.5,"Arrival","All Routes","PBN","1"
"LDSB",3073.50003,"Arrival","All Routes","PBN","1"
"LDSP",23031.50012,"Arrival","All Routes","PBN","1"
"LDZA",10121.89998,"Arrival","All Routes","PBN","1"
"LDZD",6277.90006,"Arrival","All Routes","PBN","1"
"LDDU",20630.99982,"Arrival","All Routes","Current","2"
"LDLO",116.4,"Arrival","All Routes","Current","2"
"LDOS",643.39999,"Arrival","All Routes","Current","2"
"LDPL",5970.59998,"Arrival","All Routes","Current","2"
"LDRI",862.89999,"Arrival","All Routes","Current","2"
"LDSB",3049.80003,"Arrival","All Routes","Current","2"
"LDSP",22293.50012,"Arrival","All Routes","Current","2"
"LDZA",9941.09993,"Arrival","All Routes","Current","2"
"LDZD",6106.99998,"Arrival","All Routes","Current","2"
"LDDU",20878.39985,"Arrival","All Routes","PBN","2"
"LDLO",116.3,"Arrival","All Routes","PBN","2"
"LDOS",645.4,"Arrival","All Routes","PBN","2"
"LDPL",6246.90004,"Arrival","All Routes","PBN","2"
"LDRI",897.5,"Arrival","All Routes","PBN","2"
"LDSB",3073.50003,"Arrival","All Routes","PBN","2"
"LDSP",23031.50012,"Arrival","All Routes","PBN","2"
"LDZA",10121.89998,"Arrival","All Routes","PBN","2"
"LDZD",6277.90006,"Arrival","All Routes","PBN","2"
"LDDU",21009.79989,"Departure","All Routes","Current","1"
"LDLO",99.9,"Departure","All Routes","Current","1"
"LDOS",715.09998,"Departure","All Routes","Current","1"
"LDPL",4764.09998,"Departure","All Routes","Current","1"
"LDRI",1412.4,"Departure","All Routes","Current","1"
"LDSB",3197.89998,"Departure","All Routes","Current","1"
"LDSP",23103.30002,"Departure","All Routes","Current","1"
"LDZA",8956.89994,"Departure","All Routes","Current","1"
"LDZD",5725.79999,"Departure","All Routes","Current","1"
"LDDU",21254.50005,"Departure","All Routes","PBN","1"
"LDLO",99.9,"Departure","All Routes","PBN","1"
"LDOS",735.89999,"Departure","All Routes","PBN","1"
"LDPL",4760.29999,"Departure","All Routes","PBN","1"
"LDRI",1442.8,"Departure","All Routes","PBN","1"
"LDSB",3200.49997,"Departure","All Routes","PBN","1"
"LDSP",23342.29987,"Departure","All Routes","PBN","1"
"LDZA",9079.29993,"Departure","All Routes","PBN","1"
"LDZD",5849.70003,"Departure","All Routes","PBN","1"
"LDDU",21009.79989,"Departure","All Routes","Current","2"
"LDLO",99.9,"Departure","All Routes","Current","2"
"LDOS",715.09998,"Departure","All Routes","Current","2"
"LDPL",4764.09998,"Departure","All Routes","Current","2"
"LDRI",1412.4,"Departure","All Routes","Current","2"
"LDSB",3197.89998,"Departure","All Routes","Current","2"
"LDSP",23103.30002,"Departure","All Routes","Current","2"
"LDZA",8956.89994,"Departure","All Routes","Current","2"
"LDZD",5725.79999,"Departure","All Routes","Current","2"
"LDDU",21254.50005,"Departure","All Routes","PBN","2"
"LDLO",99.9,"Departure","All Routes","PBN","2"
"LDOS",735.89999,"Departure","All Routes","PBN","2"
"LDPL",4760.29999,"Departure","All Routes","PBN","2"
"LDRI",1442.8,"Departure","All Routes","PBN","2"
"LDSB",3200.49997,"Departure","All Routes","PBN","2"
"LDSP",23342.29987,"Departure","All Routes","PBN","2"
"LDZA",9079.29993,"Departure","All Routes","PBN","2"
"LDZD",5849.70003,"Departure","All Routes","PBN","2"
"LDDU",41640.79971,"Arrivals and Departures","All Routes","Current","1"
"LDLO",216.3,"Arrivals and Departures","All Routes","Current","1"
"LDOS",1358.49997,"Arrivals and Departures","All Routes","Current","1"
"LDPL",10734.69996,"Arrivals and Departures","All Routes","Current","1"
"LDRI",2275.29999,"Arrivals and Departures","All Routes","Current","1"
"LDSB",6247.70001,"Arrivals and Departures","All Routes","Current","1"
"LDSP",45396.80014,"Arrivals and Departures","All Routes","Current","1"
"LDZA",18897.99987,"Arrivals and Departures","All Routes","Current","1"
"LDZD",11832.79997,"Arrivals and Departures","All Routes","Current","1"
"LDDU",41640.79971,"Arrivals and Departures","All Routes","Current","2"
"LDLO",216.3,"Arrivals and Departures","All Routes","Current","2"
"LDOS",1358.49997,"Arrivals and Departures","All Routes","Current","2"
"LDPL",10734.69996,"Arrivals and Departures","All Routes","Current","2"
"LDRI",2275.29999,"Arrivals and Departures","All Routes","Current","2"
"LDSB",6247.70001,"Arrivals and Departures","All Routes","Current","2"
"LDSP",45396.80014,"Arrivals and Departures","All Routes","Current","2"
"LDZA",18897.99987,"Arrivals and Departures","All Routes","Current","2"
"LDZD",11832.79997,"Arrivals and Departures","All Routes","Current","2"
"LDDU",42132.8999,"Arrivals and Departures","All Routes","PBN","1"
"LDLO",216.2,"Arrivals and Departures","All Routes","PBN","1"
"LDOS",1381.29999,"Arrivals and Departures","All Routes","PBN","1"
"LDPL",11007.20003,"Arrivals and Departures","All Routes","PBN","1"
"LDRI",2340.3,"Arrivals and Departures","All Routes","PBN","1"
"LDSB",6274,"Arrivals and Departures","All Routes","PBN","1"
"LDSP",46373.79999,"Arrivals and Departures","All Routes","PBN","1"
"LDZA",19201.19991,"Arrivals and Departures","All Routes","PBN","1"
"LDZD",12127.60009,"Arrivals and Departures","All Routes","PBN","1"
"LDDU",42132.8999,"Arrivals and Departures","All Routes","PBN","2"
"LDLO",216.2,"Arrivals and Departures","All Routes","PBN","2"
"LDOS",1381.29999,"Arrivals and Departures","All Routes","PBN","2"
"LDPL",11007.20003,"Arrivals and Departures","All Routes","PBN","2"
"LDRI",2340.3,"Arrivals and Departures","All Routes","PBN","2"
"LDSB",6274,"Arrivals and Departures","All Routes","PBN","2"
"LDSP",46373.79999,"Arrivals and Departures","All Routes","PBN","2"
"LDZA",19201.19991,"Arrivals and Departures","All Routes","PBN","2"
"LDZD",12127.60009,"Arrivals and Departures","All Routes","PBN","2"
"All Airports",138600.89962,"Arrivals and Departures","All Routes","Current","1"
"All Airports",141054.49991,"Arrivals and Departures","All Routes","PBN","1"
"All Airports",138600.89962,"Arrivals and Departures","All Routes","Current","2"
"All Airports",141054.49991,"Arrivals and Departures","All Routes","PBN","2"
