"Time","Sector","PercentHourlyWorkload","Scenario"
"00:20:00","TMA_DUBROVNIK",0,"Current"
"00:30:00","TMA_DUBROVNIK",0,"Current"
"00:40:00","TMA_DUBROVNIK",0,"Current"
"01:20:00","TMA_DUBROVNIK",0,"Current"
"02:10:00","TMA_DUBROVNIK",0,"Current"
"02:20:00","TMA_DUBROVNIK",0,"Current"
"03:10:00","TMA_DUBROVNIK",0,"Current"
"04:00:00","TMA_DUBROVNIK",0,"Current"
"04:50:00","TMA_DUBROVNIK",0,"Current"
"05:40:00","TMA_DUBROVNIK",0,"Current"
"06:30:00","TMA_DUBROVNIK",0,"Current"
"06:40:00","TMA_DUBROVNIK",0,"Current"
"07:30:00","TMA_DUBROVNIK",0,"Current"
"08:20:00","TMA_DUBROVNIK",0,"Current"
"09:20:00","TMA_DUBROVNIK",0,"Current"
"10:50:00","TMA_DUBROVNIK",0,"Current"
"11:40:00","TMA_DUBROVNIK",0,"Current"
"12:30:00","TMA_DUBROVNIK",0,"Current"
"13:20:00","TMA_DUBROVNIK",0,"Current"
"13:30:00","TMA_DUBROVNIK",0,"Current"
"14:20:00","TMA_DUBROVNIK",0,"Current"
"15:10:00","TMA_DUBROVNIK",0,"Current"
"15:20:00","TMA_DUBROVNIK",0,"Current"
"16:10:00","TMA_DUBROVNIK",0,"Current"
"17:00:00","TMA_DUBROVNIK",0,"Current"
"18:00:00","TMA_DUBROVNIK",0,"Current"
"18:50:00","TMA_DUBROVNIK",0,"Current"
"20:20:00","TMA_DUBROVNIK",0,"Current"
"21:10:00","TMA_DUBROVNIK",0,"Current"
"21:20:00","TMA_DUBROVNIK",0,"Current"
"21:50:00","TMA_DUBROVNIK",0,"Current"
"22:00:00","TMA_DUBROVNIK",0,"Current"
"22:50:00","TMA_DUBROVNIK",0,"Current"
"23:40:00","TMA_DUBROVNIK",0,"Current"
"23:50:00","TMA_DUBROVNIK",0,"Current"
"00:00:00","TMA_DUBROVNIK",0,"Current"
"01:00:00","TMA_DUBROVNIK",0,"Current"
"01:50:00","TMA_DUBROVNIK",0,"Current"
"02:00:00","TMA_DUBROVNIK",0,"Current"
"02:40:00","TMA_DUBROVNIK",0,"Current"
"02:50:00","TMA_DUBROVNIK",0,"Current"
"03:40:00","TMA_DUBROVNIK",0,"Current"
"04:30:00","TMA_DUBROVNIK",0,"Current"
"05:10:00","TMA_DUBROVNIK",0,"Current"
"05:20:00","TMA_DUBROVNIK",0,"Current"
"06:00:00","TMA_DUBROVNIK",0,"Current"
"06:10:00","TMA_DUBROVNIK",0,"Current"
"07:00:00","TMA_DUBROVNIK",0,"Current"
"07:50:00","TMA_DUBROVNIK",0,"Current"
"08:40:00","TMA_DUBROVNIK",0,"Current"
"09:30:00","TMA_DUBROVNIK",0,"Current"
"10:10:00","TMA_DUBROVNIK",0,"Current"
"10:20:00","TMA_DUBROVNIK",0,"Current"
"11:10:00","TMA_DUBROVNIK",0,"Current"
"12:00:00","TMA_DUBROVNIK",0,"Current"
"12:50:00","TMA_DUBROVNIK",0,"Current"
"13:40:00","TMA_DUBROVNIK",0,"Current"
"14:40:00","TMA_DUBROVNIK",0,"Current"
"15:30:00","TMA_DUBROVNIK",0,"Current"
"16:30:00","TMA_DUBROVNIK",0,"Current"
"17:20:00","TMA_DUBROVNIK",0,"Current"
"18:10:00","TMA_DUBROVNIK",0,"Current"
"18:20:00","TMA_DUBROVNIK",0,"Current"
"19:10:00","TMA_DUBROVNIK",0,"Current"
"19:50:00","TMA_DUBROVNIK",0,"Current"
"20:40:00","TMA_DUBROVNIK",0,"Current"
"21:30:00","TMA_DUBROVNIK",0,"Current"
"22:10:00","TMA_DUBROVNIK",0,"Current"
"23:00:00","TMA_DUBROVNIK",0,"Current"
"00:10:00","TMA_DUBROVNIK",0,"Current"
"00:50:00","TMA_DUBROVNIK",0,"Current"
"01:10:00","TMA_DUBROVNIK",0,"Current"
"01:30:00","TMA_DUBROVNIK",0,"Current"
"01:40:00","TMA_DUBROVNIK",0,"Current"
"02:30:00","TMA_DUBROVNIK",0,"Current"
"03:00:00","TMA_DUBROVNIK",0,"Current"
"03:20:00","TMA_DUBROVNIK",0,"Current"
"03:30:00","TMA_DUBROVNIK",0,"Current"
"03:50:00","TMA_DUBROVNIK",0,"Current"
"04:10:00","TMA_DUBROVNIK",0,"Current"
"04:20:00","TMA_DUBROVNIK",0,"Current"
"04:40:00","TMA_DUBROVNIK",0,"Current"
"05:00:00","TMA_DUBROVNIK",0,"Current"
"05:30:00","TMA_DUBROVNIK",0,"Current"
"05:50:00","TMA_DUBROVNIK",0,"Current"
"06:20:00","TMA_DUBROVNIK",0,"Current"
"06:50:00","TMA_DUBROVNIK",0,"Current"
"07:10:00","TMA_DUBROVNIK",0,"Current"
"07:20:00","TMA_DUBROVNIK",0,"Current"
"07:40:00","TMA_DUBROVNIK",0,"Current"
"08:00:00","TMA_DUBROVNIK",0,"Current"
"08:10:00","TMA_DUBROVNIK",0,"Current"
"08:30:00","TMA_DUBROVNIK",0,"Current"
"08:50:00","TMA_DUBROVNIK",0,"Current"
"09:00:00","TMA_DUBROVNIK",0,"Current"
"09:10:00","TMA_DUBROVNIK",0,"Current"
"09:40:00","TMA_DUBROVNIK",0,"Current"
"09:50:00","TMA_DUBROVNIK",0,"Current"
"10:00:00","TMA_DUBROVNIK",0,"Current"
"10:30:00","TMA_DUBROVNIK",0,"Current"
"10:40:00","TMA_DUBROVNIK",0,"Current"
"11:00:00","TMA_DUBROVNIK",0,"Current"
"11:20:00","TMA_DUBROVNIK",0,"Current"
"11:30:00","TMA_DUBROVNIK",0,"Current"
"11:50:00","TMA_DUBROVNIK",0,"Current"
"12:10:00","TMA_DUBROVNIK",0,"Current"
"12:20:00","TMA_DUBROVNIK",0,"Current"
"12:40:00","TMA_DUBROVNIK",0,"Current"
"13:00:00","TMA_DUBROVNIK",0,"Current"
"13:10:00","TMA_DUBROVNIK",0,"Current"
"13:50:00","TMA_DUBROVNIK",0,"Current"
"14:00:00","TMA_DUBROVNIK",0,"Current"
"14:10:00","TMA_DUBROVNIK",0,"Current"
"14:30:00","TMA_DUBROVNIK",0,"Current"
"14:50:00","TMA_DUBROVNIK",0,"Current"
"15:00:00","TMA_DUBROVNIK",0,"Current"
"15:40:00","TMA_DUBROVNIK",0,"Current"
"15:50:00","TMA_DUBROVNIK",0,"Current"
"16:00:00","TMA_DUBROVNIK",0,"Current"
"16:20:00","TMA_DUBROVNIK",0,"Current"
"16:40:00","TMA_DUBROVNIK",0,"Current"
"16:50:00","TMA_DUBROVNIK",0,"Current"
"17:10:00","TMA_DUBROVNIK",0,"Current"
"17:30:00","TMA_DUBROVNIK",0,"Current"
"17:40:00","TMA_DUBROVNIK",0,"Current"
"17:50:00","TMA_DUBROVNIK",0,"Current"
"18:30:00","TMA_DUBROVNIK",0,"Current"
"18:40:00","TMA_DUBROVNIK",0,"Current"
"19:00:00","TMA_DUBROVNIK",0,"Current"
"19:20:00","TMA_DUBROVNIK",0,"Current"
"19:30:00","TMA_DUBROVNIK",0,"Current"
"19:40:00","TMA_DUBROVNIK",0,"Current"
"20:00:00","TMA_DUBROVNIK",0,"Current"
"20:10:00","TMA_DUBROVNIK",0,"Current"
"20:30:00","TMA_DUBROVNIK",0,"Current"
"20:50:00","TMA_DUBROVNIK",0,"Current"
"21:00:00","TMA_DUBROVNIK",0,"Current"
"21:40:00","TMA_DUBROVNIK",0,"Current"
"22:20:00","TMA_DUBROVNIK",0,"Current"
"22:30:00","TMA_DUBROVNIK",0,"Current"
"22:40:00","TMA_DUBROVNIK",0,"Current"
"23:10:00","TMA_DUBROVNIK",0,"Current"
"23:20:00","TMA_DUBROVNIK",0,"Current"
"23:30:00","TMA_DUBROVNIK",0,"Current"
"00:10:00","TMA_OSIJEK",0,"Current"
"00:20:00","TMA_OSIJEK",0,"Current"
"00:30:00","TMA_OSIJEK",0,"Current"
"01:10:00","TMA_OSIJEK",0,"Current"
"01:20:00","TMA_OSIJEK",0,"Current"
"02:00:00","TMA_OSIJEK",0,"Current"
"02:10:00","TMA_OSIJEK",0,"Current"
"02:20:00","TMA_OSIJEK",0,"Current"
"03:00:00","TMA_OSIJEK",0,"Current"
"03:10:00","TMA_OSIJEK",0,"Current"
"03:40:00","TMA_OSIJEK",0,"Current"
"03:50:00","TMA_OSIJEK",0,"Current"
"04:00:00","TMA_OSIJEK",0,"Current"
"04:20:00","TMA_OSIJEK",7,"Current"
"04:40:00","TMA_OSIJEK",7,"Current"
"05:20:00","TMA_OSIJEK",0,"Current"
"05:30:00","TMA_OSIJEK",0,"Current"
"06:20:00","TMA_OSIJEK",0,"Current"
"06:30:00","TMA_OSIJEK",1,"Current"
"06:50:00","TMA_OSIJEK",3,"Current"
"07:10:00","TMA_OSIJEK",3,"Current"
"07:20:00","TMA_OSIJEK",3,"Current"
"07:40:00","TMA_OSIJEK",7,"Current"
"08:00:00","TMA_OSIJEK",7,"Current"
"08:20:00","TMA_OSIJEK",9,"Current"
"08:40:00","TMA_OSIJEK",3,"Current"
"08:50:00","TMA_OSIJEK",3,"Current"
"09:10:00","TMA_OSIJEK",8,"Current"
"09:30:00","TMA_OSIJEK",11,"Current"
"09:50:00","TMA_OSIJEK",11,"Current"
"10:00:00","TMA_OSIJEK",12,"Current"
"10:20:00","TMA_OSIJEK",17,"Current"
"10:40:00","TMA_OSIJEK",15,"Current"
"10:50:00","TMA_OSIJEK",14,"Current"
"11:30:00","TMA_OSIJEK",17,"Current"
"11:40:00","TMA_OSIJEK",20,"Current"
"12:20:00","TMA_OSIJEK",8,"Current"
"12:30:00","TMA_OSIJEK",5,"Current"
"12:40:00","TMA_OSIJEK",1,"Current"
"13:20:00","TMA_OSIJEK",0,"Current"
"13:30:00","TMA_OSIJEK",0,"Current"
"14:00:00","TMA_OSIJEK",3,"Current"
"14:10:00","TMA_OSIJEK",3,"Current"
"14:30:00","TMA_OSIJEK",7,"Current"
"14:50:00","TMA_OSIJEK",9,"Current"
"15:00:00","TMA_OSIJEK",8,"Current"
"15:10:00","TMA_OSIJEK",7,"Current"
"15:40:00","TMA_OSIJEK",0,"Current"
"15:50:00","TMA_OSIJEK",0,"Current"
"16:00:00","TMA_OSIJEK",0,"Current"
"16:40:00","TMA_OSIJEK",0,"Current"
"16:50:00","TMA_OSIJEK",0,"Current"
"17:00:00","TMA_OSIJEK",0,"Current"
"17:40:00","TMA_OSIJEK",0,"Current"
"17:50:00","TMA_OSIJEK",0,"Current"
"18:00:00","TMA_OSIJEK",0,"Current"
"18:20:00","TMA_OSIJEK",0,"Current"
"18:40:00","TMA_OSIJEK",1,"Current"
"18:50:00","TMA_OSIJEK",3,"Current"
"19:10:00","TMA_OSIJEK",7,"Current"
"19:30:00","TMA_OSIJEK",10,"Current"
"19:40:00","TMA_OSIJEK",9,"Current"
"20:30:00","TMA_OSIJEK",3,"Current"
"20:40:00","TMA_OSIJEK",3,"Current"
"21:00:00","TMA_OSIJEK",2,"Current"
"21:20:00","TMA_OSIJEK",0,"Current"
"21:30:00","TMA_OSIJEK",0,"Current"
"22:10:00","TMA_OSIJEK",0,"Current"
"22:20:00","TMA_OSIJEK",0,"Current"
"22:30:00","TMA_OSIJEK",0,"Current"
"23:10:00","TMA_OSIJEK",0,"Current"
"23:50:00","TMA_OSIJEK",0,"Current"
"00:40:00","TMA_OSIJEK",0,"Current"
"01:30:00","TMA_OSIJEK",0,"Current"
"01:40:00","TMA_OSIJEK",0,"Current"
"02:30:00","TMA_OSIJEK",0,"Current"
"02:50:00","TMA_OSIJEK",0,"Current"
"03:30:00","TMA_OSIJEK",0,"Current"
"04:30:00","TMA_OSIJEK",7,"Current"
"04:50:00","TMA_OSIJEK",7,"Current"
"05:00:00","TMA_OSIJEK",7,"Current"
"05:10:00","TMA_OSIJEK",4,"Current"
"06:00:00","TMA_OSIJEK",0,"Current"
"06:10:00","TMA_OSIJEK",0,"Current"
"07:00:00","TMA_OSIJEK",3,"Current"
"07:50:00","TMA_OSIJEK",7,"Current"
"08:30:00","TMA_OSIJEK",6,"Current"
"09:20:00","TMA_OSIJEK",8,"Current"
"10:10:00","TMA_OSIJEK",16,"Current"
"11:00:00","TMA_OSIJEK",14,"Current"
"11:10:00","TMA_OSIJEK",13,"Current"
"11:50:00","TMA_OSIJEK",22,"Current"
"12:00:00","TMA_OSIJEK",17,"Current"
"12:50:00","TMA_OSIJEK",0,"Current"
"13:40:00","TMA_OSIJEK",0,"Current"
"13:50:00","TMA_OSIJEK",1,"Current"
"14:20:00","TMA_OSIJEK",3,"Current"
"15:20:00","TMA_OSIJEK",7,"Current"
"16:10:00","TMA_OSIJEK",0,"Current"
"16:30:00","TMA_OSIJEK",0,"Current"
"17:30:00","TMA_OSIJEK",0,"Current"
"18:30:00","TMA_OSIJEK",0,"Current"
"19:20:00","TMA_OSIJEK",10,"Current"
"20:10:00","TMA_OSIJEK",6,"Current"
"20:20:00","TMA_OSIJEK",4,"Current"
"21:10:00","TMA_OSIJEK",1,"Current"
"22:00:00","TMA_OSIJEK",0,"Current"
"22:50:00","TMA_OSIJEK",0,"Current"
"23:00:00","TMA_OSIJEK",0,"Current"
"23:20:00","TMA_OSIJEK",0,"Current"
"00:00:00","TMA_OSIJEK",0,"Current"
"00:50:00","TMA_OSIJEK",0,"Current"
"01:00:00","TMA_OSIJEK",0,"Current"
"01:50:00","TMA_OSIJEK",0,"Current"
"02:40:00","TMA_OSIJEK",0,"Current"
"03:20:00","TMA_OSIJEK",0,"Current"
"04:10:00","TMA_OSIJEK",3,"Current"
"05:40:00","TMA_OSIJEK",0,"Current"
"05:50:00","TMA_OSIJEK",0,"Current"
"06:40:00","TMA_OSIJEK",3,"Current"
"07:30:00","TMA_OSIJEK",5,"Current"
"08:10:00","TMA_OSIJEK",8,"Current"
"09:00:00","TMA_OSIJEK",6,"Current"
"09:40:00","TMA_OSIJEK",11,"Current"
"10:30:00","TMA_OSIJEK",16,"Current"
"11:20:00","TMA_OSIJEK",14,"Current"
"12:10:00","TMA_OSIJEK",12,"Current"
"13:00:00","TMA_OSIJEK",0,"Current"
"13:10:00","TMA_OSIJEK",0,"Current"
"14:40:00","TMA_OSIJEK",10,"Current"
"15:30:00","TMA_OSIJEK",4,"Current"
"16:20:00","TMA_OSIJEK",0,"Current"
"17:10:00","TMA_OSIJEK",0,"Current"
"17:20:00","TMA_OSIJEK",0,"Current"
"18:10:00","TMA_OSIJEK",0,"Current"
"19:00:00","TMA_OSIJEK",3,"Current"
"19:50:00","TMA_OSIJEK",8,"Current"
"20:00:00","TMA_OSIJEK",8,"Current"
"20:50:00","TMA_OSIJEK",3,"Current"
"21:40:00","TMA_OSIJEK",0,"Current"
"21:50:00","TMA_OSIJEK",0,"Current"
"22:40:00","TMA_OSIJEK",0,"Current"
"23:30:00","TMA_OSIJEK",0,"Current"
"23:40:00","TMA_OSIJEK",0,"Current"
"00:20:00","TMA_PULA",2,"Current"
"00:30:00","TMA_PULA",2,"Current"
"00:40:00","TMA_PULA",2,"Current"
"01:30:00","TMA_PULA",0,"Current"
"01:40:00","TMA_PULA",0,"Current"
"02:30:00","TMA_PULA",0,"Current"
"03:10:00","TMA_PULA",0,"Current"
"03:30:00","TMA_PULA",0,"Current"
"04:10:00","TMA_PULA",0,"Current"
"04:20:00","TMA_PULA",0,"Current"
"04:30:00","TMA_PULA",1,"Current"
"06:00:00","TMA_PULA",12,"Current"
"06:10:00","TMA_PULA",12,"Current"
"07:00:00","TMA_PULA",17,"Current"
"07:50:00","TMA_PULA",41,"Current"
"09:20:00","TMA_PULA",44,"Current"
"09:30:00","TMA_PULA",45,"Current"
"10:10:00","TMA_PULA",38,"Current"
"10:20:00","TMA_PULA",35,"Current"
"11:10:00","TMA_PULA",25,"Current"
"12:00:00","TMA_PULA",33,"Current"
"12:50:00","TMA_PULA",12,"Current"
"13:40:00","TMA_PULA",17,"Current"
"14:30:00","TMA_PULA",12,"Current"
"15:10:00","TMA_PULA",13,"Current"
"15:20:00","TMA_PULA",14,"Current"
"16:00:00","TMA_PULA",7,"Current"
"16:10:00","TMA_PULA",8,"Current"
"17:00:00","TMA_PULA",26,"Current"
"17:50:00","TMA_PULA",28,"Current"
"18:30:00","TMA_PULA",25,"Current"
"18:40:00","TMA_PULA",26,"Current"
"19:30:00","TMA_PULA",15,"Current"
"20:20:00","TMA_PULA",7,"Current"
"21:10:00","TMA_PULA",3,"Current"
"21:20:00","TMA_PULA",2,"Current"
"22:10:00","TMA_PULA",3,"Current"
"00:00:00","TMA_PULA",0,"Current"
"00:10:00","TMA_PULA",1,"Current"
"00:50:00","TMA_PULA",2,"Current"
"01:00:00","TMA_PULA",2,"Current"
"01:10:00","TMA_PULA",1,"Current"
"01:50:00","TMA_PULA",0,"Current"
"02:00:00","TMA_PULA",0,"Current"
"02:40:00","TMA_PULA",0,"Current"
"02:50:00","TMA_PULA",0,"Current"
"03:00:00","TMA_PULA",0,"Current"
"03:40:00","TMA_PULA",0,"Current"
"03:50:00","TMA_PULA",0,"Current"
"04:00:00","TMA_PULA",0,"Current"
"04:40:00","TMA_PULA",1,"Current"
"04:50:00","TMA_PULA",1,"Current"
"05:00:00","TMA_PULA",2,"Current"
"05:40:00","TMA_PULA",9,"Current"
"05:50:00","TMA_PULA",13,"Current"
"06:30:00","TMA_PULA",13,"Current"
"06:40:00","TMA_PULA",15,"Current"
"06:50:00","TMA_PULA",15,"Current"
"07:10:00","TMA_PULA",23,"Current"
"07:30:00","TMA_PULA",35,"Current"
"07:40:00","TMA_PULA",40,"Current"
"08:00:00","TMA_PULA",46,"Current"
"08:20:00","TMA_PULA",32,"Current"
"08:30:00","TMA_PULA",33,"Current"
"09:00:00","TMA_PULA",35,"Current"
"09:10:00","TMA_PULA",41,"Current"
"10:00:00","TMA_PULA",39,"Current"
"10:30:00","TMA_PULA",31,"Current"
"10:50:00","TMA_PULA",30,"Current"
"11:00:00","TMA_PULA",28,"Current"
"11:20:00","TMA_PULA",25,"Current"
"11:40:00","TMA_PULA",36,"Current"
"11:50:00","TMA_PULA",37,"Current"
"12:10:00","TMA_PULA",30,"Current"
"12:40:00","TMA_PULA",13,"Current"
"13:00:00","TMA_PULA",12,"Current"
"13:10:00","TMA_PULA",13,"Current"
"13:30:00","TMA_PULA",17,"Current"
"13:50:00","TMA_PULA",14,"Current"
"14:00:00","TMA_PULA",12,"Current"
"14:20:00","TMA_PULA",13,"Current"
"14:40:00","TMA_PULA",13,"Current"
"15:30:00","TMA_PULA",13,"Current"
"15:40:00","TMA_PULA",12,"Current"
"16:20:00","TMA_PULA",8,"Current"
"16:30:00","TMA_PULA",9,"Current"
"16:50:00","TMA_PULA",20,"Current"
"17:10:00","TMA_PULA",31,"Current"
"17:20:00","TMA_PULA",30,"Current"
"17:30:00","TMA_PULA",28,"Current"
"18:00:00","TMA_PULA",27,"Current"
"18:50:00","TMA_PULA",20,"Current"
"19:00:00","TMA_PULA",18,"Current"
"19:20:00","TMA_PULA",20,"Current"
"19:40:00","TMA_PULA",12,"Current"
"19:50:00","TMA_PULA",9,"Current"
"20:30:00","TMA_PULA",7,"Current"
"20:40:00","TMA_PULA",7,"Current"
"20:50:00","TMA_PULA",7,"Current"
"21:30:00","TMA_PULA",1,"Current"
"21:40:00","TMA_PULA",1,"Current"
"22:00:00","TMA_PULA",3,"Current"
"22:20:00","TMA_PULA",3,"Current"
"22:30:00","TMA_PULA",3,"Current"
"22:40:00","TMA_PULA",2,"Current"
"23:20:00","TMA_PULA",0,"Current"
"23:30:00","TMA_PULA",0,"Current"
"23:40:00","TMA_PULA",0,"Current"
"01:20:00","TMA_PULA",0,"Current"
"02:10:00","TMA_PULA",0,"Current"
"02:20:00","TMA_PULA",0,"Current"
"03:20:00","TMA_PULA",0,"Current"
"05:10:00","TMA_PULA",5,"Current"
"05:20:00","TMA_PULA",8,"Current"
"05:30:00","TMA_PULA",7,"Current"
"06:20:00","TMA_PULA",12,"Current"
"07:20:00","TMA_PULA",31,"Current"
"08:10:00","TMA_PULA",40,"Current"
"08:40:00","TMA_PULA",31,"Current"
"08:50:00","TMA_PULA",33,"Current"
"09:40:00","TMA_PULA",42,"Current"
"09:50:00","TMA_PULA",41,"Current"
"10:40:00","TMA_PULA",30,"Current"
"11:30:00","TMA_PULA",28,"Current"
"12:20:00","TMA_PULA",29,"Current"
"12:30:00","TMA_PULA",23,"Current"
"13:20:00","TMA_PULA",14,"Current"
"14:10:00","TMA_PULA",12,"Current"
"14:50:00","TMA_PULA",14,"Current"
"15:00:00","TMA_PULA",15,"Current"
"15:50:00","TMA_PULA",9,"Current"
"16:40:00","TMA_PULA",12,"Current"
"17:40:00","TMA_PULA",27,"Current"
"18:10:00","TMA_PULA",20,"Current"
"18:20:00","TMA_PULA",19,"Current"
"19:10:00","TMA_PULA",20,"Current"
"20:00:00","TMA_PULA",7,"Current"
"20:10:00","TMA_PULA",7,"Current"
"21:00:00","TMA_PULA",5,"Current"
"21:50:00","TMA_PULA",3,"Current"
"22:50:00","TMA_PULA",1,"Current"
"23:00:00","TMA_PULA",0,"Current"
"23:10:00","TMA_PULA",0,"Current"
"23:50:00","TMA_PULA",0,"Current"
"00:40:00","TMA_SPLIT",0,"Current"
"01:00:00","TMA_SPLIT",0,"Current"
"01:50:00","TMA_SPLIT",0,"Current"
"02:00:00","TMA_SPLIT",0,"Current"
"02:40:00","TMA_SPLIT",0,"Current"
"02:50:00","TMA_SPLIT",0,"Current"
"03:00:00","TMA_SPLIT",0,"Current"
"03:20:00","TMA_SPLIT",0,"Current"
"04:10:00","TMA_SPLIT",0,"Current"
"04:20:00","TMA_SPLIT",0,"Current"
"05:10:00","TMA_SPLIT",0,"Current"
"06:00:00","TMA_SPLIT",0,"Current"
"07:00:00","TMA_SPLIT",0,"Current"
"07:50:00","TMA_SPLIT",0,"Current"
"09:10:00","TMA_SPLIT",0,"Current"
"10:00:00","TMA_SPLIT",0,"Current"
"10:50:00","TMA_SPLIT",0,"Current"
"11:40:00","TMA_SPLIT",0,"Current"
"11:50:00","TMA_SPLIT",0,"Current"
"13:10:00","TMA_SPLIT",0,"Current"
"14:00:00","TMA_SPLIT",0,"Current"
"14:10:00","TMA_SPLIT",0,"Current"
"15:00:00","TMA_SPLIT",0,"Current"
"15:50:00","TMA_SPLIT",0,"Current"
"16:40:00","TMA_SPLIT",0,"Current"
"16:50:00","TMA_SPLIT",0,"Current"
"17:40:00","TMA_SPLIT",0,"Current"
"18:30:00","TMA_SPLIT",0,"Current"
"19:30:00","TMA_SPLIT",0,"Current"
"20:20:00","TMA_SPLIT",0,"Current"
"21:20:00","TMA_SPLIT",0,"Current"
"21:50:00","TMA_SPLIT",0,"Current"
"22:00:00","TMA_SPLIT",0,"Current"
"22:50:00","TMA_SPLIT",0,"Current"
"23:40:00","TMA_SPLIT",0,"Current"
"00:00:00","TMA_SPLIT",0,"Current"
"00:50:00","TMA_SPLIT",0,"Current"
"01:40:00","TMA_SPLIT",0,"Current"
"03:40:00","TMA_SPLIT",0,"Current"
"04:30:00","TMA_SPLIT",0,"Current"
"04:40:00","TMA_SPLIT",0,"Current"
"05:30:00","TMA_SPLIT",0,"Current"
"06:20:00","TMA_SPLIT",0,"Current"
"07:10:00","TMA_SPLIT",0,"Current"
"08:00:00","TMA_SPLIT",0,"Current"
"08:10:00","TMA_SPLIT",0,"Current"
"08:30:00","TMA_SPLIT",0,"Current"
"08:40:00","TMA_SPLIT",0,"Current"
"09:20:00","TMA_SPLIT",0,"Current"
"09:30:00","TMA_SPLIT",0,"Current"
"10:20:00","TMA_SPLIT",0,"Current"
"11:10:00","TMA_SPLIT",0,"Current"
"12:00:00","TMA_SPLIT",0,"Current"
"12:40:00","TMA_SPLIT",0,"Current"
"12:50:00","TMA_SPLIT",0,"Current"
"13:30:00","TMA_SPLIT",0,"Current"
"13:40:00","TMA_SPLIT",0,"Current"
"14:30:00","TMA_SPLIT",0,"Current"
"15:20:00","TMA_SPLIT",0,"Current"
"16:10:00","TMA_SPLIT",0,"Current"
"17:00:00","TMA_SPLIT",0,"Current"
"17:50:00","TMA_SPLIT",0,"Current"
"18:00:00","TMA_SPLIT",0,"Current"
"18:50:00","TMA_SPLIT",0,"Current"
"19:40:00","TMA_SPLIT",0,"Current"
"20:30:00","TMA_SPLIT",0,"Current"
"20:40:00","TMA_SPLIT",0,"Current"
"21:30:00","TMA_SPLIT",0,"Current"
"21:40:00","TMA_SPLIT",0,"Current"
"22:10:00","TMA_SPLIT",0,"Current"
"22:20:00","TMA_SPLIT",0,"Current"
"23:10:00","TMA_SPLIT",0,"Current"
"00:10:00","TMA_SPLIT",0,"Current"
"00:20:00","TMA_SPLIT",0,"Current"
"00:30:00","TMA_SPLIT",0,"Current"
"01:10:00","TMA_SPLIT",0,"Current"
"01:20:00","TMA_SPLIT",0,"Current"
"01:30:00","TMA_SPLIT",0,"Current"
"02:10:00","TMA_SPLIT",0,"Current"
"02:20:00","TMA_SPLIT",0,"Current"
"02:30:00","TMA_SPLIT",0,"Current"
"03:10:00","TMA_SPLIT",0,"Current"
"03:30:00","TMA_SPLIT",0,"Current"
"03:50:00","TMA_SPLIT",0,"Current"
"04:00:00","TMA_SPLIT",0,"Current"
"04:50:00","TMA_SPLIT",0,"Current"
"05:00:00","TMA_SPLIT",0,"Current"
"05:20:00","TMA_SPLIT",0,"Current"
"05:40:00","TMA_SPLIT",0,"Current"
"05:50:00","TMA_SPLIT",0,"Current"
"06:10:00","TMA_SPLIT",0,"Current"
"06:30:00","TMA_SPLIT",0,"Current"
"06:40:00","TMA_SPLIT",0,"Current"
"06:50:00","TMA_SPLIT",0,"Current"
"07:20:00","TMA_SPLIT",0,"Current"
"07:30:00","TMA_SPLIT",0,"Current"
"07:40:00","TMA_SPLIT",0,"Current"
"08:20:00","TMA_SPLIT",0,"Current"
"08:50:00","TMA_SPLIT",0,"Current"
"09:00:00","TMA_SPLIT",0,"Current"
"09:40:00","TMA_SPLIT",0,"Current"
"09:50:00","TMA_SPLIT",0,"Current"
"10:10:00","TMA_SPLIT",0,"Current"
"10:30:00","TMA_SPLIT",0,"Current"
"10:40:00","TMA_SPLIT",0,"Current"
"11:00:00","TMA_SPLIT",0,"Current"
"11:20:00","TMA_SPLIT",0,"Current"
"11:30:00","TMA_SPLIT",0,"Current"
"12:10:00","TMA_SPLIT",0,"Current"
"12:20:00","TMA_SPLIT",0,"Current"
"12:30:00","TMA_SPLIT",0,"Current"
"13:00:00","TMA_SPLIT",0,"Current"
"13:20:00","TMA_SPLIT",0,"Current"
"13:50:00","TMA_SPLIT",0,"Current"
"14:20:00","TMA_SPLIT",0,"Current"
"14:40:00","TMA_SPLIT",0,"Current"
"14:50:00","TMA_SPLIT",0,"Current"
"15:10:00","TMA_SPLIT",0,"Current"
"15:30:00","TMA_SPLIT",0,"Current"
"15:40:00","TMA_SPLIT",0,"Current"
"16:00:00","TMA_SPLIT",0,"Current"
"16:20:00","TMA_SPLIT",0,"Current"
"16:30:00","TMA_SPLIT",0,"Current"
"17:10:00","TMA_SPLIT",0,"Current"
"17:20:00","TMA_SPLIT",0,"Current"
"17:30:00","TMA_SPLIT",0,"Current"
"18:10:00","TMA_SPLIT",0,"Current"
"18:20:00","TMA_SPLIT",0,"Current"
"18:40:00","TMA_SPLIT",0,"Current"
"19:00:00","TMA_SPLIT",0,"Current"
"19:10:00","TMA_SPLIT",0,"Current"
"19:20:00","TMA_SPLIT",0,"Current"
"19:50:00","TMA_SPLIT",0,"Current"
"20:00:00","TMA_SPLIT",0,"Current"
"20:10:00","TMA_SPLIT",0,"Current"
"20:50:00","TMA_SPLIT",0,"Current"
"21:00:00","TMA_SPLIT",0,"Current"
"21:10:00","TMA_SPLIT",0,"Current"
"22:30:00","TMA_SPLIT",0,"Current"
"22:40:00","TMA_SPLIT",0,"Current"
"23:00:00","TMA_SPLIT",0,"Current"
"23:20:00","TMA_SPLIT",0,"Current"
"23:30:00","TMA_SPLIT",0,"Current"
"23:50:00","TMA_SPLIT",0,"Current"
"00:10:00","TMA_ZADAR",0,"Current"
"00:20:00","TMA_ZADAR",0,"Current"
"00:40:00","TMA_ZADAR",0,"Current"
"01:00:00","TMA_ZADAR",0,"Current"
"01:10:00","TMA_ZADAR",0,"Current"
"01:20:00","TMA_ZADAR",0,"Current"
"01:50:00","TMA_ZADAR",0,"Current"
"02:00:00","TMA_ZADAR",0,"Current"
"02:10:00","TMA_ZADAR",0,"Current"
"02:50:00","TMA_ZADAR",0,"Current"
"03:00:00","TMA_ZADAR",0,"Current"
"03:40:00","TMA_ZADAR",0,"Current"
"03:50:00","TMA_ZADAR",0,"Current"
"04:00:00","TMA_ZADAR",0,"Current"
"04:40:00","TMA_ZADAR",0,"Current"
"04:50:00","TMA_ZADAR",0,"Current"
"05:30:00","TMA_ZADAR",0,"Current"
"05:40:00","TMA_ZADAR",0,"Current"
"05:50:00","TMA_ZADAR",0,"Current"
"06:20:00","TMA_ZADAR",0,"Current"
"06:30:00","TMA_ZADAR",0,"Current"
"06:40:00","TMA_ZADAR",0,"Current"
"07:10:00","TMA_ZADAR",0,"Current"
"07:20:00","TMA_ZADAR",0,"Current"
"07:40:00","TMA_ZADAR",0,"Current"
"08:00:00","TMA_ZADAR",0,"Current"
"08:10:00","TMA_ZADAR",0,"Current"
"08:30:00","TMA_ZADAR",0,"Current"
"08:50:00","TMA_ZADAR",0,"Current"
"09:00:00","TMA_ZADAR",0,"Current"
"09:40:00","TMA_ZADAR",0,"Current"
"09:50:00","TMA_ZADAR",0,"Current"
"10:00:00","TMA_ZADAR",0,"Current"
"10:40:00","TMA_ZADAR",0,"Current"
"10:50:00","TMA_ZADAR",0,"Current"
"11:10:00","TMA_ZADAR",0,"Current"
"11:30:00","TMA_ZADAR",0,"Current"
"11:40:00","TMA_ZADAR",0,"Current"
"11:50:00","TMA_ZADAR",0,"Current"
"12:30:00","TMA_ZADAR",0,"Current"
"12:40:00","TMA_ZADAR",0,"Current"
"13:20:00","TMA_ZADAR",0,"Current"
"13:30:00","TMA_ZADAR",0,"Current"
"13:40:00","TMA_ZADAR",0,"Current"
"14:20:00","TMA_ZADAR",0,"Current"
"14:30:00","TMA_ZADAR",0,"Current"
"14:40:00","TMA_ZADAR",0,"Current"
"15:10:00","TMA_ZADAR",0,"Current"
"15:20:00","TMA_ZADAR",0,"Current"
"15:30:00","TMA_ZADAR",0,"Current"
"16:10:00","TMA_ZADAR",0,"Current"
"16:20:00","TMA_ZADAR",0,"Current"
"16:30:00","TMA_ZADAR",0,"Current"
"16:50:00","TMA_ZADAR",0,"Current"
"17:00:00","TMA_ZADAR",0,"Current"
"17:40:00","TMA_ZADAR",0,"Current"
"17:50:00","TMA_ZADAR",0,"Current"
"18:00:00","TMA_ZADAR",0,"Current"
"18:40:00","TMA_ZADAR",0,"Current"
"18:50:00","TMA_ZADAR",0,"Current"
"19:10:00","TMA_ZADAR",0,"Current"
"19:30:00","TMA_ZADAR",0,"Current"
"19:40:00","TMA_ZADAR",0,"Current"
"20:20:00","TMA_ZADAR",0,"Current"
"20:30:00","TMA_ZADAR",0,"Current"
"20:40:00","TMA_ZADAR",0,"Current"
"21:20:00","TMA_ZADAR",0,"Current"
"21:30:00","TMA_ZADAR",0,"Current"
"21:50:00","TMA_ZADAR",0,"Current"
"22:10:00","TMA_ZADAR",0,"Current"
"22:20:00","TMA_ZADAR",0,"Current"
"23:00:00","TMA_ZADAR",0,"Current"
"23:10:00","TMA_ZADAR",0,"Current"
"23:20:00","TMA_ZADAR",0,"Current"
"23:50:00","TMA_ZADAR",0,"Current"
"00:30:00","TMA_ZADAR",0,"Current"
"01:30:00","TMA_ZADAR",0,"Current"
"02:20:00","TMA_ZADAR",0,"Current"
"03:10:00","TMA_ZADAR",0,"Current"
"03:20:00","TMA_ZADAR",0,"Current"
"04:10:00","TMA_ZADAR",0,"Current"
"05:00:00","TMA_ZADAR",0,"Current"
"06:00:00","TMA_ZADAR",0,"Current"
"06:50:00","TMA_ZADAR",0,"Current"
"07:30:00","TMA_ZADAR",0,"Current"
"08:20:00","TMA_ZADAR",0,"Current"
"09:10:00","TMA_ZADAR",0,"Current"
"09:20:00","TMA_ZADAR",0,"Current"
"10:10:00","TMA_ZADAR",0,"Current"
"11:00:00","TMA_ZADAR",0,"Current"
"12:00:00","TMA_ZADAR",0,"Current"
"12:50:00","TMA_ZADAR",0,"Current"
"13:00:00","TMA_ZADAR",0,"Current"
"13:50:00","TMA_ZADAR",0,"Current"
"14:50:00","TMA_ZADAR",0,"Current"
"15:40:00","TMA_ZADAR",0,"Current"
"17:10:00","TMA_ZADAR",0,"Current"
"17:20:00","TMA_ZADAR",0,"Current"
"18:10:00","TMA_ZADAR",0,"Current"
"19:00:00","TMA_ZADAR",0,"Current"
"19:50:00","TMA_ZADAR",0,"Current"
"20:00:00","TMA_ZADAR",0,"Current"
"20:50:00","TMA_ZADAR",0,"Current"
"21:40:00","TMA_ZADAR",0,"Current"
"22:30:00","TMA_ZADAR",0,"Current"
"22:40:00","TMA_ZADAR",0,"Current"
"00:00:00","TMA_ZADAR",0,"Current"
"00:50:00","TMA_ZADAR",0,"Current"
"01:40:00","TMA_ZADAR",0,"Current"
"02:30:00","TMA_ZADAR",0,"Current"
"02:40:00","TMA_ZADAR",0,"Current"
"03:30:00","TMA_ZADAR",0,"Current"
"04:20:00","TMA_ZADAR",0,"Current"
"04:30:00","TMA_ZADAR",0,"Current"
"05:10:00","TMA_ZADAR",0,"Current"
"05:20:00","TMA_ZADAR",0,"Current"
"06:10:00","TMA_ZADAR",0,"Current"
"07:00:00","TMA_ZADAR",0,"Current"
"07:50:00","TMA_ZADAR",0,"Current"
"08:40:00","TMA_ZADAR",0,"Current"
"09:30:00","TMA_ZADAR",0,"Current"
"10:20:00","TMA_ZADAR",0,"Current"
"10:30:00","TMA_ZADAR",0,"Current"
"11:20:00","TMA_ZADAR",0,"Current"
"12:10:00","TMA_ZADAR",0,"Current"
"12:20:00","TMA_ZADAR",0,"Current"
"13:10:00","TMA_ZADAR",0,"Current"
"14:00:00","TMA_ZADAR",0,"Current"
"14:10:00","TMA_ZADAR",0,"Current"
"15:00:00","TMA_ZADAR",0,"Current"
"15:50:00","TMA_ZADAR",0,"Current"
"16:00:00","TMA_ZADAR",0,"Current"
"16:40:00","TMA_ZADAR",0,"Current"
"17:30:00","TMA_ZADAR",0,"Current"
"18:20:00","TMA_ZADAR",0,"Current"
"18:30:00","TMA_ZADAR",0,"Current"
"19:20:00","TMA_ZADAR",0,"Current"
"20:10:00","TMA_ZADAR",0,"Current"
"21:00:00","TMA_ZADAR",0,"Current"
"21:10:00","TMA_ZADAR",0,"Current"
"22:00:00","TMA_ZADAR",0,"Current"
"22:50:00","TMA_ZADAR",0,"Current"
"23:30:00","TMA_ZADAR",0,"Current"
"23:40:00","TMA_ZADAR",0,"Current"
"00:10:00","TMA_ZAGREB",0,"Current"
"01:10:00","TMA_ZAGREB",0,"Current"
"02:10:00","TMA_ZAGREB",0,"Current"
"03:00:00","TMA_ZAGREB",0,"Current"
"03:50:00","TMA_ZAGREB",0,"Current"
"04:00:00","TMA_ZAGREB",0,"Current"
"04:50:00","TMA_ZAGREB",2,"Current"
"05:40:00","TMA_ZAGREB",14,"Current"
"05:50:00","TMA_ZAGREB",15,"Current"
"06:40:00","TMA_ZAGREB",7,"Current"
"08:10:00","TMA_ZAGREB",8,"Current"
"09:00:00","TMA_ZAGREB",17,"Current"
"09:50:00","TMA_ZAGREB",13,"Current"
"10:00:00","TMA_ZAGREB",9,"Current"
"10:50:00","TMA_ZAGREB",11,"Current"
"11:30:00","TMA_ZAGREB",11,"Current"
"12:20:00","TMA_ZAGREB",11,"Current"
"13:10:00","TMA_ZAGREB",13,"Current"
"14:00:00","TMA_ZAGREB",13,"Current"
"14:50:00","TMA_ZAGREB",10,"Current"
"15:40:00","TMA_ZAGREB",10,"Current"
"15:50:00","TMA_ZAGREB",9,"Current"
"16:40:00","TMA_ZAGREB",3,"Current"
"17:30:00","TMA_ZAGREB",3,"Current"
"18:20:00","TMA_ZAGREB",3,"Current"
"18:30:00","TMA_ZAGREB",4,"Current"
"19:20:00","TMA_ZAGREB",5,"Current"
"20:50:00","TMA_ZAGREB",16,"Current"
"21:00:00","TMA_ZAGREB",14,"Current"
"21:40:00","TMA_ZAGREB",4,"Current"
"21:50:00","TMA_ZAGREB",3,"Current"
"22:40:00","TMA_ZAGREB",0,"Current"
"23:30:00","TMA_ZAGREB",1,"Current"
"00:20:00","TMA_ZAGREB",0,"Current"
"00:30:00","TMA_ZAGREB",0,"Current"
"01:30:00","TMA_ZAGREB",0,"Current"
"01:50:00","TMA_ZAGREB",0,"Current"
"02:40:00","TMA_ZAGREB",0,"Current"
"02:50:00","TMA_ZAGREB",0,"Current"
"03:40:00","TMA_ZAGREB",0,"Current"
"04:30:00","TMA_ZAGREB",0,"Current"
"04:40:00","TMA_ZAGREB",1,"Current"
"05:30:00","TMA_ZAGREB",12,"Current"
"06:20:00","TMA_ZAGREB",9,"Current"
"06:30:00","TMA_ZAGREB",9,"Current"
"07:20:00","TMA_ZAGREB",7,"Current"
"07:50:00","TMA_ZAGREB",8,"Current"
"08:40:00","TMA_ZAGREB",9,"Current"
"08:50:00","TMA_ZAGREB",12,"Current"
"09:40:00","TMA_ZAGREB",16,"Current"
"10:30:00","TMA_ZAGREB",7,"Current"
"11:00:00","TMA_ZAGREB",13,"Current"
"11:10:00","TMA_ZAGREB",13,"Current"
"12:00:00","TMA_ZAGREB",11,"Current"
"12:50:00","TMA_ZAGREB",14,"Current"
"13:40:00","TMA_ZAGREB",15,"Current"
"14:30:00","TMA_ZAGREB",14,"Current"
"15:20:00","TMA_ZAGREB",10,"Current"
"15:30:00","TMA_ZAGREB",10,"Current"
"16:20:00","TMA_ZAGREB",3,"Current"
"17:10:00","TMA_ZAGREB",4,"Current"
"17:20:00","TMA_ZAGREB",4,"Current"
"18:10:00","TMA_ZAGREB",2,"Current"
"19:10:00","TMA_ZAGREB",7,"Current"
"20:00:00","TMA_ZAGREB",8,"Current"
"20:30:00","TMA_ZAGREB",14,"Current"
"20:40:00","TMA_ZAGREB",15,"Current"
"21:30:00","TMA_ZAGREB",6,"Current"
"22:20:00","TMA_ZAGREB",0,"Current"
"23:10:00","TMA_ZAGREB",1,"Current"
"23:20:00","TMA_ZAGREB",1,"Current"
"00:00:00","TMA_ZAGREB",0,"Current"
"00:40:00","TMA_ZAGREB",0,"Current"
"00:50:00","TMA_ZAGREB",0,"Current"
"01:00:00","TMA_ZAGREB",0,"Current"
"01:20:00","TMA_ZAGREB",0,"Current"
"01:40:00","TMA_ZAGREB",0,"Current"
"02:00:00","TMA_ZAGREB",0,"Current"
"02:20:00","TMA_ZAGREB",0,"Current"
"02:30:00","TMA_ZAGREB",0,"Current"
"03:10:00","TMA_ZAGREB",0,"Current"
"03:20:00","TMA_ZAGREB",0,"Current"
"03:30:00","TMA_ZAGREB",0,"Current"
"04:10:00","TMA_ZAGREB",0,"Current"
"04:20:00","TMA_ZAGREB",0,"Current"
"05:00:00","TMA_ZAGREB",7,"Current"
"05:10:00","TMA_ZAGREB",9,"Current"
"05:20:00","TMA_ZAGREB",10,"Current"
"06:00:00","TMA_ZAGREB",10,"Current"
"06:10:00","TMA_ZAGREB",10,"Current"
"06:50:00","TMA_ZAGREB",7,"Current"
"07:00:00","TMA_ZAGREB",9,"Current"
"07:10:00","TMA_ZAGREB",7,"Current"
"07:30:00","TMA_ZAGREB",7,"Current"
"07:40:00","TMA_ZAGREB",10,"Current"
"08:00:00","TMA_ZAGREB",7,"Current"
"08:20:00","TMA_ZAGREB",9,"Current"
"08:30:00","TMA_ZAGREB",11,"Current"
"09:10:00","TMA_ZAGREB",17,"Current"
"09:20:00","TMA_ZAGREB",18,"Current"
"09:30:00","TMA_ZAGREB",16,"Current"
"10:10:00","TMA_ZAGREB",9,"Current"
"10:20:00","TMA_ZAGREB",7,"Current"
"10:40:00","TMA_ZAGREB",7,"Current"
"11:20:00","TMA_ZAGREB",12,"Current"
"11:40:00","TMA_ZAGREB",10,"Current"
"11:50:00","TMA_ZAGREB",9,"Current"
"12:10:00","TMA_ZAGREB",10,"Current"
"12:30:00","TMA_ZAGREB",13,"Current"
"12:40:00","TMA_ZAGREB",13,"Current"
"13:00:00","TMA_ZAGREB",13,"Current"
"13:20:00","TMA_ZAGREB",14,"Current"
"13:30:00","TMA_ZAGREB",13,"Current"
"13:50:00","TMA_ZAGREB",13,"Current"
"14:10:00","TMA_ZAGREB",15,"Current"
"14:20:00","TMA_ZAGREB",14,"Current"
"14:40:00","TMA_ZAGREB",10,"Current"
"15:00:00","TMA_ZAGREB",10,"Current"
"15:10:00","TMA_ZAGREB",10,"Current"
"16:00:00","TMA_ZAGREB",6,"Current"
"16:10:00","TMA_ZAGREB",4,"Current"
"16:30:00","TMA_ZAGREB",3,"Current"
"16:50:00","TMA_ZAGREB",3,"Current"
"17:00:00","TMA_ZAGREB",4,"Current"
"17:40:00","TMA_ZAGREB",3,"Current"
"17:50:00","TMA_ZAGREB",4,"Current"
"18:00:00","TMA_ZAGREB",3,"Current"
"18:40:00","TMA_ZAGREB",4,"Current"
"18:50:00","TMA_ZAGREB",3,"Current"
"19:00:00","TMA_ZAGREB",5,"Current"
"19:30:00","TMA_ZAGREB",6,"Current"
"19:40:00","TMA_ZAGREB",7,"Current"
"19:50:00","TMA_ZAGREB",7,"Current"
"20:10:00","TMA_ZAGREB",11,"Current"
"20:20:00","TMA_ZAGREB",14,"Current"
"21:10:00","TMA_ZAGREB",10,"Current"
"21:20:00","TMA_ZAGREB",8,"Current"
"22:00:00","TMA_ZAGREB",1,"Current"
"22:10:00","TMA_ZAGREB",1,"Current"
"22:30:00","TMA_ZAGREB",0,"Current"
"22:50:00","TMA_ZAGREB",0,"Current"
"23:00:00","TMA_ZAGREB",1,"Current"
"23:40:00","TMA_ZAGREB",1,"Current"
"23:50:00","TMA_ZAGREB",1,"Current"
"01:20:00","TMA_DUBROVNIK",0,"PBN"
"01:30:00","TMA_DUBROVNIK",0,"PBN"
"02:20:00","TMA_DUBROVNIK",0,"PBN"
"02:30:00","TMA_DUBROVNIK",0,"PBN"
"03:00:00","TMA_DUBROVNIK",0,"PBN"
"03:10:00","TMA_DUBROVNIK",0,"PBN"
"04:00:00","TMA_DUBROVNIK",0,"PBN"
"04:50:00","TMA_DUBROVNIK",0,"PBN"
"05:40:00","TMA_DUBROVNIK",0,"PBN"
"05:50:00","TMA_DUBROVNIK",0,"PBN"
"07:20:00","TMA_DUBROVNIK",0,"PBN"
"08:10:00","TMA_DUBROVNIK",0,"PBN"
"09:00:00","TMA_DUBROVNIK",0,"PBN"
"09:50:00","TMA_DUBROVNIK",0,"PBN"
"10:40:00","TMA_DUBROVNIK",0,"PBN"
"11:30:00","TMA_DUBROVNIK",0,"PBN"
"11:40:00","TMA_DUBROVNIK",0,"PBN"
"12:10:00","TMA_DUBROVNIK",0,"PBN"
"12:20:00","TMA_DUBROVNIK",0,"PBN"
"13:00:00","TMA_DUBROVNIK",0,"PBN"
"13:50:00","TMA_DUBROVNIK",0,"PBN"
"14:40:00","TMA_DUBROVNIK",0,"PBN"
"15:30:00","TMA_DUBROVNIK",0,"PBN"
"16:20:00","TMA_DUBROVNIK",0,"PBN"
"17:00:00","TMA_DUBROVNIK",0,"PBN"
"17:10:00","TMA_DUBROVNIK",0,"PBN"
"17:50:00","TMA_DUBROVNIK",0,"PBN"
"18:00:00","TMA_DUBROVNIK",0,"PBN"
"18:40:00","TMA_DUBROVNIK",0,"PBN"
"18:50:00","TMA_DUBROVNIK",0,"PBN"
"19:30:00","TMA_DUBROVNIK",0,"PBN"
"20:20:00","TMA_DUBROVNIK",0,"PBN"
"21:10:00","TMA_DUBROVNIK",0,"PBN"
"21:50:00","TMA_DUBROVNIK",0,"PBN"
"22:30:00","TMA_DUBROVNIK",0,"PBN"
"23:20:00","TMA_DUBROVNIK",0,"PBN"
"00:00:00","TMA_DUBROVNIK",0,"PBN"
"00:10:00","TMA_DUBROVNIK",0,"PBN"
"00:50:00","TMA_DUBROVNIK",0,"PBN"
"01:00:00","TMA_DUBROVNIK",0,"PBN"
"01:10:00","TMA_DUBROVNIK",0,"PBN"
"01:40:00","TMA_DUBROVNIK",0,"PBN"
"01:50:00","TMA_DUBROVNIK",0,"PBN"
"02:00:00","TMA_DUBROVNIK",0,"PBN"
"02:40:00","TMA_DUBROVNIK",0,"PBN"
"03:20:00","TMA_DUBROVNIK",0,"PBN"
"03:30:00","TMA_DUBROVNIK",0,"PBN"
"04:10:00","TMA_DUBROVNIK",0,"PBN"
"04:20:00","TMA_DUBROVNIK",0,"PBN"
"04:30:00","TMA_DUBROVNIK",0,"PBN"
"05:00:00","TMA_DUBROVNIK",0,"PBN"
"05:10:00","TMA_DUBROVNIK",0,"PBN"
"05:20:00","TMA_DUBROVNIK",0,"PBN"
"06:00:00","TMA_DUBROVNIK",0,"PBN"
"06:10:00","TMA_DUBROVNIK",0,"PBN"
"06:50:00","TMA_DUBROVNIK",0,"PBN"
"07:00:00","TMA_DUBROVNIK",0,"PBN"
"07:10:00","TMA_DUBROVNIK",0,"PBN"
"07:50:00","TMA_DUBROVNIK",0,"PBN"
"08:00:00","TMA_DUBROVNIK",0,"PBN"
"08:20:00","TMA_DUBROVNIK",0,"PBN"
"08:40:00","TMA_DUBROVNIK",0,"PBN"
"08:50:00","TMA_DUBROVNIK",0,"PBN"
"09:10:00","TMA_DUBROVNIK",0,"PBN"
"09:30:00","TMA_DUBROVNIK",0,"PBN"
"09:40:00","TMA_DUBROVNIK",0,"PBN"
"10:00:00","TMA_DUBROVNIK",0,"PBN"
"10:20:00","TMA_DUBROVNIK",0,"PBN"
"10:30:00","TMA_DUBROVNIK",0,"PBN"
"10:50:00","TMA_DUBROVNIK",0,"PBN"
"11:10:00","TMA_DUBROVNIK",0,"PBN"
"11:20:00","TMA_DUBROVNIK",0,"PBN"
"12:00:00","TMA_DUBROVNIK",0,"PBN"
"12:40:00","TMA_DUBROVNIK",0,"PBN"
"12:50:00","TMA_DUBROVNIK",0,"PBN"
"13:10:00","TMA_DUBROVNIK",0,"PBN"
"13:30:00","TMA_DUBROVNIK",0,"PBN"
"13:40:00","TMA_DUBROVNIK",0,"PBN"
"14:00:00","TMA_DUBROVNIK",0,"PBN"
"14:20:00","TMA_DUBROVNIK",0,"PBN"
"14:30:00","TMA_DUBROVNIK",0,"PBN"
"14:50:00","TMA_DUBROVNIK",0,"PBN"
"15:10:00","TMA_DUBROVNIK",0,"PBN"
"15:20:00","TMA_DUBROVNIK",0,"PBN"
"15:40:00","TMA_DUBROVNIK",0,"PBN"
"16:00:00","TMA_DUBROVNIK",0,"PBN"
"16:10:00","TMA_DUBROVNIK",0,"PBN"
"16:30:00","TMA_DUBROVNIK",0,"PBN"
"16:50:00","TMA_DUBROVNIK",0,"PBN"
"17:20:00","TMA_DUBROVNIK",0,"PBN"
"17:40:00","TMA_DUBROVNIK",0,"PBN"
"18:10:00","TMA_DUBROVNIK",0,"PBN"
"18:30:00","TMA_DUBROVNIK",0,"PBN"
"19:00:00","TMA_DUBROVNIK",0,"PBN"
"19:20:00","TMA_DUBROVNIK",0,"PBN"
"19:40:00","TMA_DUBROVNIK",0,"PBN"
"19:50:00","TMA_DUBROVNIK",0,"PBN"
"20:10:00","TMA_DUBROVNIK",0,"PBN"
"20:30:00","TMA_DUBROVNIK",0,"PBN"
"21:00:00","TMA_DUBROVNIK",0,"PBN"
"21:20:00","TMA_DUBROVNIK",0,"PBN"
"21:40:00","TMA_DUBROVNIK",0,"PBN"
"22:00:00","TMA_DUBROVNIK",0,"PBN"
"22:20:00","TMA_DUBROVNIK",0,"PBN"
"22:40:00","TMA_DUBROVNIK",0,"PBN"
"22:50:00","TMA_DUBROVNIK",0,"PBN"
"23:30:00","TMA_DUBROVNIK",0,"PBN"
"23:40:00","TMA_DUBROVNIK",0,"PBN"
"00:20:00","TMA_DUBROVNIK",0,"PBN"
"00:30:00","TMA_DUBROVNIK",0,"PBN"
"00:40:00","TMA_DUBROVNIK",0,"PBN"
"02:10:00","TMA_DUBROVNIK",0,"PBN"
"02:50:00","TMA_DUBROVNIK",0,"PBN"
"03:40:00","TMA_DUBROVNIK",0,"PBN"
"03:50:00","TMA_DUBROVNIK",0,"PBN"
"04:40:00","TMA_DUBROVNIK",0,"PBN"
"05:30:00","TMA_DUBROVNIK",0,"PBN"
"06:20:00","TMA_DUBROVNIK",0,"PBN"
"06:30:00","TMA_DUBROVNIK",0,"PBN"
"06:40:00","TMA_DUBROVNIK",0,"PBN"
"07:30:00","TMA_DUBROVNIK",0,"PBN"
"07:40:00","TMA_DUBROVNIK",0,"PBN"
"08:30:00","TMA_DUBROVNIK",0,"PBN"
"09:20:00","TMA_DUBROVNIK",0,"PBN"
"10:10:00","TMA_DUBROVNIK",0,"PBN"
"11:00:00","TMA_DUBROVNIK",0,"PBN"
"11:50:00","TMA_DUBROVNIK",0,"PBN"
"12:30:00","TMA_DUBROVNIK",0,"PBN"
"13:20:00","TMA_DUBROVNIK",0,"PBN"
"14:10:00","TMA_DUBROVNIK",0,"PBN"
"15:00:00","TMA_DUBROVNIK",0,"PBN"
"15:50:00","TMA_DUBROVNIK",0,"PBN"
"16:40:00","TMA_DUBROVNIK",0,"PBN"
"17:30:00","TMA_DUBROVNIK",0,"PBN"
"18:20:00","TMA_DUBROVNIK",0,"PBN"
"19:10:00","TMA_DUBROVNIK",0,"PBN"
"20:00:00","TMA_DUBROVNIK",0,"PBN"
"20:40:00","TMA_DUBROVNIK",0,"PBN"
"20:50:00","TMA_DUBROVNIK",0,"PBN"
"21:30:00","TMA_DUBROVNIK",0,"PBN"
"22:10:00","TMA_DUBROVNIK",0,"PBN"
"23:00:00","TMA_DUBROVNIK",0,"PBN"
"23:10:00","TMA_DUBROVNIK",0,"PBN"
"23:50:00","TMA_DUBROVNIK",0,"PBN"
"00:40:00","TMA_OSIJEK",0,"PBN"
"01:30:00","TMA_OSIJEK",0,"PBN"
"02:20:00","TMA_OSIJEK",0,"PBN"
"03:20:00","TMA_OSIJEK",0,"PBN"
"04:00:00","TMA_OSIJEK",0,"PBN"
"04:50:00","TMA_OSIJEK",7,"PBN"
"05:40:00","TMA_OSIJEK",0,"PBN"
"06:30:00","TMA_OSIJEK",1,"PBN"
"07:10:00","TMA_OSIJEK",3,"PBN"
"09:00:00","TMA_OSIJEK",9,"PBN"
"09:50:00","TMA_OSIJEK",14,"PBN"
"10:10:00","TMA_OSIJEK",20,"PBN"
"10:50:00","TMA_OSIJEK",14,"PBN"
"11:00:00","TMA_OSIJEK",14,"PBN"
"11:50:00","TMA_OSIJEK",21,"PBN"
"12:00:00","TMA_OSIJEK",14,"PBN"
"13:40:00","TMA_OSIJEK",0,"PBN"
"14:30:00","TMA_OSIJEK",7,"PBN"
"14:40:00","TMA_OSIJEK",10,"PBN"
"15:30:00","TMA_OSIJEK",4,"PBN"
"16:10:00","TMA_OSIJEK",0,"PBN"
"17:00:00","TMA_OSIJEK",0,"PBN"
"17:50:00","TMA_OSIJEK",0,"PBN"
"18:40:00","TMA_OSIJEK",0,"PBN"
"19:30:00","TMA_OSIJEK",10,"PBN"
"19:40:00","TMA_OSIJEK",10,"PBN"
"20:30:00","TMA_OSIJEK",3,"PBN"
"21:20:00","TMA_OSIJEK",0,"PBN"
"22:10:00","TMA_OSIJEK",0,"PBN"
"23:00:00","TMA_OSIJEK",0,"PBN"
"23:50:00","TMA_OSIJEK",0,"PBN"
"00:10:00","TMA_OSIJEK",0,"PBN"
"01:00:00","TMA_OSIJEK",0,"PBN"
"01:50:00","TMA_OSIJEK",0,"PBN"
"02:40:00","TMA_OSIJEK",0,"PBN"
"03:30:00","TMA_OSIJEK",0,"PBN"
"04:20:00","TMA_OSIJEK",7,"PBN"
"05:10:00","TMA_OSIJEK",4,"PBN"
"05:50:00","TMA_OSIJEK",0,"PBN"
"06:00:00","TMA_OSIJEK",0,"PBN"
"06:40:00","TMA_OSIJEK",3,"PBN"
"06:50:00","TMA_OSIJEK",3,"PBN"
"07:20:00","TMA_OSIJEK",3,"PBN"
"07:30:00","TMA_OSIJEK",5,"PBN"
"08:10:00","TMA_OSIJEK",7,"PBN"
"08:20:00","TMA_OSIJEK",10,"PBN"
"08:30:00","TMA_OSIJEK",6,"PBN"
"09:10:00","TMA_OSIJEK",12,"PBN"
"09:20:00","TMA_OSIJEK",11,"PBN"
"10:00:00","TMA_OSIJEK",16,"PBN"
"11:40:00","TMA_OSIJEK",21,"PBN"
"12:30:00","TMA_OSIJEK",4,"PBN"
"12:40:00","TMA_OSIJEK",0,"PBN"
"12:50:00","TMA_OSIJEK",0,"PBN"
"13:30:00","TMA_OSIJEK",0,"PBN"
"14:20:00","TMA_OSIJEK",3,"PBN"
"15:10:00","TMA_OSIJEK",7,"PBN"
"16:00:00","TMA_OSIJEK",0,"PBN"
"16:40:00","TMA_OSIJEK",0,"PBN"
"16:50:00","TMA_OSIJEK",0,"PBN"
"17:40:00","TMA_OSIJEK",0,"PBN"
"18:30:00","TMA_OSIJEK",0,"PBN"
"19:20:00","TMA_OSIJEK",10,"PBN"
"20:10:00","TMA_OSIJEK",6,"PBN"
"21:00:00","TMA_OSIJEK",2,"PBN"
"21:50:00","TMA_OSIJEK",0,"PBN"
"22:40:00","TMA_OSIJEK",0,"PBN"
"23:30:00","TMA_OSIJEK",0,"PBN"
"00:00:00","TMA_OSIJEK",0,"PBN"
"00:20:00","TMA_OSIJEK",0,"PBN"
"00:30:00","TMA_OSIJEK",0,"PBN"
"00:50:00","TMA_OSIJEK",0,"PBN"
"01:10:00","TMA_OSIJEK",0,"PBN"
"01:20:00","TMA_OSIJEK",0,"PBN"
"01:40:00","TMA_OSIJEK",0,"PBN"
"02:00:00","TMA_OSIJEK",0,"PBN"
"02:10:00","TMA_OSIJEK",0,"PBN"
"02:30:00","TMA_OSIJEK",0,"PBN"
"02:50:00","TMA_OSIJEK",0,"PBN"
"03:00:00","TMA_OSIJEK",0,"PBN"
"03:10:00","TMA_OSIJEK",0,"PBN"
"03:40:00","TMA_OSIJEK",0,"PBN"
"03:50:00","TMA_OSIJEK",0,"PBN"
"04:10:00","TMA_OSIJEK",3,"PBN"
"04:30:00","TMA_OSIJEK",7,"PBN"
"04:40:00","TMA_OSIJEK",7,"PBN"
"05:00:00","TMA_OSIJEK",7,"PBN"
"05:20:00","TMA_OSIJEK",0,"PBN"
"05:30:00","TMA_OSIJEK",0,"PBN"
"06:10:00","TMA_OSIJEK",0,"PBN"
"06:20:00","TMA_OSIJEK",0,"PBN"
"07:00:00","TMA_OSIJEK",3,"PBN"
"07:40:00","TMA_OSIJEK",7,"PBN"
"07:50:00","TMA_OSIJEK",7,"PBN"
"08:00:00","TMA_OSIJEK",7,"PBN"
"08:40:00","TMA_OSIJEK",3,"PBN"
"08:50:00","TMA_OSIJEK",4,"PBN"
"09:30:00","TMA_OSIJEK",14,"PBN"
"09:40:00","TMA_OSIJEK",15,"PBN"
"10:20:00","TMA_OSIJEK",18,"PBN"
"10:30:00","TMA_OSIJEK",15,"PBN"
"10:40:00","TMA_OSIJEK",14,"PBN"
"11:10:00","TMA_OSIJEK",14,"PBN"
"11:20:00","TMA_OSIJEK",14,"PBN"
"11:30:00","TMA_OSIJEK",17,"PBN"
"12:10:00","TMA_OSIJEK",7,"PBN"
"12:20:00","TMA_OSIJEK",7,"PBN"
"13:00:00","TMA_OSIJEK",0,"PBN"
"13:10:00","TMA_OSIJEK",0,"PBN"
"13:20:00","TMA_OSIJEK",0,"PBN"
"13:50:00","TMA_OSIJEK",1,"PBN"
"14:00:00","TMA_OSIJEK",3,"PBN"
"14:10:00","TMA_OSIJEK",3,"PBN"
"14:50:00","TMA_OSIJEK",9,"PBN"
"15:00:00","TMA_OSIJEK",8,"PBN"
"15:20:00","TMA_OSIJEK",7,"PBN"
"15:40:00","TMA_OSIJEK",0,"PBN"
"15:50:00","TMA_OSIJEK",0,"PBN"
"16:20:00","TMA_OSIJEK",0,"PBN"
"16:30:00","TMA_OSIJEK",0,"PBN"
"17:10:00","TMA_OSIJEK",0,"PBN"
"17:20:00","TMA_OSIJEK",0,"PBN"
"17:30:00","TMA_OSIJEK",0,"PBN"
"18:00:00","TMA_OSIJEK",0,"PBN"
"18:10:00","TMA_OSIJEK",0,"PBN"
"18:20:00","TMA_OSIJEK",0,"PBN"
"18:50:00","TMA_OSIJEK",1,"PBN"
"19:00:00","TMA_OSIJEK",3,"PBN"
"19:10:00","TMA_OSIJEK",7,"PBN"
"19:50:00","TMA_OSIJEK",9,"PBN"
"20:00:00","TMA_OSIJEK",9,"PBN"
"20:20:00","TMA_OSIJEK",4,"PBN"
"20:40:00","TMA_OSIJEK",3,"PBN"
"20:50:00","TMA_OSIJEK",3,"PBN"
"21:10:00","TMA_OSIJEK",1,"PBN"
"21:30:00","TMA_OSIJEK",0,"PBN"
"21:40:00","TMA_OSIJEK",0,"PBN"
"22:00:00","TMA_OSIJEK",0,"PBN"
"22:20:00","TMA_OSIJEK",0,"PBN"
"22:30:00","TMA_OSIJEK",0,"PBN"
"22:50:00","TMA_OSIJEK",0,"PBN"
"23:10:00","TMA_OSIJEK",0,"PBN"
"23:20:00","TMA_OSIJEK",0,"PBN"
"23:40:00","TMA_OSIJEK",0,"PBN"
"00:00:00","TMA_PULA",0,"PBN"
"00:10:00","TMA_PULA",1,"PBN"
"00:30:00","TMA_PULA",2,"PBN"
"00:50:00","TMA_PULA",2,"PBN"
"01:00:00","TMA_PULA",2,"PBN"
"01:20:00","TMA_PULA",0,"PBN"
"01:40:00","TMA_PULA",0,"PBN"
"02:00:00","TMA_PULA",0,"PBN"
"02:20:00","TMA_PULA",0,"PBN"
"02:30:00","TMA_PULA",0,"PBN"
"02:50:00","TMA_PULA",0,"PBN"
"03:10:00","TMA_PULA",0,"PBN"
"03:20:00","TMA_PULA",0,"PBN"
"03:40:00","TMA_PULA",0,"PBN"
"04:00:00","TMA_PULA",0,"PBN"
"04:10:00","TMA_PULA",0,"PBN"
"04:50:00","TMA_PULA",1,"PBN"
"05:00:00","TMA_PULA",2,"PBN"
"05:10:00","TMA_PULA",5,"PBN"
"05:50:00","TMA_PULA",13,"PBN"
"06:00:00","TMA_PULA",12,"PBN"
"06:10:00","TMA_PULA",12,"PBN"
"06:40:00","TMA_PULA",14,"PBN"
"06:50:00","TMA_PULA",13,"PBN"
"07:00:00","TMA_PULA",15,"PBN"
"07:30:00","TMA_PULA",32,"PBN"
"07:40:00","TMA_PULA",37,"PBN"
"07:50:00","TMA_PULA",39,"PBN"
"08:30:00","TMA_PULA",32,"PBN"
"08:40:00","TMA_PULA",32,"PBN"
"09:20:00","TMA_PULA",43,"PBN"
"09:30:00","TMA_PULA",44,"PBN"
"09:40:00","TMA_PULA",39,"PBN"
"10:20:00","TMA_PULA",34,"PBN"
"10:30:00","TMA_PULA",30,"PBN"
"11:00:00","TMA_PULA",24,"PBN"
"11:10:00","TMA_PULA",24,"PBN"
"11:20:00","TMA_PULA",24,"PBN"
"11:50:00","TMA_PULA",36,"PBN"
"12:00:00","TMA_PULA",33,"PBN"
"12:10:00","TMA_PULA",30,"PBN"
"12:50:00","TMA_PULA",13,"PBN"
"13:00:00","TMA_PULA",15,"PBN"
"13:40:00","TMA_PULA",20,"PBN"
"13:50:00","TMA_PULA",17,"PBN"
"14:00:00","TMA_PULA",14,"PBN"
"14:40:00","TMA_PULA",13,"PBN"
"14:50:00","TMA_PULA",14,"PBN"
"15:30:00","TMA_PULA",13,"PBN"
"15:40:00","TMA_PULA",12,"PBN"
"15:50:00","TMA_PULA",9,"PBN"
"16:30:00","TMA_PULA",9,"PBN"
"16:40:00","TMA_PULA",10,"PBN"
"16:50:00","TMA_PULA",17,"PBN"
"17:20:00","TMA_PULA",27,"PBN"
"17:30:00","TMA_PULA",25,"PBN"
"17:40:00","TMA_PULA",25,"PBN"
"18:20:00","TMA_PULA",17,"PBN"
"18:30:00","TMA_PULA",23,"PBN"
"18:40:00","TMA_PULA",26,"PBN"
"19:10:00","TMA_PULA",19,"PBN"
"19:20:00","TMA_PULA",19,"PBN"
"19:30:00","TMA_PULA",14,"PBN"
"20:10:00","TMA_PULA",6,"PBN"
"20:50:00","TMA_PULA",6,"PBN"
"21:00:00","TMA_PULA",6,"PBN"
"21:10:00","TMA_PULA",3,"PBN"
"21:50:00","TMA_PULA",2,"PBN"
"22:00:00","TMA_PULA",4,"PBN"
"22:40:00","TMA_PULA",2,"PBN"
"22:50:00","TMA_PULA",2,"PBN"
"23:30:00","TMA_PULA",0,"PBN"
"23:40:00","TMA_PULA",0,"PBN"
"23:50:00","TMA_PULA",0,"PBN"
"00:40:00","TMA_PULA",2,"PBN"
"01:30:00","TMA_PULA",0,"PBN"
"02:10:00","TMA_PULA",0,"PBN"
"03:00:00","TMA_PULA",0,"PBN"
"03:50:00","TMA_PULA",0,"PBN"
"04:40:00","TMA_PULA",1,"PBN"
"05:30:00","TMA_PULA",7,"PBN"
"05:40:00","TMA_PULA",8,"PBN"
"07:10:00","TMA_PULA",20,"PBN"
"08:50:00","TMA_PULA",33,"PBN"
"09:00:00","TMA_PULA",36,"PBN"
"09:50:00","TMA_PULA",38,"PBN"
"10:40:00","TMA_PULA",29,"PBN"
"10:50:00","TMA_PULA",27,"PBN"
"11:30:00","TMA_PULA",26,"PBN"
"12:30:00","TMA_PULA",25,"PBN"
"13:10:00","TMA_PULA",15,"PBN"
"14:10:00","TMA_PULA",13,"PBN"
"15:00:00","TMA_PULA",14,"PBN"
"15:20:00","TMA_PULA",13,"PBN"
"17:00:00","TMA_PULA",22,"PBN"
"17:50:00","TMA_PULA",27,"PBN"
"18:50:00","TMA_PULA",18,"PBN"
"19:00:00","TMA_PULA",17,"PBN"
"19:40:00","TMA_PULA",11,"PBN"
"19:50:00","TMA_PULA",9,"PBN"
"20:00:00","TMA_PULA",6,"PBN"
"20:40:00","TMA_PULA",6,"PBN"
"21:30:00","TMA_PULA",1,"PBN"
"21:40:00","TMA_PULA",1,"PBN"
"22:20:00","TMA_PULA",4,"PBN"
"22:30:00","TMA_PULA",3,"PBN"
"23:20:00","TMA_PULA",0,"PBN"
"00:20:00","TMA_PULA",2,"PBN"
"01:10:00","TMA_PULA",1,"PBN"
"01:50:00","TMA_PULA",0,"PBN"
"02:40:00","TMA_PULA",0,"PBN"
"03:30:00","TMA_PULA",0,"PBN"
"04:20:00","TMA_PULA",0,"PBN"
"04:30:00","TMA_PULA",1,"PBN"
"05:20:00","TMA_PULA",8,"PBN"
"06:20:00","TMA_PULA",11,"PBN"
"06:30:00","TMA_PULA",12,"PBN"
"07:20:00","TMA_PULA",28,"PBN"
"08:00:00","TMA_PULA",44,"PBN"
"08:10:00","TMA_PULA",39,"PBN"
"08:20:00","TMA_PULA",32,"PBN"
"09:10:00","TMA_PULA",40,"PBN"
"10:00:00","TMA_PULA",37,"PBN"
"10:10:00","TMA_PULA",36,"PBN"
"11:40:00","TMA_PULA",34,"PBN"
"12:20:00","TMA_PULA",29,"PBN"
"12:40:00","TMA_PULA",14,"PBN"
"13:20:00","TMA_PULA",18,"PBN"
"13:30:00","TMA_PULA",19,"PBN"
"14:20:00","TMA_PULA",12,"PBN"
"14:30:00","TMA_PULA",12,"PBN"
"15:10:00","TMA_PULA",15,"PBN"
"16:00:00","TMA_PULA",8,"PBN"
"16:10:00","TMA_PULA",8,"PBN"
"16:20:00","TMA_PULA",8,"PBN"
"17:10:00","TMA_PULA",28,"PBN"
"18:00:00","TMA_PULA",26,"PBN"
"18:10:00","TMA_PULA",18,"PBN"
"20:20:00","TMA_PULA",6,"PBN"
"20:30:00","TMA_PULA",6,"PBN"
"21:20:00","TMA_PULA",2,"PBN"
"22:10:00","TMA_PULA",4,"PBN"
"23:00:00","TMA_PULA",0,"PBN"
"23:10:00","TMA_PULA",0,"PBN"
"00:00:00","TMA_SPLIT",0,"PBN"
"00:10:00","TMA_SPLIT",0,"PBN"
"01:40:00","TMA_SPLIT",0,"PBN"
"01:50:00","TMA_SPLIT",0,"PBN"
"02:40:00","TMA_SPLIT",0,"PBN"
"03:30:00","TMA_SPLIT",0,"PBN"
"04:20:00","TMA_SPLIT",0,"PBN"
"04:30:00","TMA_SPLIT",0,"PBN"
"05:10:00","TMA_SPLIT",0,"PBN"
"05:20:00","TMA_SPLIT",0,"PBN"
"06:00:00","TMA_SPLIT",0,"PBN"
"06:50:00","TMA_SPLIT",0,"PBN"
"07:30:00","TMA_SPLIT",0,"PBN"
"07:40:00","TMA_SPLIT",0,"PBN"
"08:20:00","TMA_SPLIT",0,"PBN"
"08:30:00","TMA_SPLIT",0,"PBN"
"09:10:00","TMA_SPLIT",0,"PBN"
"10:00:00","TMA_SPLIT",0,"PBN"
"10:50:00","TMA_SPLIT",0,"PBN"
"11:40:00","TMA_SPLIT",0,"PBN"
"12:30:00","TMA_SPLIT",0,"PBN"
"13:20:00","TMA_SPLIT",0,"PBN"
"14:00:00","TMA_SPLIT",0,"PBN"
"14:10:00","TMA_SPLIT",0,"PBN"
"14:50:00","TMA_SPLIT",0,"PBN"
"15:30:00","TMA_SPLIT",0,"PBN"
"15:40:00","TMA_SPLIT",0,"PBN"
"16:20:00","TMA_SPLIT",0,"PBN"
"16:30:00","TMA_SPLIT",0,"PBN"
"17:20:00","TMA_SPLIT",0,"PBN"
"18:40:00","TMA_SPLIT",0,"PBN"
"18:50:00","TMA_SPLIT",0,"PBN"
"19:40:00","TMA_SPLIT",0,"PBN"
"20:30:00","TMA_SPLIT",0,"PBN"
"21:20:00","TMA_SPLIT",0,"PBN"
"22:10:00","TMA_SPLIT",0,"PBN"
"22:50:00","TMA_SPLIT",0,"PBN"
"23:00:00","TMA_SPLIT",0,"PBN"
"23:50:00","TMA_SPLIT",0,"PBN"
"00:20:00","TMA_SPLIT",0,"PBN"
"00:30:00","TMA_SPLIT",0,"PBN"
"00:40:00","TMA_SPLIT",0,"PBN"
"01:20:00","TMA_SPLIT",0,"PBN"
"01:30:00","TMA_SPLIT",0,"PBN"
"02:10:00","TMA_SPLIT",0,"PBN"
"02:20:00","TMA_SPLIT",0,"PBN"
"02:30:00","TMA_SPLIT",0,"PBN"
"03:00:00","TMA_SPLIT",0,"PBN"
"03:10:00","TMA_SPLIT",0,"PBN"
"03:20:00","TMA_SPLIT",0,"PBN"
"04:00:00","TMA_SPLIT",0,"PBN"
"04:10:00","TMA_SPLIT",0,"PBN"
"04:50:00","TMA_SPLIT",0,"PBN"
"05:00:00","TMA_SPLIT",0,"PBN"
"05:40:00","TMA_SPLIT",0,"PBN"
"05:50:00","TMA_SPLIT",0,"PBN"
"06:20:00","TMA_SPLIT",0,"PBN"
"06:30:00","TMA_SPLIT",0,"PBN"
"06:40:00","TMA_SPLIT",0,"PBN"
"07:10:00","TMA_SPLIT",0,"PBN"
"07:20:00","TMA_SPLIT",0,"PBN"
"08:10:00","TMA_SPLIT",0,"PBN"
"09:00:00","TMA_SPLIT",0,"PBN"
"09:20:00","TMA_SPLIT",0,"PBN"
"09:50:00","TMA_SPLIT",0,"PBN"
"10:10:00","TMA_SPLIT",0,"PBN"
"10:40:00","TMA_SPLIT",0,"PBN"
"11:00:00","TMA_SPLIT",0,"PBN"
"11:30:00","TMA_SPLIT",0,"PBN"
"11:50:00","TMA_SPLIT",0,"PBN"
"12:20:00","TMA_SPLIT",0,"PBN"
"12:40:00","TMA_SPLIT",0,"PBN"
"13:10:00","TMA_SPLIT",0,"PBN"
"13:30:00","TMA_SPLIT",0,"PBN"
"14:20:00","TMA_SPLIT",0,"PBN"
"15:00:00","TMA_SPLIT",0,"PBN"
"15:10:00","TMA_SPLIT",0,"PBN"
"15:50:00","TMA_SPLIT",0,"PBN"
"16:00:00","TMA_SPLIT",0,"PBN"
"16:40:00","TMA_SPLIT",0,"PBN"
"16:50:00","TMA_SPLIT",0,"PBN"
"17:30:00","TMA_SPLIT",0,"PBN"
"17:40:00","TMA_SPLIT",0,"PBN"
"17:50:00","TMA_SPLIT",0,"PBN"
"18:20:00","TMA_SPLIT",0,"PBN"
"18:30:00","TMA_SPLIT",0,"PBN"
"19:10:00","TMA_SPLIT",0,"PBN"
"19:20:00","TMA_SPLIT",0,"PBN"
"19:30:00","TMA_SPLIT",0,"PBN"
"20:00:00","TMA_SPLIT",0,"PBN"
"20:10:00","TMA_SPLIT",0,"PBN"
"20:20:00","TMA_SPLIT",0,"PBN"
"21:00:00","TMA_SPLIT",0,"PBN"
"21:10:00","TMA_SPLIT",0,"PBN"
"21:50:00","TMA_SPLIT",0,"PBN"
"22:00:00","TMA_SPLIT",0,"PBN"
"22:20:00","TMA_SPLIT",0,"PBN"
"22:40:00","TMA_SPLIT",0,"PBN"
"23:20:00","TMA_SPLIT",0,"PBN"
"23:30:00","TMA_SPLIT",0,"PBN"
"23:40:00","TMA_SPLIT",0,"PBN"
"00:50:00","TMA_SPLIT",0,"PBN"
"01:00:00","TMA_SPLIT",0,"PBN"
"01:10:00","TMA_SPLIT",0,"PBN"
"02:00:00","TMA_SPLIT",0,"PBN"
"02:50:00","TMA_SPLIT",0,"PBN"
"03:40:00","TMA_SPLIT",0,"PBN"
"03:50:00","TMA_SPLIT",0,"PBN"
"04:40:00","TMA_SPLIT",0,"PBN"
"05:30:00","TMA_SPLIT",0,"PBN"
"06:10:00","TMA_SPLIT",0,"PBN"
"07:00:00","TMA_SPLIT",0,"PBN"
"07:50:00","TMA_SPLIT",0,"PBN"
"08:00:00","TMA_SPLIT",0,"PBN"
"08:40:00","TMA_SPLIT",0,"PBN"
"08:50:00","TMA_SPLIT",0,"PBN"
"09:30:00","TMA_SPLIT",0,"PBN"
"09:40:00","TMA_SPLIT",0,"PBN"
"10:20:00","TMA_SPLIT",0,"PBN"
"10:30:00","TMA_SPLIT",0,"PBN"
"11:10:00","TMA_SPLIT",0,"PBN"
"11:20:00","TMA_SPLIT",0,"PBN"
"12:00:00","TMA_SPLIT",0,"PBN"
"12:10:00","TMA_SPLIT",0,"PBN"
"12:50:00","TMA_SPLIT",0,"PBN"
"13:00:00","TMA_SPLIT",0,"PBN"
"13:40:00","TMA_SPLIT",0,"PBN"
"13:50:00","TMA_SPLIT",0,"PBN"
"14:30:00","TMA_SPLIT",0,"PBN"
"14:40:00","TMA_SPLIT",0,"PBN"
"15:20:00","TMA_SPLIT",0,"PBN"
"16:10:00","TMA_SPLIT",0,"PBN"
"17:00:00","TMA_SPLIT",0,"PBN"
"17:10:00","TMA_SPLIT",0,"PBN"
"18:00:00","TMA_SPLIT",0,"PBN"
"18:10:00","TMA_SPLIT",0,"PBN"
"19:00:00","TMA_SPLIT",0,"PBN"
"19:50:00","TMA_SPLIT",0,"PBN"
"20:40:00","TMA_SPLIT",0,"PBN"
"20:50:00","TMA_SPLIT",0,"PBN"
"21:30:00","TMA_SPLIT",0,"PBN"
"21:40:00","TMA_SPLIT",0,"PBN"
"22:30:00","TMA_SPLIT",0,"PBN"
"23:10:00","TMA_SPLIT",0,"PBN"
"00:00:00","TMA_ZADAR",0,"PBN"
"00:40:00","TMA_ZADAR",0,"PBN"
"00:50:00","TMA_ZADAR",0,"PBN"
"01:40:00","TMA_ZADAR",0,"PBN"
"02:30:00","TMA_ZADAR",0,"PBN"
"03:20:00","TMA_ZADAR",0,"PBN"
"04:10:00","TMA_ZADAR",0,"PBN"
"05:00:00","TMA_ZADAR",0,"PBN"
"05:50:00","TMA_ZADAR",0,"PBN"
"07:20:00","TMA_ZADAR",0,"PBN"
"08:10:00","TMA_ZADAR",0,"PBN"
"09:00:00","TMA_ZADAR",0,"PBN"
"09:40:00","TMA_ZADAR",0,"PBN"
"10:30:00","TMA_ZADAR",0,"PBN"
"11:20:00","TMA_ZADAR",0,"PBN"
"12:00:00","TMA_ZADAR",0,"PBN"
"12:10:00","TMA_ZADAR",0,"PBN"
"12:50:00","TMA_ZADAR",0,"PBN"
"13:40:00","TMA_ZADAR",0,"PBN"
"14:30:00","TMA_ZADAR",0,"PBN"
"15:20:00","TMA_ZADAR",0,"PBN"
"16:10:00","TMA_ZADAR",0,"PBN"
"17:00:00","TMA_ZADAR",0,"PBN"
"17:50:00","TMA_ZADAR",0,"PBN"
"18:30:00","TMA_ZADAR",0,"PBN"
"18:40:00","TMA_ZADAR",0,"PBN"
"19:20:00","TMA_ZADAR",0,"PBN"
"20:00:00","TMA_ZADAR",0,"PBN"
"20:10:00","TMA_ZADAR",0,"PBN"
"21:00:00","TMA_ZADAR",0,"PBN"
"21:50:00","TMA_ZADAR",0,"PBN"
"22:40:00","TMA_ZADAR",0,"PBN"
"23:30:00","TMA_ZADAR",0,"PBN"
"00:30:00","TMA_ZADAR",0,"PBN"
"01:20:00","TMA_ZADAR",0,"PBN"
"02:10:00","TMA_ZADAR",0,"PBN"
"03:00:00","TMA_ZADAR",0,"PBN"
"03:50:00","TMA_ZADAR",0,"PBN"
"04:40:00","TMA_ZADAR",0,"PBN"
"05:20:00","TMA_ZADAR",0,"PBN"
"05:30:00","TMA_ZADAR",0,"PBN"
"06:10:00","TMA_ZADAR",0,"PBN"
"07:00:00","TMA_ZADAR",0,"PBN"
"07:40:00","TMA_ZADAR",0,"PBN"
"07:50:00","TMA_ZADAR",0,"PBN"
"08:30:00","TMA_ZADAR",0,"PBN"
"08:40:00","TMA_ZADAR",0,"PBN"
"09:20:00","TMA_ZADAR",0,"PBN"
"10:10:00","TMA_ZADAR",0,"PBN"
"10:50:00","TMA_ZADAR",0,"PBN"
"11:00:00","TMA_ZADAR",0,"PBN"
"11:40:00","TMA_ZADAR",0,"PBN"
"12:30:00","TMA_ZADAR",0,"PBN"
"13:20:00","TMA_ZADAR",0,"PBN"
"14:00:00","TMA_ZADAR",0,"PBN"
"14:10:00","TMA_ZADAR",0,"PBN"
"14:50:00","TMA_ZADAR",0,"PBN"
"15:00:00","TMA_ZADAR",0,"PBN"
"15:40:00","TMA_ZADAR",0,"PBN"
"16:30:00","TMA_ZADAR",0,"PBN"
"17:20:00","TMA_ZADAR",0,"PBN"
"18:10:00","TMA_ZADAR",0,"PBN"
"19:40:00","TMA_ZADAR",0,"PBN"
"20:20:00","TMA_ZADAR",0,"PBN"
"20:30:00","TMA_ZADAR",0,"PBN"
"21:10:00","TMA_ZADAR",0,"PBN"
"21:20:00","TMA_ZADAR",0,"PBN"
"22:00:00","TMA_ZADAR",0,"PBN"
"22:10:00","TMA_ZADAR",0,"PBN"
"22:50:00","TMA_ZADAR",0,"PBN"
"23:00:00","TMA_ZADAR",0,"PBN"
"23:50:00","TMA_ZADAR",0,"PBN"
"00:10:00","TMA_ZADAR",0,"PBN"
"00:20:00","TMA_ZADAR",0,"PBN"
"01:00:00","TMA_ZADAR",0,"PBN"
"01:10:00","TMA_ZADAR",0,"PBN"
"01:30:00","TMA_ZADAR",0,"PBN"
"01:50:00","TMA_ZADAR",0,"PBN"
"02:00:00","TMA_ZADAR",0,"PBN"
"02:20:00","TMA_ZADAR",0,"PBN"
"02:40:00","TMA_ZADAR",0,"PBN"
"02:50:00","TMA_ZADAR",0,"PBN"
"03:10:00","TMA_ZADAR",0,"PBN"
"03:30:00","TMA_ZADAR",0,"PBN"
"03:40:00","TMA_ZADAR",0,"PBN"
"04:00:00","TMA_ZADAR",0,"PBN"
"04:20:00","TMA_ZADAR",0,"PBN"
"04:30:00","TMA_ZADAR",0,"PBN"
"04:50:00","TMA_ZADAR",0,"PBN"
"05:10:00","TMA_ZADAR",0,"PBN"
"05:40:00","TMA_ZADAR",0,"PBN"
"06:00:00","TMA_ZADAR",0,"PBN"
"06:20:00","TMA_ZADAR",0,"PBN"
"06:30:00","TMA_ZADAR",0,"PBN"
"06:40:00","TMA_ZADAR",0,"PBN"
"06:50:00","TMA_ZADAR",0,"PBN"
"07:10:00","TMA_ZADAR",0,"PBN"
"07:30:00","TMA_ZADAR",0,"PBN"
"08:00:00","TMA_ZADAR",0,"PBN"
"08:20:00","TMA_ZADAR",0,"PBN"
"08:50:00","TMA_ZADAR",0,"PBN"
"09:10:00","TMA_ZADAR",0,"PBN"
"09:30:00","TMA_ZADAR",0,"PBN"
"09:50:00","TMA_ZADAR",0,"PBN"
"10:00:00","TMA_ZADAR",0,"PBN"
"10:20:00","TMA_ZADAR",0,"PBN"
"10:40:00","TMA_ZADAR",0,"PBN"
"11:10:00","TMA_ZADAR",0,"PBN"
"11:30:00","TMA_ZADAR",0,"PBN"
"11:50:00","TMA_ZADAR",0,"PBN"
"12:20:00","TMA_ZADAR",0,"PBN"
"12:40:00","TMA_ZADAR",0,"PBN"
"13:00:00","TMA_ZADAR",0,"PBN"
"13:10:00","TMA_ZADAR",0,"PBN"
"13:30:00","TMA_ZADAR",0,"PBN"
"13:50:00","TMA_ZADAR",0,"PBN"
"14:20:00","TMA_ZADAR",0,"PBN"
"14:40:00","TMA_ZADAR",0,"PBN"
"15:10:00","TMA_ZADAR",0,"PBN"
"15:30:00","TMA_ZADAR",0,"PBN"
"15:50:00","TMA_ZADAR",0,"PBN"
"16:00:00","TMA_ZADAR",0,"PBN"
"16:20:00","TMA_ZADAR",0,"PBN"
"16:40:00","TMA_ZADAR",0,"PBN"
"16:50:00","TMA_ZADAR",0,"PBN"
"17:10:00","TMA_ZADAR",0,"PBN"
"17:30:00","TMA_ZADAR",0,"PBN"
"17:40:00","TMA_ZADAR",0,"PBN"
"18:00:00","TMA_ZADAR",0,"PBN"
"18:20:00","TMA_ZADAR",0,"PBN"
"18:50:00","TMA_ZADAR",0,"PBN"
"19:00:00","TMA_ZADAR",0,"PBN"
"19:10:00","TMA_ZADAR",0,"PBN"
"19:30:00","TMA_ZADAR",0,"PBN"
"19:50:00","TMA_ZADAR",0,"PBN"
"20:40:00","TMA_ZADAR",0,"PBN"
"20:50:00","TMA_ZADAR",0,"PBN"
"21:30:00","TMA_ZADAR",0,"PBN"
"21:40:00","TMA_ZADAR",0,"PBN"
"22:20:00","TMA_ZADAR",0,"PBN"
"22:30:00","TMA_ZADAR",0,"PBN"
"23:10:00","TMA_ZADAR",0,"PBN"
"23:20:00","TMA_ZADAR",0,"PBN"
"23:40:00","TMA_ZADAR",0,"PBN"
"00:00:00","TMA_ZAGREB",0,"PBN"
"00:10:00","TMA_ZAGREB",0,"PBN"
"00:30:00","TMA_ZAGREB",0,"PBN"
"00:50:00","TMA_ZAGREB",0,"PBN"
"01:00:00","TMA_ZAGREB",0,"PBN"
"01:10:00","TMA_ZAGREB",0,"PBN"
"01:40:00","TMA_ZAGREB",0,"PBN"
"01:50:00","TMA_ZAGREB",0,"PBN"
"02:00:00","TMA_ZAGREB",0,"PBN"
"02:40:00","TMA_ZAGREB",0,"PBN"
"02:50:00","TMA_ZAGREB",0,"PBN"
"03:10:00","TMA_ZAGREB",0,"PBN"
"03:30:00","TMA_ZAGREB",0,"PBN"
"03:40:00","TMA_ZAGREB",0,"PBN"
"03:50:00","TMA_ZAGREB",0,"PBN"
"04:20:00","TMA_ZAGREB",1,"PBN"
"04:30:00","TMA_ZAGREB",1,"PBN"
"05:10:00","TMA_ZAGREB",8,"PBN"
"05:20:00","TMA_ZAGREB",8,"PBN"
"05:40:00","TMA_ZAGREB",12,"PBN"
"06:00:00","TMA_ZAGREB",9,"PBN"
"06:10:00","TMA_ZAGREB",8,"PBN"
"06:50:00","TMA_ZAGREB",7,"PBN"
"07:00:00","TMA_ZAGREB",9,"PBN"
"07:20:00","TMA_ZAGREB",7,"PBN"
"07:40:00","TMA_ZAGREB",8,"PBN"
"08:30:00","TMA_ZAGREB",10,"PBN"
"09:20:00","TMA_ZAGREB",13,"PBN"
"10:10:00","TMA_ZAGREB",3,"PBN"
"11:00:00","TMA_ZAGREB",14,"PBN"
"11:50:00","TMA_ZAGREB",9,"PBN"
"12:40:00","TMA_ZAGREB",11,"PBN"
"13:10:00","TMA_ZAGREB",9,"PBN"
"13:30:00","TMA_ZAGREB",7,"PBN"
"13:50:00","TMA_ZAGREB",8,"PBN"
"14:10:00","TMA_ZAGREB",13,"PBN"
"14:30:00","TMA_ZAGREB",17,"PBN"
"15:00:00","TMA_ZAGREB",13,"PBN"
"15:20:00","TMA_ZAGREB",10,"PBN"
"15:50:00","TMA_ZAGREB",10,"PBN"
"16:10:00","TMA_ZAGREB",6,"PBN"
"16:30:00","TMA_ZAGREB",3,"PBN"
"17:00:00","TMA_ZAGREB",3,"PBN"
"17:20:00","TMA_ZAGREB",4,"PBN"
"17:50:00","TMA_ZAGREB",4,"PBN"
"18:10:00","TMA_ZAGREB",2,"PBN"
"18:30:00","TMA_ZAGREB",3,"PBN"
"18:40:00","TMA_ZAGREB",3,"PBN"
"19:00:00","TMA_ZAGREB",4,"PBN"
"19:20:00","TMA_ZAGREB",5,"PBN"
"19:50:00","TMA_ZAGREB",11,"PBN"
"20:10:00","TMA_ZAGREB",11,"PBN"
"20:30:00","TMA_ZAGREB",11,"PBN"
"20:50:00","TMA_ZAGREB",12,"PBN"
"21:00:00","TMA_ZAGREB",11,"PBN"
"21:20:00","TMA_ZAGREB",9,"PBN"
"21:40:00","TMA_ZAGREB",4,"PBN"
"21:50:00","TMA_ZAGREB",3,"PBN"
"22:10:00","TMA_ZAGREB",1,"PBN"
"22:30:00","TMA_ZAGREB",0,"PBN"
"22:40:00","TMA_ZAGREB",0,"PBN"
"23:10:00","TMA_ZAGREB",1,"PBN"
"23:20:00","TMA_ZAGREB",1,"PBN"
"23:40:00","TMA_ZAGREB",1,"PBN"
"00:40:00","TMA_ZAGREB",0,"PBN"
"01:30:00","TMA_ZAGREB",0,"PBN"
"02:20:00","TMA_ZAGREB",0,"PBN"
"02:30:00","TMA_ZAGREB",0,"PBN"
"03:20:00","TMA_ZAGREB",0,"PBN"
"04:10:00","TMA_ZAGREB",0,"PBN"
"05:30:00","TMA_ZAGREB",10,"PBN"
"06:20:00","TMA_ZAGREB",8,"PBN"
"07:10:00","TMA_ZAGREB",8,"PBN"
"07:50:00","TMA_ZAGREB",8,"PBN"
"08:00:00","TMA_ZAGREB",5,"PBN"
"08:40:00","TMA_ZAGREB",8,"PBN"
"08:50:00","TMA_ZAGREB",8,"PBN"
"09:30:00","TMA_ZAGREB",9,"PBN"
"09:40:00","TMA_ZAGREB",10,"PBN"
"10:20:00","TMA_ZAGREB",4,"PBN"
"10:30:00","TMA_ZAGREB",6,"PBN"
"11:10:00","TMA_ZAGREB",14,"PBN"
"11:20:00","TMA_ZAGREB",13,"PBN"
"12:00:00","TMA_ZAGREB",9,"PBN"
"12:10:00","TMA_ZAGREB",7,"PBN"
"12:50:00","TMA_ZAGREB",11,"PBN"
"13:00:00","TMA_ZAGREB",9,"PBN"
"13:40:00","TMA_ZAGREB",9,"PBN"
"14:20:00","TMA_ZAGREB",15,"PBN"
"15:10:00","TMA_ZAGREB",12,"PBN"
"16:00:00","TMA_ZAGREB",7,"PBN"
"16:40:00","TMA_ZAGREB",2,"PBN"
"16:50:00","TMA_ZAGREB",3,"PBN"
"17:30:00","TMA_ZAGREB",4,"PBN"
"17:40:00","TMA_ZAGREB",4,"PBN"
"18:20:00","TMA_ZAGREB",2,"PBN"
"19:10:00","TMA_ZAGREB",5,"PBN"
"20:00:00","TMA_ZAGREB",12,"PBN"
"20:40:00","TMA_ZAGREB",12,"PBN"
"21:30:00","TMA_ZAGREB",7,"PBN"
"22:20:00","TMA_ZAGREB",0,"PBN"
"23:00:00","TMA_ZAGREB",1,"PBN"
"23:50:00","TMA_ZAGREB",1,"PBN"
"00:20:00","TMA_ZAGREB",0,"PBN"
"01:20:00","TMA_ZAGREB",0,"PBN"
"02:10:00","TMA_ZAGREB",0,"PBN"
"03:00:00","TMA_ZAGREB",0,"PBN"
"04:00:00","TMA_ZAGREB",0,"PBN"
"04:40:00","TMA_ZAGREB",1,"PBN"
"04:50:00","TMA_ZAGREB",2,"PBN"
"05:00:00","TMA_ZAGREB",5,"PBN"
"05:50:00","TMA_ZAGREB",12,"PBN"
"06:30:00","TMA_ZAGREB",8,"PBN"
"06:40:00","TMA_ZAGREB",6,"PBN"
"07:30:00","TMA_ZAGREB",6,"PBN"
"08:10:00","TMA_ZAGREB",7,"PBN"
"08:20:00","TMA_ZAGREB",8,"PBN"
"09:00:00","TMA_ZAGREB",12,"PBN"
"09:10:00","TMA_ZAGREB",13,"PBN"
"09:50:00","TMA_ZAGREB",9,"PBN"
"10:00:00","TMA_ZAGREB",5,"PBN"
"10:40:00","TMA_ZAGREB",6,"PBN"
"10:50:00","TMA_ZAGREB",11,"PBN"
"11:30:00","TMA_ZAGREB",12,"PBN"
"11:40:00","TMA_ZAGREB",11,"PBN"
"12:20:00","TMA_ZAGREB",8,"PBN"
"12:30:00","TMA_ZAGREB",10,"PBN"
"13:20:00","TMA_ZAGREB",9,"PBN"
"14:00:00","TMA_ZAGREB",11,"PBN"
"14:40:00","TMA_ZAGREB",13,"PBN"
"14:50:00","TMA_ZAGREB",12,"PBN"
"15:30:00","TMA_ZAGREB",11,"PBN"
"15:40:00","TMA_ZAGREB",11,"PBN"
"16:20:00","TMA_ZAGREB",4,"PBN"
"17:10:00","TMA_ZAGREB",4,"PBN"
"18:00:00","TMA_ZAGREB",3,"PBN"
"18:50:00","TMA_ZAGREB",2,"PBN"
"19:30:00","TMA_ZAGREB",8,"PBN"
"19:40:00","TMA_ZAGREB",10,"PBN"
"20:20:00","TMA_ZAGREB",13,"PBN"
"21:10:00","TMA_ZAGREB",11,"PBN"
"22:00:00","TMA_ZAGREB",1,"PBN"
"22:50:00","TMA_ZAGREB",0,"PBN"
"23:30:00","TMA_ZAGREB",1,"PBN"
"00:00:00","All Sectors",0,"Current"
"00:10:00","All Sectors",1,"Current"
"00:20:00","All Sectors",2,"Current"
"00:30:00","All Sectors",2,"Current"
"00:40:00","All Sectors",2,"Current"
"00:50:00","All Sectors",2,"Current"
"01:00:00","All Sectors",2,"Current"
"01:10:00","All Sectors",1,"Current"
"01:20:00","All Sectors",0,"Current"
"01:30:00","All Sectors",0,"Current"
"01:40:00","All Sectors",0,"Current"
"01:50:00","All Sectors",0,"Current"
"02:00:00","All Sectors",0,"Current"
"02:10:00","All Sectors",0,"Current"
"02:20:00","All Sectors",0,"Current"
"02:30:00","All Sectors",0,"Current"
"02:40:00","All Sectors",0,"Current"
"02:50:00","All Sectors",0,"Current"
"03:00:00","All Sectors",0,"Current"
"03:10:00","All Sectors",0,"Current"
"03:20:00","All Sectors",0,"Current"
"03:30:00","All Sectors",0,"Current"
"03:40:00","All Sectors",0,"Current"
"03:50:00","All Sectors",0,"Current"
"04:00:00","All Sectors",0,"Current"
"04:10:00","All Sectors",3,"Current"
"04:20:00","All Sectors",7,"Current"
"04:30:00","All Sectors",8,"Current"
"04:40:00","All Sectors",9,"Current"
"04:50:00","All Sectors",10,"Current"
"05:00:00","All Sectors",16,"Current"
"05:10:00","All Sectors",18,"Current"
"05:20:00","All Sectors",18,"Current"
"05:30:00","All Sectors",19,"Current"
"05:40:00","All Sectors",23,"Current"
"05:50:00","All Sectors",28,"Current"
"06:00:00","All Sectors",22,"Current"
"06:10:00","All Sectors",22,"Current"
"06:20:00","All Sectors",21,"Current"
"06:30:00","All Sectors",23,"Current"
"06:40:00","All Sectors",25,"Current"
"06:50:00","All Sectors",25,"Current"
"07:00:00","All Sectors",29,"Current"
"07:10:00","All Sectors",33,"Current"
"07:20:00","All Sectors",41,"Current"
"07:30:00","All Sectors",47,"Current"
"07:40:00","All Sectors",57,"Current"
"07:50:00","All Sectors",56,"Current"
"08:00:00","All Sectors",60,"Current"
"08:10:00","All Sectors",56,"Current"
"08:20:00","All Sectors",50,"Current"
"08:30:00","All Sectors",50,"Current"
"08:40:00","All Sectors",43,"Current"
"08:50:00","All Sectors",48,"Current"
"09:00:00","All Sectors",58,"Current"
"09:10:00","All Sectors",66,"Current"
"09:20:00","All Sectors",70,"Current"
"09:30:00","All Sectors",72,"Current"
"09:40:00","All Sectors",69,"Current"
"09:50:00","All Sectors",65,"Current"
"10:00:00","All Sectors",60,"Current"
"10:10:00","All Sectors",63,"Current"
"10:20:00","All Sectors",59,"Current"
"10:30:00","All Sectors",54,"Current"
"10:40:00","All Sectors",52,"Current"
"10:50:00","All Sectors",55,"Current"
"11:00:00","All Sectors",55,"Current"
"11:10:00","All Sectors",51,"Current"
"11:20:00","All Sectors",51,"Current"
"11:30:00","All Sectors",56,"Current"
"11:40:00","All Sectors",66,"Current"
"11:50:00","All Sectors",68,"Current"
"12:00:00","All Sectors",61,"Current"
"12:10:00","All Sectors",52,"Current"
"12:20:00","All Sectors",48,"Current"
"12:30:00","All Sectors",41,"Current"
"12:40:00","All Sectors",27,"Current"
"12:50:00","All Sectors",26,"Current"
"13:00:00","All Sectors",25,"Current"
"13:10:00","All Sectors",26,"Current"
"13:20:00","All Sectors",28,"Current"
"13:30:00","All Sectors",30,"Current"
"13:40:00","All Sectors",32,"Current"
"13:50:00","All Sectors",28,"Current"
"14:00:00","All Sectors",28,"Current"
"14:10:00","All Sectors",30,"Current"
"14:20:00","All Sectors",30,"Current"
"14:30:00","All Sectors",33,"Current"
"14:40:00","All Sectors",33,"Current"
"14:50:00","All Sectors",33,"Current"
"15:00:00","All Sectors",33,"Current"
"15:10:00","All Sectors",30,"Current"
"15:20:00","All Sectors",31,"Current"
"15:30:00","All Sectors",27,"Current"
"15:40:00","All Sectors",22,"Current"
"15:50:00","All Sectors",18,"Current"
"16:00:00","All Sectors",13,"Current"
"16:10:00","All Sectors",12,"Current"
"16:20:00","All Sectors",11,"Current"
"16:30:00","All Sectors",12,"Current"
"16:40:00","All Sectors",15,"Current"
"16:50:00","All Sectors",23,"Current"
"17:00:00","All Sectors",30,"Current"
"17:10:00","All Sectors",35,"Current"
"17:20:00","All Sectors",34,"Current"
"17:30:00","All Sectors",31,"Current"
"17:40:00","All Sectors",30,"Current"
"17:50:00","All Sectors",32,"Current"
"18:00:00","All Sectors",30,"Current"
"18:10:00","All Sectors",22,"Current"
"18:20:00","All Sectors",22,"Current"
"18:30:00","All Sectors",29,"Current"
"18:40:00","All Sectors",31,"Current"
"18:50:00","All Sectors",26,"Current"
"19:00:00","All Sectors",26,"Current"
"19:10:00","All Sectors",34,"Current"
"19:20:00","All Sectors",35,"Current"
"19:30:00","All Sectors",31,"Current"
"19:40:00","All Sectors",28,"Current"
"19:50:00","All Sectors",24,"Current"
"20:00:00","All Sectors",23,"Current"
"20:10:00","All Sectors",24,"Current"
"20:20:00","All Sectors",25,"Current"
"20:30:00","All Sectors",24,"Current"
"20:40:00","All Sectors",25,"Current"
"20:50:00","All Sectors",26,"Current"
"21:00:00","All Sectors",21,"Current"
"21:10:00","All Sectors",14,"Current"
"21:20:00","All Sectors",10,"Current"
"21:30:00","All Sectors",7,"Current"
"21:40:00","All Sectors",5,"Current"
"21:50:00","All Sectors",6,"Current"
"22:00:00","All Sectors",4,"Current"
"22:10:00","All Sectors",4,"Current"
"22:20:00","All Sectors",3,"Current"
"22:30:00","All Sectors",3,"Current"
"22:40:00","All Sectors",2,"Current"
"22:50:00","All Sectors",1,"Current"
"23:00:00","All Sectors",1,"Current"
"23:10:00","All Sectors",1,"Current"
"23:20:00","All Sectors",1,"Current"
"23:30:00","All Sectors",1,"Current"
"23:40:00","All Sectors",1,"Current"
"23:50:00","All Sectors",1,"Current"
"00:00:00","All Sectors",0,"PBN"
"00:10:00","All Sectors",1,"PBN"
"00:20:00","All Sectors",2,"PBN"
"00:30:00","All Sectors",2,"PBN"
"00:40:00","All Sectors",2,"PBN"
"00:50:00","All Sectors",2,"PBN"
"01:00:00","All Sectors",2,"PBN"
"01:10:00","All Sectors",1,"PBN"
"01:20:00","All Sectors",0,"PBN"
"01:30:00","All Sectors",0,"PBN"
"01:40:00","All Sectors",0,"PBN"
"01:50:00","All Sectors",0,"PBN"
"02:00:00","All Sectors",0,"PBN"
"02:10:00","All Sectors",0,"PBN"
"02:20:00","All Sectors",0,"PBN"
"02:30:00","All Sectors",0,"PBN"
"02:40:00","All Sectors",0,"PBN"
"02:50:00","All Sectors",0,"PBN"
"03:00:00","All Sectors",0,"PBN"
"03:10:00","All Sectors",0,"PBN"
"03:20:00","All Sectors",0,"PBN"
"03:30:00","All Sectors",0,"PBN"
"03:40:00","All Sectors",0,"PBN"
"03:50:00","All Sectors",0,"PBN"
"04:00:00","All Sectors",0,"PBN"
"04:10:00","All Sectors",3,"PBN"
"04:20:00","All Sectors",8,"PBN"
"04:30:00","All Sectors",9,"PBN"
"04:40:00","All Sectors",9,"PBN"
"04:50:00","All Sectors",10,"PBN"
"05:00:00","All Sectors",14,"PBN"
"05:10:00","All Sectors",17,"PBN"
"05:20:00","All Sectors",16,"PBN"
"05:30:00","All Sectors",17,"PBN"
"05:40:00","All Sectors",20,"PBN"
"05:50:00","All Sectors",25,"PBN"
"06:00:00","All Sectors",21,"PBN"
"06:10:00","All Sectors",20,"PBN"
"06:20:00","All Sectors",19,"PBN"
"06:30:00","All Sectors",21,"PBN"
"06:40:00","All Sectors",23,"PBN"
"06:50:00","All Sectors",23,"PBN"
"07:00:00","All Sectors",27,"PBN"
"07:10:00","All Sectors",31,"PBN"
"07:20:00","All Sectors",38,"PBN"
"07:30:00","All Sectors",43,"PBN"
"07:40:00","All Sectors",52,"PBN"
"07:50:00","All Sectors",54,"PBN"
"08:00:00","All Sectors",56,"PBN"
"08:10:00","All Sectors",53,"PBN"
"08:20:00","All Sectors",50,"PBN"
"08:30:00","All Sectors",48,"PBN"
"08:40:00","All Sectors",43,"PBN"
"08:50:00","All Sectors",45,"PBN"
"09:00:00","All Sectors",57,"PBN"
"09:10:00","All Sectors",65,"PBN"
"09:20:00","All Sectors",67,"PBN"
"09:30:00","All Sectors",67,"PBN"
"09:40:00","All Sectors",64,"PBN"
"09:50:00","All Sectors",61,"PBN"
"10:00:00","All Sectors",58,"PBN"
"10:10:00","All Sectors",59,"PBN"
"10:20:00","All Sectors",56,"PBN"
"10:30:00","All Sectors",51,"PBN"
"10:40:00","All Sectors",49,"PBN"
"10:50:00","All Sectors",52,"PBN"
"11:00:00","All Sectors",52,"PBN"
"11:10:00","All Sectors",52,"PBN"
"11:20:00","All Sectors",51,"PBN"
"11:30:00","All Sectors",55,"PBN"
"11:40:00","All Sectors",66,"PBN"
"11:50:00","All Sectors",66,"PBN"
"12:00:00","All Sectors",56,"PBN"
"12:10:00","All Sectors",44,"PBN"
"12:20:00","All Sectors",44,"PBN"
"12:30:00","All Sectors",39,"PBN"
"12:40:00","All Sectors",25,"PBN"
"12:50:00","All Sectors",24,"PBN"
"13:00:00","All Sectors",24,"PBN"
"13:10:00","All Sectors",24,"PBN"
"13:20:00","All Sectors",27,"PBN"
"13:30:00","All Sectors",26,"PBN"
"13:40:00","All Sectors",29,"PBN"
"13:50:00","All Sectors",26,"PBN"
"14:00:00","All Sectors",28,"PBN"
"14:10:00","All Sectors",29,"PBN"
"14:20:00","All Sectors",30,"PBN"
"14:30:00","All Sectors",36,"PBN"
"14:40:00","All Sectors",36,"PBN"
"14:50:00","All Sectors",35,"PBN"
"15:00:00","All Sectors",35,"PBN"
"15:10:00","All Sectors",34,"PBN"
"15:20:00","All Sectors",30,"PBN"
"15:30:00","All Sectors",28,"PBN"
"15:40:00","All Sectors",23,"PBN"
"15:50:00","All Sectors",19,"PBN"
"16:00:00","All Sectors",15,"PBN"
"16:10:00","All Sectors",14,"PBN"
"16:20:00","All Sectors",12,"PBN"
"16:30:00","All Sectors",12,"PBN"
"16:40:00","All Sectors",12,"PBN"
"16:50:00","All Sectors",20,"PBN"
"17:00:00","All Sectors",25,"PBN"
"17:10:00","All Sectors",32,"PBN"
"17:20:00","All Sectors",31,"PBN"
"17:30:00","All Sectors",29,"PBN"
"17:40:00","All Sectors",29,"PBN"
"17:50:00","All Sectors",31,"PBN"
"18:00:00","All Sectors",29,"PBN"
"18:10:00","All Sectors",20,"PBN"
"18:20:00","All Sectors",19,"PBN"
"18:30:00","All Sectors",26,"PBN"
"18:40:00","All Sectors",29,"PBN"
"18:50:00","All Sectors",21,"PBN"
"19:00:00","All Sectors",24,"PBN"
"19:10:00","All Sectors",31,"PBN"
"19:20:00","All Sectors",34,"PBN"
"19:30:00","All Sectors",32,"PBN"
"19:40:00","All Sectors",31,"PBN"
"19:50:00","All Sectors",29,"PBN"
"20:00:00","All Sectors",27,"PBN"
"20:10:00","All Sectors",23,"PBN"
"20:20:00","All Sectors",23,"PBN"
"20:30:00","All Sectors",20,"PBN"
"20:40:00","All Sectors",21,"PBN"
"20:50:00","All Sectors",21,"PBN"
"21:00:00","All Sectors",19,"PBN"
"21:10:00","All Sectors",15,"PBN"
"21:20:00","All Sectors",11,"PBN"
"21:30:00","All Sectors",8,"PBN"
"21:40:00","All Sectors",5,"PBN"
"21:50:00","All Sectors",5,"PBN"
"22:00:00","All Sectors",5,"PBN"
"22:10:00","All Sectors",5,"PBN"
"22:20:00","All Sectors",4,"PBN"
"22:30:00","All Sectors",3,"PBN"
"22:40:00","All Sectors",2,"PBN"
"22:50:00","All Sectors",2,"PBN"
"23:00:00","All Sectors",1,"PBN"
"23:10:00","All Sectors",1,"PBN"
"23:20:00","All Sectors",1,"PBN"
"23:30:00","All Sectors",1,"PBN"
"23:40:00","All Sectors",1,"PBN"
"23:50:00","All Sectors",1,"PBN"
"00:00:00","All TMA",0,"Current"
"00:10:00","All TMA",1,"Current"
"00:20:00","All TMA",2,"Current"
"00:30:00","All TMA",2,"Current"
"00:40:00","All TMA",2,"Current"
"00:50:00","All TMA",2,"Current"
"01:00:00","All TMA",2,"Current"
"01:10:00","All TMA",1,"Current"
"01:20:00","All TMA",0,"Current"
"01:30:00","All TMA",0,"Current"
"01:40:00","All TMA",0,"Current"
"01:50:00","All TMA",0,"Current"
"02:00:00","All TMA",0,"Current"
"02:10:00","All TMA",0,"Current"
"02:20:00","All TMA",0,"Current"
"02:30:00","All TMA",0,"Current"
"02:40:00","All TMA",0,"Current"
"02:50:00","All TMA",0,"Current"
"03:00:00","All TMA",0,"Current"
"03:10:00","All TMA",0,"Current"
"03:20:00","All TMA",0,"Current"
"03:30:00","All TMA",0,"Current"
"03:40:00","All TMA",0,"Current"
"03:50:00","All TMA",0,"Current"
"04:00:00","All TMA",0,"Current"
"04:10:00","All TMA",3,"Current"
"04:20:00","All TMA",7,"Current"
"04:30:00","All TMA",8,"Current"
"04:40:00","All TMA",9,"Current"
"04:50:00","All TMA",10,"Current"
"05:00:00","All TMA",16,"Current"
"05:10:00","All TMA",18,"Current"
"05:20:00","All TMA",18,"Current"
"05:30:00","All TMA",19,"Current"
"05:40:00","All TMA",23,"Current"
"05:50:00","All TMA",28,"Current"
"06:00:00","All TMA",22,"Current"
"06:10:00","All TMA",22,"Current"
"06:20:00","All TMA",21,"Current"
"06:30:00","All TMA",23,"Current"
"06:40:00","All TMA",25,"Current"
"06:50:00","All TMA",25,"Current"
"07:00:00","All TMA",29,"Current"
"07:10:00","All TMA",33,"Current"
"07:20:00","All TMA",41,"Current"
"07:30:00","All TMA",47,"Current"
"07:40:00","All TMA",57,"Current"
"07:50:00","All TMA",56,"Current"
"08:00:00","All TMA",60,"Current"
"08:10:00","All TMA",56,"Current"
"08:20:00","All TMA",50,"Current"
"08:30:00","All TMA",50,"Current"
"08:40:00","All TMA",43,"Current"
"08:50:00","All TMA",48,"Current"
"09:00:00","All TMA",58,"Current"
"09:10:00","All TMA",66,"Current"
"09:20:00","All TMA",70,"Current"
"09:30:00","All TMA",72,"Current"
"09:40:00","All TMA",69,"Current"
"09:50:00","All TMA",65,"Current"
"10:00:00","All TMA",60,"Current"
"10:10:00","All TMA",63,"Current"
"10:20:00","All TMA",59,"Current"
"10:30:00","All TMA",54,"Current"
"10:40:00","All TMA",52,"Current"
"10:50:00","All TMA",55,"Current"
"11:00:00","All TMA",55,"Current"
"11:10:00","All TMA",51,"Current"
"11:20:00","All TMA",51,"Current"
"11:30:00","All TMA",56,"Current"
"11:40:00","All TMA",66,"Current"
"11:50:00","All TMA",68,"Current"
"12:00:00","All TMA",61,"Current"
"12:10:00","All TMA",52,"Current"
"12:20:00","All TMA",48,"Current"
"12:30:00","All TMA",41,"Current"
"12:40:00","All TMA",27,"Current"
"12:50:00","All TMA",26,"Current"
"13:00:00","All TMA",25,"Current"
"13:10:00","All TMA",26,"Current"
"13:20:00","All TMA",28,"Current"
"13:30:00","All TMA",30,"Current"
"13:40:00","All TMA",32,"Current"
"13:50:00","All TMA",28,"Current"
"14:00:00","All TMA",28,"Current"
"14:10:00","All TMA",30,"Current"
"14:20:00","All TMA",30,"Current"
"14:30:00","All TMA",33,"Current"
"14:40:00","All TMA",33,"Current"
"14:50:00","All TMA",33,"Current"
"15:00:00","All TMA",33,"Current"
"15:10:00","All TMA",30,"Current"
"15:20:00","All TMA",31,"Current"
"15:30:00","All TMA",27,"Current"
"15:40:00","All TMA",22,"Current"
"15:50:00","All TMA",18,"Current"
"16:00:00","All TMA",13,"Current"
"16:10:00","All TMA",12,"Current"
"16:20:00","All TMA",11,"Current"
"16:30:00","All TMA",12,"Current"
"16:40:00","All TMA",15,"Current"
"16:50:00","All TMA",23,"Current"
"17:00:00","All TMA",30,"Current"
"17:10:00","All TMA",35,"Current"
"17:20:00","All TMA",34,"Current"
"17:30:00","All TMA",31,"Current"
"17:40:00","All TMA",30,"Current"
"17:50:00","All TMA",32,"Current"
"18:00:00","All TMA",30,"Current"
"18:10:00","All TMA",22,"Current"
"18:20:00","All TMA",22,"Current"
"18:30:00","All TMA",29,"Current"
"18:40:00","All TMA",31,"Current"
"18:50:00","All TMA",26,"Current"
"19:00:00","All TMA",26,"Current"
"19:10:00","All TMA",34,"Current"
"19:20:00","All TMA",35,"Current"
"19:30:00","All TMA",31,"Current"
"19:40:00","All TMA",28,"Current"
"19:50:00","All TMA",24,"Current"
"20:00:00","All TMA",23,"Current"
"20:10:00","All TMA",24,"Current"
"20:20:00","All TMA",25,"Current"
"20:30:00","All TMA",24,"Current"
"20:40:00","All TMA",25,"Current"
"20:50:00","All TMA",26,"Current"
"21:00:00","All TMA",21,"Current"
"21:10:00","All TMA",14,"Current"
"21:20:00","All TMA",10,"Current"
"21:30:00","All TMA",7,"Current"
"21:40:00","All TMA",5,"Current"
"21:50:00","All TMA",6,"Current"
"22:00:00","All TMA",4,"Current"
"22:10:00","All TMA",4,"Current"
"22:20:00","All TMA",3,"Current"
"22:30:00","All TMA",3,"Current"
"22:40:00","All TMA",2,"Current"
"22:50:00","All TMA",1,"Current"
"23:00:00","All TMA",1,"Current"
"23:10:00","All TMA",1,"Current"
"23:20:00","All TMA",1,"Current"
"23:30:00","All TMA",1,"Current"
"23:40:00","All TMA",1,"Current"
"23:50:00","All TMA",1,"Current"
"00:00:00","All TMA",0,"PBN"
"00:10:00","All TMA",1,"PBN"
"00:20:00","All TMA",2,"PBN"
"00:30:00","All TMA",2,"PBN"
"00:40:00","All TMA",2,"PBN"
"00:50:00","All TMA",2,"PBN"
"01:00:00","All TMA",2,"PBN"
"01:10:00","All TMA",1,"PBN"
"01:20:00","All TMA",0,"PBN"
"01:30:00","All TMA",0,"PBN"
"01:40:00","All TMA",0,"PBN"
"01:50:00","All TMA",0,"PBN"
"02:00:00","All TMA",0,"PBN"
"02:10:00","All TMA",0,"PBN"
"02:20:00","All TMA",0,"PBN"
"02:30:00","All TMA",0,"PBN"
"02:40:00","All TMA",0,"PBN"
"02:50:00","All TMA",0,"PBN"
"03:00:00","All TMA",0,"PBN"
"03:10:00","All TMA",0,"PBN"
"03:20:00","All TMA",0,"PBN"
"03:30:00","All TMA",0,"PBN"
"03:40:00","All TMA",0,"PBN"
"03:50:00","All TMA",0,"PBN"
"04:00:00","All TMA",0,"PBN"
"04:10:00","All TMA",3,"PBN"
"04:20:00","All TMA",8,"PBN"
"04:30:00","All TMA",9,"PBN"
"04:40:00","All TMA",9,"PBN"
"04:50:00","All TMA",10,"PBN"
"05:00:00","All TMA",14,"PBN"
"05:10:00","All TMA",17,"PBN"
"05:20:00","All TMA",16,"PBN"
"05:30:00","All TMA",17,"PBN"
"05:40:00","All TMA",20,"PBN"
"05:50:00","All TMA",25,"PBN"
"06:00:00","All TMA",21,"PBN"
"06:10:00","All TMA",20,"PBN"
"06:20:00","All TMA",19,"PBN"
"06:30:00","All TMA",21,"PBN"
"06:40:00","All TMA",23,"PBN"
"06:50:00","All TMA",23,"PBN"
"07:00:00","All TMA",27,"PBN"
"07:10:00","All TMA",31,"PBN"
"07:20:00","All TMA",38,"PBN"
"07:30:00","All TMA",43,"PBN"
"07:40:00","All TMA",52,"PBN"
"07:50:00","All TMA",54,"PBN"
"08:00:00","All TMA",56,"PBN"
"08:10:00","All TMA",53,"PBN"
"08:20:00","All TMA",50,"PBN"
"08:30:00","All TMA",48,"PBN"
"08:40:00","All TMA",43,"PBN"
"08:50:00","All TMA",45,"PBN"
"09:00:00","All TMA",57,"PBN"
"09:10:00","All TMA",65,"PBN"
"09:20:00","All TMA",67,"PBN"
"09:30:00","All TMA",67,"PBN"
"09:40:00","All TMA",64,"PBN"
"09:50:00","All TMA",61,"PBN"
"10:00:00","All TMA",58,"PBN"
"10:10:00","All TMA",59,"PBN"
"10:20:00","All TMA",56,"PBN"
"10:30:00","All TMA",51,"PBN"
"10:40:00","All TMA",49,"PBN"
"10:50:00","All TMA",52,"PBN"
"11:00:00","All TMA",52,"PBN"
"11:10:00","All TMA",52,"PBN"
"11:20:00","All TMA",51,"PBN"
"11:30:00","All TMA",55,"PBN"
"11:40:00","All TMA",66,"PBN"
"11:50:00","All TMA",66,"PBN"
"12:00:00","All TMA",56,"PBN"
"12:10:00","All TMA",44,"PBN"
"12:20:00","All TMA",44,"PBN"
"12:30:00","All TMA",39,"PBN"
"12:40:00","All TMA",25,"PBN"
"12:50:00","All TMA",24,"PBN"
"13:00:00","All TMA",24,"PBN"
"13:10:00","All TMA",24,"PBN"
"13:20:00","All TMA",27,"PBN"
"13:30:00","All TMA",26,"PBN"
"13:40:00","All TMA",29,"PBN"
"13:50:00","All TMA",26,"PBN"
"14:00:00","All TMA",28,"PBN"
"14:10:00","All TMA",29,"PBN"
"14:20:00","All TMA",30,"PBN"
"14:30:00","All TMA",36,"PBN"
"14:40:00","All TMA",36,"PBN"
"14:50:00","All TMA",35,"PBN"
"15:00:00","All TMA",35,"PBN"
"15:10:00","All TMA",34,"PBN"
"15:20:00","All TMA",30,"PBN"
"15:30:00","All TMA",28,"PBN"
"15:40:00","All TMA",23,"PBN"
"15:50:00","All TMA",19,"PBN"
"16:00:00","All TMA",15,"PBN"
"16:10:00","All TMA",14,"PBN"
"16:20:00","All TMA",12,"PBN"
"16:30:00","All TMA",12,"PBN"
"16:40:00","All TMA",12,"PBN"
"16:50:00","All TMA",20,"PBN"
"17:00:00","All TMA",25,"PBN"
"17:10:00","All TMA",32,"PBN"
"17:20:00","All TMA",31,"PBN"
"17:30:00","All TMA",29,"PBN"
"17:40:00","All TMA",29,"PBN"
"17:50:00","All TMA",31,"PBN"
"18:00:00","All TMA",29,"PBN"
"18:10:00","All TMA",20,"PBN"
"18:20:00","All TMA",19,"PBN"
"18:30:00","All TMA",26,"PBN"
"18:40:00","All TMA",29,"PBN"
"18:50:00","All TMA",21,"PBN"
"19:00:00","All TMA",24,"PBN"
"19:10:00","All TMA",31,"PBN"
"19:20:00","All TMA",34,"PBN"
"19:30:00","All TMA",32,"PBN"
"19:40:00","All TMA",31,"PBN"
"19:50:00","All TMA",29,"PBN"
"20:00:00","All TMA",27,"PBN"
"20:10:00","All TMA",23,"PBN"
"20:20:00","All TMA",23,"PBN"
"20:30:00","All TMA",20,"PBN"
"20:40:00","All TMA",21,"PBN"
"20:50:00","All TMA",21,"PBN"
"21:00:00","All TMA",19,"PBN"
"21:10:00","All TMA",15,"PBN"
"21:20:00","All TMA",11,"PBN"
"21:30:00","All TMA",8,"PBN"
"21:40:00","All TMA",5,"PBN"
"21:50:00","All TMA",5,"PBN"
"22:00:00","All TMA",5,"PBN"
"22:10:00","All TMA",5,"PBN"
"22:20:00","All TMA",4,"PBN"
"22:30:00","All TMA",3,"PBN"
"22:40:00","All TMA",2,"PBN"
"22:50:00","All TMA",2,"PBN"
"23:00:00","All TMA",1,"PBN"
"23:10:00","All TMA",1,"PBN"
"23:20:00","All TMA",1,"PBN"
"23:30:00","All TMA",1,"PBN"
"23:40:00","All TMA",1,"PBN"
"23:50:00","All TMA",1,"PBN"
